:1000000000800020BD0100009DBB000059BB000026
:1000100059BB000059BB000059BB000059BB000090
:1000200059BB000059BB000059BB00009DBB00003C
:100030009DBB000059BB00002DAF000031AF000098
:100040009DBB00009DBB00009DBB00009DBB000050
:100050009DBB00009DBB00009DBB00009DBB000040
:100060009DBB00009DBB00009DBB00009DBB000030
:100070009DBB00009DBB00009DBB00009DBB000020
:100080009DBB00009DBB00009DBB00009DBB000010
:100090009DBB00009DBB00009DBB00009DBB000000
:1000A0009DBB00009DBB00009DBB00009DBB0000F0
:1000B0009DBB000029AD000035AD000039AD00004A
:1000C00045AD000049AD00004DAD00009DBB0000F6
:1000D0009DBB00009DBB00009DBB00009DBB0000C0
:1000E0009DBB00009DBB00009DBB00009DBB0000B0
:1000F0009DBB000011CA00009DBB000091D3000011
:100100009DBB000001DB00009DBB00009DBB00000B
:100110009DBB00009DBB00009DBB00009DBB00007F
:100120009DBB00009DBB00009DBB00009DBB00006F
:100130009DBB00009DBB00009DBB00009DBB00005F
:100140009DBB00009DBB00009DBB00009DBB00004F
:100150009DBB00009DBB00009DBB00009DBB00003F
:100160009DBB000021DE00009DBB00009DBB000088
:100170009DBB00009DBB00009DBB00009DBB00001F
:100180009DBB00009DBB00009DBB00009DBB00000F
:100190009DBB00009DBB00009DBB00009DBB0000FF
:1001A0009DBB00009DBB00009DBB00009DBB0000EF
:1001B0009DBB00009DBB00009DBB0000534B4CF25B
:1001C000205210B5DA814DF62812DA8100BF00BF47
:1001D0000BF0E8FC4E4B4FF010621A634D4A9A63E5
:1001E0004D4ADA634D4A136913F4807303D15361A6
:1001F0004FF4A85313614A4B9A78110703D59A78A4
:1002000042F008029A70474B47492A221A70474B1E
:10021000474A8B4204D252F8040B43F8040BF8E728
:10022000444B454900228B4202D243F8042BFAE7A3
:10023000424943484FF4DE720BF0BAFB414B424A4D
:10024000802103F8011B9342FBD14FF0E0233C4A8D
:10025000C3F8082D3D4B8A221A70A3F5805324223F
:100260005A70A0221A709A799207FCD59A79D4060E
:10027000FCD4374B9A7902F00C02082AFAD10322F7
:100280001A7140225A719A799006FCD5304A9379B6
:100290005906FCD51E4B2F4959640221996420212F
:1002A0001170917901F00C010C29FAD12A4A5A6097
:1002B0004FF0E023294A5A6100229A6107221A610D
:1002C000274AC3F8202D62B60BF022FD134B5B6961
:1002D000DA0705D523480BF00FFD234B234ADA61DB
:1002E000234B1B785B0609D51F4C204BE2699A42D1
:1002F00004D11C480BF000FD0023E3610BF058FC17
:1003000011F064F90BF04CFBFEE700BF0020054044
:1003100000800440823F04000100002B00D0034015
:1003200000D0074000E007407491FF1F2087FF1FA7
:10033000C09801008091FF1F20BFFF1F0000000038
:100340000082FF1F00E400E05FE400E00050064090
:100350000040064000000301C0100500FF760100C8
:1003600000002020AE80B26A00E00340A5C3945A8A
:1003700000F00740FFFFFFFFFFFFFFFFFFFFFFFF52
:10038000FFFFFFFFFFFFFFFFFFFFFFFFFFFFFFFF7D
:10039000FFFFFFFFFFFFFFFFFFFFFFFFFFFFFFFF6D
:1003A000FFFFFFFFFFFFFFFFFFFFFFFFFFFFFFFF5D
:1003B000FFFFFFFFFFFFFFFFFFFFFFFFFFFFFFFF4D
:1003C000FFFFFFFFFFFFFFFFFFFFFFFFFFFFFFFF3D
:1003D000FFFFFFFFFFFFFFFFFFFFFFFFFFFFFFFF2D
:1003E000FFFFFFFFFFFFFFFFFFFFFFFFFFFFFFFF1D
:1003F000FFFFFFFFFFFFFFFFFFFFFFFFFFFFFFFF0D
:10040000FFFFFFFFFFFFFFFFFFFFFFFFDEF9FFFF23
:100410000548064B1B1AD90F01EBA301491002D066
:10042000034B03B1184770477491FF1F7491FF1F6E
:100430000000000008B5054B1BB105490548AFF3A6
:100440000080BDE80840FFF7E3BF00BF00000000E8
:100450008091FF1FB89801002DE9F04F85B0074645
:100460000E9E0393002EB4BFF31D3346DB10013301
:100470005B000293431C00934B1E8B4691460193F5
:100480004FF003083D7845EA090420460DF060FA74
:10049000DDE900010DF066FA3C70B9F1000F6CD196
:1004A00002F02AF9002840D102983D700BF098FE26
:1004B00002F022F9002833D1039C002501E0013528
:1004C00001340DF087FA98B1AE4211DD0DF096FAC5
:1004D000207002F011F90028F1D021784348002360
:1004E00010220AF08DFF012141480EF0B5F9E6E730
:1004F000AE4209D002F000F900284FD1B8F101084E
:10050000C0D109E00DF07AFA0DF064FA0028F9D1B3
:1005100002F0F2F8002845D1284605B0BDE8F08F7A
:10052000072134480EF098F9C6E7092132480EF049
:1005300093F92146002310222C480AF061FF2C4831
:1005400001210EF089F9BBF1010F32DD009C07EBB0
:100550000B0A14F8011B2548002310220AF050FF53
:10056000234801210EF078F95445F2D1B9F1000F7A
:1005700029D11E480AF02CFF96E7BBF1000F32D0BC
:100580001E493A4607EB0B0A002012F8013B434094
:100590009245C85CF9D10DF0DBF981E713480AF008
:1005A00017FFABE711480AF013FF284605B0BDE876
:1005B000F08FB9F1000FDCD0BBF1010F18BF0021A3
:1005C0000BD107F1010A0D493846002310F8012B21
:1005D00053405045CB5CF9D1194600231022034803
:1005E0000AF00EFFC5E75846D5E700BF3888FF1F61
:1005F000147E0100847A0100787A0100FC900100E9
:1006000010B518220446002110F024FF0E4BA36100
:10061000E36123626362A362E3620021182204F1B2
:10062000300010F017FF00210023084A084884F822
:100630008410E065A364E36423656365A2652266B4
:100640006366204610BD00BF0000A0400000484384
:100650000000C8C20023036043608360C36003617D
:10066000436183640365436583657047F0B590F823
:10067000843087B00446002504265B0001278DF8EE
:100680000C302A4604AB0096032103A88DF80D50C8
:100690008DF80E70FFF7E0FE94F884308DF80E6050
:1006A000BB408DF80C300723009320238DF80D30CC
:1006B0002A4604AB032103A8FFF7CEFE00962A4684
:1006C00094F884508DF80E70BD408DF80C509DF854
:1006D000135025679DF8145065679DF81550A56760
:1006E0009DF81650E56704AB032103A833248DF869
:1006F0000D40FFF7B1FE07B0F0BD00BF90F87400E9
:10070000704700BF90F87000704700BF90F8780005
:10071000704700BF90F87C00704700BF00B590F8AC
:10072000841087B00423490000204FF0320C00935E
:10073000012204AB8DF80C108DF80E00032103A8E4
:100740008DF80DC0FFF788FE02200BF049FD07B0C1
:1007500000BD00BF2DE9F043044693B094F8843007
:1007600002205B008DF810300BF03AFD94F88430D5
:1007700020465B008DF81030FFF778FFE16FA26F25
:10078000636F01910092AD48226F94F8841002F0DB
:10079000E5F8032530233D228DF812208DF8113025
:1007A000012205AB2946009504A8FFF755FE312329
:1007B0008DF81130012205AB2946009504A80126C9
:1007C0008DF81250FFF748FE342332468DF8113071
:1007D000294605AB009504A88DF81260FFF73CFE92
:1007E00012238DF8123016230093294605AB04A876
:1007F00000228DF81160FFF72FFE01289DF82930A7
:10080000064640F3118105AD0DF1130CDFF830E21F
:1008100084442946002211F8010B42408C451EF801
:100820000220F8D11946874802931746039202F036
:1008300095F8162E029B02D1039A9A420AD094F898
:10084000841081480097324602F0AEF8002013B0C1
:10085000BDE8F0839DF8143094F88420B3EB420F88
:10086000F4D19DF81530012BF0D19DF81630122BE4
:10087000ECD19DF818309DF8170003EB00200FF025
:100880006BFD72490FF0BCFD616EE06406460FF02F
:1008900073FF00B16666216E30460FF04FFF00B166
:1008A0002666261FB146AB79687903EB00200FF06E
:1008B00053FD67490FF0A4FD46F8040FB1690746E0
:1008C0000FF03CFF28B1A16E38460FF04BFF00B18E
:1008D000B761316B38460FF04FFF00B1376304F159
:1008E0001403B34205F10205DDD100204D4655F851
:1008F000041F0FF07DFC04F11403AB42A946F5D1AF
:100900009DF826209DF82530A0644FF4807613FBD7
:100910000623981C0FF020FD4E490FF025FE0146DE
:100920004D480FF021FE4D490FF060FC4C490FF08F
:1009300067FD07460EF0D4F9054638460EF0D0F9AB
:1009400048490EF0F7F94849074628460FF058FD88
:1009500046490FF04DFC4649054638460FF050FD1C
:10096000014628460FF044FC01464FF07E500FF040
:10097000FBFD40490FF03AFC9DF8283005469DF8F4
:100980002700256510FB063009300FF0E5FC3A49D9
:100990000FF0EAFD014630480FF0E6FD2F490FF059
:1009A00025FC2F490FF02CFD07460EF099F906465D
:1009B00038460EF095F92B490EF0BCF92A49074646
:1009C00030460FF01DFD29490FF012FC284906465C
:1009D00038460FF015FD014630460FF009FC014680
:1009E0004FF07E500FF0C0FD22490FF0FFFBA26DCB
:1009F000D4F88030606506461746002B3ED101468C
:100A000028460FF09BFE024600284BD02B46394665
:100A10001846039202930FF091FE039A08B1029BCD
:100A2000A365A2B3354632E0194606480293002278
:100A300001F094FF0027029B01E700BF8C7A0100C0
:100A4000FC900100C07A01000C7B01006B57053B54
:100A50002003C839001601470AD7E33FE17A644012
:100A600000007A4400004040A40D8F395A80473A74
:100A700046A6DB3333938843002C014713331146DA
:100A800054F8235028460FF059FE00B1A565E06DDB
:100A900029460FF053FE00B1E565034801F05EFF03
:100AA0000120D4E63346B2E7E47A0100052994BF79
:100AB00050F82100002070472DE9F0410B4E804690
:100AC000041F00F1140754F8045F314628460FF064
:100AD00035FE30B1D8F8681028460FF04DFE00B151
:100AE0002E46A742EFD13046BDE8F08100002041FC
:100AF000F8B50026051F00F1140755F8044F3146DC
:100B000020460FF039FE00B93446BD422646F4D1E6
:100B10002046F8BD2DE9F84FD0F86880DFF850B0D6
:100B200082460026041F00F114074FF0000954F814
:100B3000045F414628460FF01FFE58B1594628462B
:100B40000FF0FCFD30B1304629460FF051FB09F1A2
:100B500001090646A742EAD1CAF8889048460FF034
:100B6000FBFB014630460FF0FFFCBDE8F88F00BFED
:100B700000007042D0F88800704700BFD0F8803085
:100B800063B900B5036D416D83B01846CDE900131C
:100B90000FF0D4FD30B1019803B000BD133350F80D
:100BA00023007047009803B000BD00BFD0F880302C
:100BB00063B900B5036D416D83B018460093019190
:100BC0000FF0BCFD30B1019803B000BD133350F8F5
:100BD00023007047009803B000BD00BF08B5D0F8EF
:100BE000803043B9416D006D0FF002FB4FF07C5136
:100BF0000FF006FC08BD133350F8230008BD00BFFA
:100C0000806C704701299ABF143150F821000020F0
:100C1000704700BF3E2998BF80F88410704700BF1E
:100C200090F86C00704700BFC0F88010704700BF9C
:100C300080F86C10704700BF8166704770B500F592
:100C40000A55064600F128041C3520468C34FFF76F
:100C5000D7FCAC42F9D106F1B405012428460021A5
:100C6000FFF7E6FF214628460134FFF7D3FF3F2C6C
:100C700005F18C05F2D10749316106F500530022D8
:100C8000726105480549B0610022F161304683F880
:100C9000A42270BD00007A44000048430000C8C28E
:100CA00038B500F50A5500F1B4041C3502E08C3467
:100CB000AC420AD02046FFF7B3FF0028F7D0204609
:100CC0008C34FFF7C7FCAC42F4D138BDF8B500F561
:100CD0000057002300F50A56C7F8A83200F1B40403
:100CE0001C3602E08C34B4420FD02046FFF798FF48
:100CF0000028F7D02046D7F8A852FFF73BFF8C34E6
:100D00000544B442C7F8A852EFD1D7F8A802F8BDFD
:100D10002DE9F04F00F5005393B08046012A4FF0C3
:100D20000000C3F8AC02069100F0E48108F1B409B8
:100D30004FF0010B0793029207E00BF1010BBBF19F
:100D40003F0F09F18C0900F0F2804846FFF768FF79
:100D50000028F2D000273C460126D8F80850394632
:100D60004846FFF7A3FE29460FF006FD06FA07F3F3
:100D70002343DBB20137002818BF1C46062FECD1F5
:100D8000029B0194012B00F0D580002CD5D04FEAB6
:100D90004B0242F00105EDB233238DF82530284691
:100DA000069BB34E03928DF824208DF826300CF06C
:100DB000CFFD02210DF125000CF0D4FD8DF824505B
:100DC000725D9DF82530059253409DF82620F35C16
:100DD0005340F05C0CF0BCFD01F08EFC002840F0AC
:100DE0005781039B8DF8243002200BF0F9F901F0B4
:100DF00083FC002840F036810AAB04931F464FF075
:100E0000000A01E00AF1010A0CF0E4FD002800F0FC
:100E1000CE80BAF11E0F15D00CF0F0FD07F8010BD3
:100E2000044601F069FC0028ECD0E1B20023102256
:100E300090480AF0E5FA01218F480DF00DFDE1E739
:100E40000CF0DCFD0CF0C6FD0028F9D101F054FCDB
:100E5000002840F0B580029B012B00F0B880039B76
:100E60008DF82430019B8DF82630284632238DF8EA
:100E700025300CF06DFD0DF1250002210CF072FD06
:100E8000059A9DF825308DF8245053409DF8262072
:100E9000F35C5340F05C0CF05BFD01F02DFC00288E
:100EA00040F0AE80039B8DF8243002200BF098F9BF
:100EB00001F022FC002840F09E80049D002700E005
:100EC00001370CF087FD00284ED01E2F15D00CF0F6
:100ED00095FD05F8010B044601F00EFC0028EFD04B
:100EE000E1B20023102263480AF08AFA0121624825
:100EF0000DF0B2FCE4E70CF081FD0CF06BFD002876
:100F0000F9D101F0F9FB002834D1029B012B37D035
:100F1000079A0199D2F8AC320BF1010B0B44BBF1EB
:100F20003F0FC2F8AC3209F18C097FF40EAF13B059
:100F3000BDE8F08F59464F480AF042FA03214F4866
:100F40000DF08AFC019C4B482146002302220AF046
:100F500057FA4B4803210DF07FFC002C7FF417AFAC
:100F600044480AF035FAE8E61E2FC6D001F0C4FB6B
:100F70000028CAD03F480AF02BFA029B012BC7D1A8
:100F8000049C251D14F8011B3A48002310220AF086
:100F900037FA3C4801210DF05FFCAC42F2D1079AD0
:100FA0000199D2F8AC320B44C2F8AC32D8E7BAF1AE
:100FB0001E0F3FF447AF01F09FFB00283FF44BAFFB
:100FC0002C480AF005FA029B012B7FF448AF049FDE
:100FD0003C1D17F8011B2748002310220AF010FAC5
:100FE000284801210DF038FCBC42F2D103212448ED
:100FF0000DF032FC33E7072123480DF02DFC5CE7B0
:10100000092122480DF028FC294600231022194806
:101010000AF0F6F9184801210DF01EFC09AD0DF19A
:10102000260715F8011F1348002310220AF0E8F9DB
:10103000114801210DF010FCBD42F2D19DF8243081
:101040009DF82520F35C0B4853409DF82620F35C67
:1010500053401022F15C00230AF0D2F905480AF04F
:10106000B7F91FE7072108480DF0F6FBC4E600BFFB
:10107000FC9101003888FF1F147E01005C7B010099
:10108000607B0100647B0100847A0100787A0100B2
:1010900009211C480DF0E0FB0023102229461A48C4
:1010A0000AF0AEF9194801210DF0D6FB09AF0DF198
:1010B000260A17F8011F1448002310220AF0A0F98D
:1010C000124801210DF0C8FB5745F2D19DF824309C
:1010D0009DF82520F35C0C4853409DF82620F35CD6
:1010E00053401022F15C00230AF08AF906480AF006
:1010F0006FF976E60448029201930AF069F9029AC0
:10110000019B13E6787A01003888FF1F147E0100E6
:101110002DE9F04F87B04FF0000B01900123ADF89F
:1011200008B08DF80A304FF00308002528460CF06F
:101130000FFC02210DF109000CF014FC8DF8085091
:1011400001F0DAFA002840F0E18002208DF8085022
:101150000BF046F801F0D0FA002840F0D28003AF3F
:101160003E46002400E001340CF034FC002800F07E
:10117000BC80042C15D00CF041FC06F8010B054690
:1011800001F0BAFA0028EED0E9B2002310229D48FF
:101190000AF036F901219C480DF05EFBE3E70CF004
:1011A0002DFC0CF017FC04460028F8D101F0A4FA3D
:1011B000002840F0E0809DF80C30802B40F0CE807D
:1011C0009DF80D30002B40F0C9809DF80E50012D88
:1011D00040F0C4808D4801F0C1FB019B03F1B406CF
:1011E00004E001353F2D06F18C0697D03046FFF71D
:1011F00017FD0028F5D165F07F02DFF8149200900A
:101200004FF46C5101208DF80A20ADF808100CF055
:101210009FFB02210DF109000CF0A4FB99F80120BD
:101220009DF809104FF001084A408DF808809DF89C
:101230000A1019F802204A4019F802000CF088FB45
:1012400001F05AFA002840F09F8003208DF808B082
:101250000AF0C6FF01F050FA08B190E001340CF03A
:10126000B9FB00287DD00A2C16D00CF0C7FB07F87C
:10127000010B804601F040FA0028EFD05FFA88F1B8
:10128000002310225F480AF0BBF801215E480DF0F0
:10129000E3FAE3E70CF0B2FB0CF09CFB0028F9D179
:1012A00001F02AFA002840F0A9809DF80C30812B2B
:1012B0007FF434AF9DF80D303B2B7FF42FAF9DF8BA
:1012C0000E308035AB427FF429AF30460121FFF765
:1012D000AFFC019B4F4803F50052D2F8A032013316
:1012E000C2F8A03201F03AFB18E7042C3FF459AFE2
:1012F00001F002FA60BBB8F101082FD09DF8085048
:1013000014E7072144480DF0A7FA28E709214348CC
:101310000DF0A2FA0023102229463A480AF070F88C
:10132000394801210DF098FA02AC0DF10A0614F8C3
:10133000011F3448002310220AF062F832480121CC
:101340000DF08AFAA642F2D12E480AF041F8FCE6E6
:101350002C480AF03DF8B8F10108CFD107B0BDE83C
:10136000F08F0A2C98D001F0C7F9002842D1022C46
:101370007FF7D4AE99E723480AF02AF81BE7072144
:1013800025480DF069FA6AE7092124480DF064FA4E
:101390004146009B1B4810220AF032F841461A4889
:1013A0000DF05AFA0DF108080DF10A0A18F8011F9C
:1013B0001448002310220AF023F8134801210DF0ED
:1013C0004BFAD045F2D19DF808309DF8092019F864
:1013D00003300C4853409DF80A2019F8033053405D
:1013E000102219F8031000230AF00AF8054809F042
:1013F000EFFF2AE7034809F0EBFFB8E7014809F0DF
:10140000E7FF52E73888FF1F147E0100687B010068
:10141000FC910100747B0100847A0100787A01005C
:101420002DE9F04300F5005985B000230122C9F8E9
:10143000A032ADF804308DF8062000F1B408022780
:1014400000214046FFF7F4FB38468DF804700CF09D
:101450007FFA02210DF105000CF084FA3D468DF86B
:10146000047001F049F9002865D114208DF804506A
:101470000AF0B6FE01F040F9002857D10DF1070639
:10148000002400E001340CF0A5FA70B3082C15D04C
:101490000CF0B4FA06F8010F054601F02DF900280A
:1014A000F0D0E9B200231022384809F0A9FF012149
:1014B00037480DF0D1F9E5E70CF0A0FA0CF08AFA04
:1014C0000028F9D101F018F900285AD19DF8083008
:1014D000BB4216D0052002370AF082FE7E2F08F1AB
:1014E0008C08ADD105B0BDE8F083082CE6D001F042
:1014F00003F9002841D1042CECDD9DF80830BB42F3
:10150000E8D19DF80930002BE4D19DF80A1001299B
:10151000E0D19DF80C30002BDCD04046FFF788FB73
:10152000D9F8A0320133C9F8A032D3E7072119480E
:101530000DF092F9A2E7092117480DF08DF900236B
:1015400010223946114809F05BFF114801210DF0C6
:1015500083F901AC0DF1060614F8011F0B480023B6
:10156000102209F04DFF0A4801210DF075F9A6423D
:10157000F2D1064809F02CFF77E7044809F028FF6C
:10158000B9E7024809F024FFA0E700BF3888FF1F31
:10159000147E0100847A0100787A01002DE9F04779
:1015A00000F50A5584B0804600F1B4041C3500F5FE
:1015B00000570026204600218C34FFF739FBAC424F
:1015C000C7F8A062F6D15C4F4FF002094FF07F0AD6
:1015D00043F67E42A5237F20ADF804208DF8063027
:1015E0000CF0B6F902210DF105000CF0BBF997F8EB
:1015F0007F309DF805208DF804A053409DF806200B
:10160000FB5C5340F85C0CF0A3F901F075F800287E
:101610005BD17E2364208DF804300AF0E1FD01F0F7
:101620006BF8002840F083800DF10706002400E0ED
:1016300001340CF0CFF958B3082C15D00CF0DEF9BA
:1016400006F8010F054601F057F80028F0D0E9B27E
:1016500000231022394809F0D3FE012138480DF04B
:10166000FBF8E5E70CF0CAF90CF0B4F90028F9D161
:1016700001F042F890B99DF808307F2B15D0B9F1F0
:10168000010F1FD14046FFF743FD04B0BDE8F087CE
:10169000082CE9D001F030F80028ECD0274809F0F8
:1016A00097FE9DF808307F2BE9D19DF809303C2B3F
:1016B000E5D19DF80A30A52BE1D19DF80B30572BD1
:1016C000DDD1DFE74FF0010982E709211D480DF068
:1016D000C3F8002310227F21184809F091FE184812
:1016E00001210DF0B9F801AC0DF1060514F8011F48
:1016F00012480023102209F083FE114801210DF049
:10170000ABF8A542F2D19DF804309DF80520FB5CB2
:101710000A4853409DF80620FB5C53401022F95CB8
:10172000002309F06DFE054809F052FE71E707211C
:1017300005480DF091F877E7FC9101003888FF1F0C
:10174000147E0100787A0100847A01002DE9F043CB
:1017500085B042F27F02FF23C04EADF804208146DF
:101760008DF806304FF003087F2545F00104204630
:101770000CF0EEF802210DF105000CF0F3F88DF8F5
:1017800004409DF80520335D53409DF80620F35C2E
:101790005340F05C0CF0DCF800F0AEFF002840F0A5
:1017A000F98102208DF804500AF01AFD00F0A4FF20
:1017B000002840F0EA8102AF002400E001340CF080
:1017C00009F9002800F05F81042C15D00CF016F9FF
:1017D00007F8010B054600F08FFF0028EED0E9B2B4
:1017E000002310229E4809F00BFE01219D480DF0B8
:1017F00033F8E3E70CF002F90CF0ECF80028F9D12B
:1018000000F07AFF002840F039827F2500238DF810
:1018100004508DF806304FF0030845F001042046CF
:101820000CF096F802210DF105000CF09BF88DF8F4
:1018300004409DF80520335D53409DF80620F35C7D
:101840005340F05C0CF084F800F056FF002840F0A4
:10185000D38102208DF804500AF0C2FC00F04CFF46
:10186000002840F08D8102AF002400E001340CF02C
:10187000B1F8002800F0F880042C15D00CF0BEF868
:1018800007F8010B054600F037FF0028EED0E9B25B
:1018900000231022724809F0B3FD012171480CF0B9
:1018A000DBFFE3E70CF0AAF80CF094F80028F9D17C
:1018B00000F022FF002840F0ED8142F27F13ADF8E6
:1018C0000430FF238DF806304FF003087F2545F0E4
:1018D000010420460CF03CF802210DF105000CF04B
:1018E00041F88DF804409DF80520335D53409DF884
:1018F0000620F35C5340F05C0CF02AF800F0FCFE8C
:10190000002840F00B8102208DF804500AF068FC9A
:1019100000F0F2FE002840F0FC8002AF002400E05E
:1019200001340CF057F8002800F08A80042C15D000
:101930000CF064F807F8010B054600F0DDFE002806
:10194000EED0E9B200231022454809F059FD0121EB
:1019500044480CF081FFE3E70CF050F80CF03AF843
:101960000028F9D100F0C8FE002840F08F817F25C3
:1019700000238DF804508DF806304FF0030845F031
:10198000010420460BF0E4FF02210DF105000BF0ED
:10199000E9FF8DF804409DF80520335D53409DF824
:1019A0000620F35C5340F05C0BF0D2FF00F0A4FE85
:1019B00000287CD102208DF804500AF011FC00F0C0
:1019C0009BFE00286ED102AF002400E001340CF031
:1019D00001F840B3042C15D00CF010F807F8010BF7
:1019E000054600F089FE0028F0D0E9B2002310225D
:1019F0001B4809F005FD01211A480CF02DFFE5E711
:101A00000BF0FCFF0BF0E6FF0028F9D100F074FEAC
:101A1000002840F0378109F50053002283F8A42202
:101A200005B0BDE8F083042CECD000F065FE002882
:101A300040F02081B8F10108EDD09DF804509EE7F8
:101A4000042C8BD000F058FE002840F00781B8F13C
:101A500001088CD09DF8045039E700BFFC910100CB
:101A60003888FF1F147E0100042C3FF41DAF00F0E6
:101A700043FE002840F0F680B8F101083FF41DAFA6
:101A80009DF80450C9E6042C3FF4B6AE00F034FED5
:101A9000002840F0EB80B8F101083FF4B6AE9DF8A5
:101AA000045062E607217D480CF0D6FE8BE7092141
:101AB0007B480CF0D1FE214600231022794809F022
:101AC0009FFC794801210CF0C7FE01AC0DF106071F
:101AD00014F8011F73480023102209F091FC72488A
:101AE00001210CF0B9FEA742F2D19DF804309DF817
:101AF0000520F35C6B4853409DF80620F35C53408F
:101B00001022F15C002309F07BFC664809F060FCC0
:101B100050E7072161480CF09FFEFEE6092160486E
:101B20000CF09AFE2146002310225E4809F068FC62
:101B30005D4801210CF090FE01AC0DF1060714F890
:101B4000011F58480023102209F05AFC5648012171
:101B50000CF082FEBC42F2D19DF804309DF80520C5
:101B6000F35C504853409DF80620F35C534010222C
:101B7000F15C002309F044FC4A4809F029FCC2E664
:101B8000072146480CF068FE6DE6072143480CF03B
:101B900063FE10E6092142480CF05EFE2146002358
:101BA0001022404809F02CFC3F4801210CF054FE63
:101BB00001AC0DF1060714F8011F3A48002310226A
:101BC00009F01EFC384801210CF046FEA742F2D174
:101BD0009DF804309DF80520F35C324853409DF891
:101BE0000620F35C53401022F15C002309F008FC4E
:101BF0002C4809F0EDFBD4E5092129480CF02CFE16
:101C0000214600231022274809F0FAFB264801212B
:101C10000CF022FE01AC0DF1060714F8011F21485B
:101C20000023102209F0ECFB1F4801210CF014FEE8
:101C3000A742F2D19DF804309DF80520F35C1948C5
:101C400053409DF80620F35C53401022F15C0023C2
:101C500009F0D6FB134809F0BBFBFAE5114809F07F
:101C6000B7FBF4E60F4809F0B3FB05E70D4809F0B0
:101C7000AFFB10E70B4809F0ABFBDBE6094809F0C6
:101C8000A7FBC2E5074809F0A3FBC4E6054809F035
:101C90009FFB6CE6034809F09BFB0EE6847A01008B
:101CA000787A01003888FF1F147E010038B500F5EE
:101CB0000A5500F1B4041C3502E08C34AC420AD061
:101CC0002046FEF7ADFF0028F7D020468C34FEF703
:101CD00025FDAC42F4D138BD2DE9F047854A864B4D
:101CE000002100F1B40500F50A5782B08246016078
:101CF000426203621C372C4602E08C34BC420AD09C
:101D00002046FEF78DFF0028F7D020468C34FEF7E2
:101D100005FDBC42F4D1C8200AF062FA01262C4627
:101D200004E001363F2E04F18C046AD02046FEF711
:101D300077FF0028F5D0714800F010FE314670485A
:101D400000F00CFE2046FEF705FD2046FEF758FF8A
:101D50000EF032F902460B466A4800F0FFFD2046BD
:101D6000FEF7AAFE0EF028F9804620468946FEF7C7
:101D7000BFFE0EF021F90B460246CDE90023624872
:101D800042464B4600F0EAFD00212046FEF73AFFAE
:101D90000EF012F98046894620460121FEF732FFF7
:101DA0000EF00AF90B460246CDE900235748424699
:101DB0004B4600F0D3FD2046FEF722FF0146DAF83D
:101DC00000000EF015FACAF800002046FEF7D6FE15
:101DD000DAF818100EF0B2FC002879D12046FEF790
:101DE000E5FEDAF81C100EF0C7FC002899D020465A
:101DF000FEF7DCFE01363F2ECAF81C0004F18C040D
:101E000094D1DAF804000EF0A7FA0146DAF80000DF
:101E10000EF0AAFBDAF81410CAF8000004460EF01F
:101E2000ABFC08B1CAF81440DAF8101020460EF0E6
:101E300085FC08B1CAF810400B200AF069F90AF5D0
:101E4000005494F8A432002848D1002B4ED001232E
:101E500084F8A4320023CAF80C302C4602E08C34FB
:101E6000BC4215D02046FEF7DBFE0028F7D0204606
:101E7000FEF73EFEDAF80C100EF07EFC0028EED0E5
:101E80002046FEF735FE8C34BC42CAF80C00E9D17E
:101E90001F4BCAF8083002E08C35BD4215D02846E9
:101EA000FEF7BEFE0028F7D02846FEF705FEDAF85A
:101EB00008100EF043FC0028EED02846FEF7FCFD8B
:101EC0008C35BD42CAF80800E9D102B0BDE8F08700
:101ED0002046FEF753FECAF818007FE70BB900232F
:101EE000B6E70C4800F04CFD0023B1E70A4800F0CB
:101EF0005BFDACE700C0794400C079C444800100B8
:101F0000887B0100C47B0100D87B0100047C0100B8
:101F10000000A040587C0100207C010000F500502A
:101F2000D0F8AC02704700BF80687047C068704747
:101F30000068704741607047F8B500F50A550F46D4
:101F4000164600F1B4041C3502E08C34AC420FD0CC
:101F50002046FEF765FE0028F7D020463946FEF7FA
:101F600063FE204631468C34FEF766FEAC42EFD16C
:101F7000F8BD00BF2DE9F8432A4A2B4BDFF8AC909F
:101F8000426200F50A558046036200F1B4041C3534
:101F90000026002702E08C34AC4210D02046FEF729
:101FA0003FFE0028F7D02046FEF718FE49460EF007
:101FB000E3FB88B98C34AC4206F10106EED108F59A
:101FC0000058D8F8A002801B0EF0C6F9014638462A
:101FD0000EF0CAFABDE8F8832046FEF7FFFD014681
:101FE00038460EF005F907462046FEF7F7FDD8F80B
:101FF00020100EF0C1FB70B92046FEF7EFFDD8F8B7
:1020000024100EF09BFB0028C5D02046FEF7E6FD0D
:10201000C8F82400BFE72046FEF7E0FDC8F820001E
:10202000EAE700BF00C0794400C079C400008CC258
:10203000006A7047406A7047F8B500F50A560746CF
:10204000002500F1B4041C3602E08C34B4420FD0F9
:102050002046FEF7E5FD0028F7D02046FEF75AFDA2
:10206000014628460EF0C4F88C34B4420546EFD140
:1020700007F50057D7F8A0020EF06EF90146284682
:102080000EF072FAF8BD00BF2DE9F04F074699B087
:10209000A948884607F5005600F002FCA64800F063
:1020A000FFFBA54800F0FCFB07F50A55D6F8A02277
:1020B0000D920023C6F8A8321C3507F1B40907F1C8
:1020C000B40A03E009F18C09A94510D04846FEF78F
:1020D000A7FD0028F6D04846D6F8A842FEF74AFDEC
:1020E00009F18C090444A945C6F8A842EED1D6F8F6
:1020F000A832119338687B6810930DF05DFF544649
:10210000CDE90E014FF0000903E00AF18C0A5545B4
:1021100010D05046FEF784FD0028F6D05046FEF75A
:10212000F9FC014648460EF063F80AF18C0A554561
:102130008146EED1D6F8A0020EF00EF901464846CF
:102140000EF012FA0DF038FFD7F80890CDE9120121
:1021500048460DF031FFD7F80CB0CDE914015846D0
:102160000DF02AFFCDE91601494658460EF03EF81B
:1021700072490EF045F90DF01FFF824638468B4636
:10218000FFF7F8FE0DF018FFDDE91623CDE9062371
:10219000DDE91423CDE90423DDE91223CDE902238F
:1021A000DDE90E23CDE90A01CDE900230D99109B4D
:1021B000119A6348CDE908AB00F072FB5E4800F06D
:1021C0006FFB604809210AF0CDFAD6F8A0125E48EC
:1021D00009F0F6F85D480A210AF0C4FA0023C6F8AF
:1021E000A832A146A24603E009F18C09A94510D006
:1021F0004846FEF715FD0028F6D04846D6F8A84216
:10220000FEF7B8FC09F18C090444A945C6F8A842B8
:10221000EED1D6F8A8124C4809F0D2F84A4809F095
:10222000D7F838680DF0C8FE0B460321024600912E
:10223000454809F0EDF8464801210AF093FA544662
:10224000414809F0C5F84FF0000AA14603E009F142
:102250008C09A94510D04846FEF7E2FC0028F6D0CC
:102260004846FEF757FC014650460DF0C1FF09F104
:102270008C09A9458246EED1D6F8A0020EF06CF882
:10228000014650460EF070F90DF096FE0325024609
:102290000B462D48009509F0BBF82E4804210AF0A2
:1022A00061FAB8680DF088FE009502460B46264894
:1022B00009F0AEF8284804210AF054FAF8680DF045
:1022C0007BFE009502460B461F4809F0A1F8214805
:1022D00004210AF047FAB968F8680DF087FF17493A
:1022E0000EF08EF80DF068FE002602460B461648EA
:1022F000009609F08DF8022118480AF033FA1248C6
:1023000009F066F80A2116480AF02CFA3846FFF759
:1023100031FE0DF051FE009502460B460A4809F0C9
:1023200077F8104801210AF01DFA074809F050F823
:102330000127B2461EE000BF4480010000007A443D
:10234000807C0100207D0100B487FF1F2C7D0100EF
:10235000387D01003C7D0100447D01004C7D010081
:10236000507D01005C7D010001373F2F04F18C049A
:1023700000F08C802046FEF753FC0028F4D0204665
:10238000FEF7BCF92046FEF7BDF92046FEF7BEF980
:102390002046FEF7BFF9082140480CF05DFA40489E
:1023A000394609F00DF8092F73DD02213D480CF084
:1023B00053FA2046FEF724FC0DF0FEFD5FFA88F983
:1023C00002460B463648CDF8009009F021F8364811
:1023D00001210CF041FA0025564620E00621334841
:1023E0000CF03AFA31462E4808F0EAFF0221304854
:1023F0000CF032FA29462046FEF758FB0DF0DCFDC2
:10240000CDF8009002460B46254809F001F8013549
:10241000254801210CF020FA062D07D00136092E9F
:10242000DCDC012123480CF017FAD7E71121224800
:102430000CF012FA00212046FEF7E4FB0DF0BCFD83
:10244000022502460B461648009508F0E1FF1221CE
:102450001A480CF001FA01212046FEF7D3FB0DF0DB
:10246000ABFD009502460B460D4808F0D1FF012157
:1024700013480CF0F1F90137094808F0A9FF3F2F84
:102480000AF1060A04F18C047FF474AF19B0BDE8B8
:10249000F08F012107480CF0DFF986E7607D01002D
:1024A0003888FF1F8C8C0100387D01006C7D010095
:1024B000047E0100147E0100747D0100887D01000E
:1024C0005C7D01002DE9F04F00F1B40583B0894631
:1024D00092469B462E46012704E001373F2F06F126
:1024E0008C067AD03046FEF79BFB0028F5D00023FF
:1024F0000A2249467A4808F083FF012179480CF006
:10250000ABF950460DF058FD0B46002102460091F4
:10251000734808F07DFF012172480CF09DF959467F
:102520006F4808F04DFF01216E480CF095F93946CF
:102530006B4808F045FF6B4801210CF08DF9002431
:102540004FF0020821463046FEF7B0FA0DF034FD98
:10255000CDF8008002460B46614808F059FF01346F
:10256000604801210CF078F9082CEBD100213046AD
:10257000FEF748FB0DF020FDCDF8008002460B462B
:10258000574808F045FF012156480CF065F9012134
:102590003046FEF737FB0DF00FFDCDF80080024608
:1025A0000B464F4808F034FF01214E480CF054F917
:1025B00002213046FEF726FB0DF0FEFCCDF8008030
:1025C00002460B46464808F023FF0137444808F00E
:1025D000FFFE3F2F06F18C0684D101264FF0000844
:1025E00004E001363F2E05F18C0575D02846FEF734
:1025F00017FB0028F5D000230A2249463A4808F084
:10260000FFFE384801210AF06DFD50460DF0D4FC64
:10261000CDF8008002460B46334808F0F9FE3148F9
:1026200001210AF05FFD59462F4808F0C9FE2D48E8
:1026300001210AF057FD31462B4808F0C1FE294818
:1026400001210AF04FFD0024022721462846FEF70B
:102650002DFA0DF0B1FC009702460B46224808F017
:10266000D7FE01341F4801210AF03CFD082CECD1B3
:1026700000212846FEF7C6FA0DF09EFC00970246A0
:102680000B46194808F0C4FE164801210AF02AFD3D
:1026900001212846FEF7B6FA0DF08EFC009702469F
:1026A0000B46114808F0B4FE0E4801210AF01AFD4D
:1026B00002212846FEF7A6FA0DF07EFC009702469E
:1026C0000B46094808F0A4FE0136074808F080FED2
:1026D0003F2E05F18C0589D103B0BDE8F08F00BF16
:1026E0003888FF1F9C7D0100C887FF1F014B1870B1
:1026F000704700BF2087FF1F024B1878B0FA80F0A8
:10270000400970472087FF1F0278002A00F0B78039
:1027100030B5034685B00D46252A38D158780028B3
:102720003DD0A0F12502D1B2552903F1010430D8E2
:10273000552A2ED8DFE802F09F2D2D2D2D2D2D2D81
:102740002D2D2D2D2D2D2D2D2D2D2D2D2D2D2D2DB9
:102750002D2D2D2D2D932D2D2D2D2D2D2D2D2D2D43
:102760002D2D2D2D2D2D2D882D2D2D7C2D2D2D2DEF
:102770002D2D2D2D2D7439392D5E2D2D392D2D39E1
:102780002D2D2D2D2D2D493F2D2D2D562D691878B0
:102790001C460CF009F96278631C002ABCD1394848
:1027A00005B0BDE8304008F013BE55F8041B3548AD
:1027B00008F006FEEFE755F8041B01290EBF32486A
:1027C000324801210CF048F8E5E755F8043B002BAE
:1027D000E1D0184603930EF033FF014603980CF046
:1027E0003BF8D8E755F8041B26480023102208F0D0
:1027F00007FED0E7073525F007050321F5E802239A
:102800002048009108F004FEC5E7073525F00705CC
:102810000021F5E802231B48009108F0F9FDBAE712
:1028200055F8041B17480023022208F0E9FDB2E71F
:10283000022117480CF010F855F8041B114800232A
:10284000102208F0DDFDA6E755F8043B012B0BBF75
:1028500010481148042105210BF0FEFF9BE70221DF
:102860000E480BF0F9FF55F8041B0648002302221E
:1028700008F0C6FD8FE725200CF096F88BE701489D
:1028800008F0A6BD3888FF1FA87D0100AC7D0100BF
:10289000A07D0100B07D0100B87D0100A47D010094
:1028A0000FB400B583B004A951F8040B0191FFF7F0
:1028B0002BFF03B05DF804EB04B0704770B5DFF890
:1028C00078C01E4BDCF800C082B00446CDF804C0CE
:1028D000DDF804C0C3F800C00D461646614600236B
:1028E0000A22174808F08CFD032116480BF0B4FFAC
:1028F000032C07D8DFE804F01B1602111248072149
:102900000BF0AAFF022111480BF0A6FF3146284622
:1029100002B0BDE87040FFF7F7BE05210C480BF090
:102920009BFFEFE704210B480BF096FFEAE7052138
:1029300009480BF091FFE5E73CB9FF1F9891FF1F95
:102940003888FF1F5C7B0100D07D0100047E010000
:10295000D87D0100C87D0100C07D01000FB400B525
:10296000064B187883B020B905AA04990192FFF7A5
:10297000A5FF03B05DF804EB04B070472087FF1F8C
:102980000FB4084B00B51B78012B83B005D805AAFE
:10299000049901920120FFF791FF03B05DF804EB69
:1029A00004B070472087FF1F0FB4084B00B51B7899
:1029B000032B83B005D805AA049901920320FFF7E1
:1029C0007DFF03B05DF804EB04B070472087FF1F64
:1029D00010B4074C0749084A00232370036510BC54
:1029E0004365836580F85C300B601360704700BFFF
:1029F000A491FF1FA091FF1F9C91FF1F2DE9F84F8D
:102A00009B4F9C4C9C4E3B78B4F866203280002B48
:102A100040F0C080B4F86030984D99482B80FFF7A3
:102A200009FB216B0DF08AFE08B100232B8094482E
:102A3000FFF7FEFAE16A0DF09FFE10B1002333802C
:102A40002B808F48FFF772FAE1680DF095FE08B110
:102A500000232B808A48FFF769FAE1680DF08CFEAD
:102A600008B100232B808648FFF75EFA21690DF03C
:102A700065FE002800F09180002333802B88002B16
:102A800000F086803B787E48002B30D1FFF7D2FAE9
:102A9000616B0DF053FE002840F02681794B784899
:102AA0001B68012B00F00881FFF740FA216A0646F7
:102AB000A0690DF09BFB014630460DF05DFE00283D
:102AC00066D028880DF048FC82466D48FFF72EFA44
:102AD000A7698146216A38460DF088FB8046B4F824
:102AE00064000DF035FC0646B4F860002FE0FFF7F7
:102AF000A1FA616B0DF022FE002840F02481614BA9
:102B00005F481B68012B00F0BF80FFF70FFA216AB6
:102B10000646A0690DF06AFB014630460DF02CFE1A
:102B2000002835D028880DF017FC82465448FFF75E
:102B3000FDF9A7698146216A38460DF057FB8046AA
:102B4000B4F864000DF004FC0646B4F862000DF021
:102B5000FFFB31460DF04AFB4146044648460DF066
:102B600045FB014620460DF04BFC414604463846E5
:102B70000DF03CFB014620460DF0F6FC31460DF011
:102B800037FB014650460DF031FB0DF03BFE28802F
:102B9000BDE8F88FB4F862303EE73948FFF7C4F972
:102BA000E1690DF0CBFD00287FF466AF3388002B80
:102BB0003FF464AF3248FFF73BFAA16B0DF0DCFD48
:102BC000002840F0EF802E48FFF7AEF921690DF0A4
:102BD000D3FD002843D02A48FFF7A6F9D4F8C41043
:102BE0008046E0690DF004FB014640460DF0A6FD6D
:102BF00000283FF443AF30880DF0AEFB83462048F9
:102C0000FFF792F98246B4F86600D4F81C800DF004
:102C10009FFB4146814650460DF0E8FA4946824600
:102C200000200DF0E3FA014650460DF0E9FBD4F820
:102C3000C410824640460DF0DBFA41460DF0D6FA4C
:102C4000014650460DF090FC49460DF0D1FA014680
:102C500058460DF0CBFA0DF0D5FD30800EE7084850
:102C6000FFF762F9E1690DF087FD0028B3D105E7B0
:102C70001492FF1F3893FF1FEC92FF1FEE92FF1F6D
:102C80006C94FF1FF891FF1FFFF750F9216A064669
:102C9000606A0DF0ABFA014630460DF06DFD00287C
:102CA0003FF476AF28880DF057FB82465348FFF774
:102CB0003DF9676A81463EE7FFF738F9216A064623
:102CC000606A0DF093FA014630460DF055FD00287C
:102CD0003FF45EAF28880DF03FFB82464748FFF780
:102CE00025F9676A8146F5E628880DF035FB8146AF
:102CF0004248FFF79FF98046B4F86000276B0DF05B
:102D000027FB3946064640460DF070FA31468046AC
:102D100000200DF06BFA014640460DF071FB39467C
:102D20008046606B0DF062FA014640460DF01CFCD7
:102D300031460DF05DFA014648460DF057FA0DF0A8
:102D400061FD2880AAE628880DF006FB81462B4805
:102D5000FFF770F98046B4F86200276B0DF0F8FABF
:102D60003946064640460DF041FA3146804600207D
:102D70000DF03CFA014640460DF042FB39468046D4
:102D8000606B0DF033FA014640460DF0EDFB314625
:102D90000DF02EFA014648460DF028FA0DF032FDEE
:102DA0002880ACE630880DF0D7FA83461348FFF749
:102DB0003FF98246B4F86600D4F838800DF0C8FABE
:102DC0004146814650460DF011FA014648460DF045
:102DD00017FB41468146E06A0DF008FA0146484675
:102DE0000DF0C2FB00210DF003FA014658460DF02C
:102DF000FDF90DF007FD3080E5E600BF6C94FF1F84
:102E0000DDF800C0521AACEB030C1CD0401ABCF128
:102E1000000F0CFB00F002EBD27109DB00EB61004C
:102E200000FB02F1002990FBF2F0184410DB704720
:102E3000A0EB610000FB02F1002990FBF2F01844C6
:102E4000F5DB013070470CEBDC7C03EB6C0070476A
:102E50000138704710B5044682B049B10846019167
:102E60000EF0EEFB236801995B6802462046984706
:102E7000204602B0BDE8104008F0AABA2DE9F041A2
:102E80004648474C474F484EFFF70AFD474B4848D6
:102E90005C60484CDC60484C1C61484C9C61484C70
:102EA0009C62484CDC61484CDC62484C1C63484CDA
:102EB000C3F8CC40C3F8D04000245C63454C9C630D
:102EC000454CDC634FF07C549C64444CDC6440F221
:102ED0000128434C1C65A3F80880424C5C624FF00B
:102EE0000C08414CC3F8548040F61C48C3F8C44059
:102EF000C3F868803D4C18624FF00A080022322166
:102F00004FF40575586118644FF0640E01201C667B
:102F1000C3F86C80364C1D8041F2040883F84420CD
:102F2000C3F8A41098655C66C3F85CE0314CC3F844
:102F30007080C3F88C10C3F8AC10FF214FF0020C66
:102F40002D4DC3F8C0409A67C3F88000C3F8B400A1
:102F5000C3F88420C3F8B010C3F8A82083F8C920B0
:102F600083F8CA205A2441F288304FF47A7144F62B
:102F70002062C3F89470C3F89860C3F8A050C3F8F7
:102F8000BCE0C3F87CC0C3F8B8C05C67C3F8880075
:102F9000C3F89010C3F89C20BDE8F081E07D0100EB
:102FA00020A107000000114400F0C8453893FF1F1E
:102FB000CDCC4C3E666686400000404033338340B3
:102FC000CDCCCC3DCDCC4C4000008242000020C195
:102FD00058028813000020420000A0409A997940CE
:102FE0000AD7233D333373409A99993E2C019600BA
:102FF00032002C0188130500D606D60670B5444D64
:10300000444C4548E66800232B70FEF78FFF0146CD
:1030100030460DF093FB08B104232B703E48FEF7B9
:1030200083FF21690DF08AFB18B12B7843F0100360
:103030002B703948FEF7FCFFE16A0DF09DFB18B1DB
:103040002B7843F040032B70002333486B70FEF75E
:10305000F1FF216B0DF072FB08B101236B700023AF
:103060002D48EB70FEF762FF06462B48FEF75CFF2B
:10307000014630460DF0BAF8216C0DF07DFB08B129
:103080000123EB70254D244800232B70FEF74EFFE3
:10309000A16A0646E0680DF0A9F8014630460DF039
:1030A0006BFB08B104232B701B48FEF73DFFA16AA0
:1030B000064620690DF09CF8014630460DF03EFBB7
:1030C00018B12B7843F010032B701348FEF7B0FFB4
:1030D000E16B0646E06A0DF089F8014630460DF0D6
:1030E0004BFB18B12B7843F040032B7000230A48A8
:1030F0006B70FEF79FFFE16B0646206B0DF078F8D2
:10310000014630460DF01AFB08B101236B7070BD0B
:10311000E892FF1F3893FF1F6C94FF1FE492FF1F7C
:103120002DE9F043A44C2368012B85B048D0022B35
:1031300079D0032B03D033B305B0BDE8F0839F4AA9
:103140009F4B4FF47A711160D3F8AC000DF004F985
:103150009B4B0546D3F8B0000DF0FEF829460DF064
:1031600045F898490DF04CF996490DF0FDF92946BE
:103170000DF03EF80DF020FB0146062008F020FE81
:103180002368002BD8D18E4B8F48D3F8AC10D3F8DE
:10319000B02003688D48521A002A02FB03F367DB54
:1031A000323380FB0320DA17C2EB6012002B11448C
:1031B000C0F2FF80062005B0BDE8F04308F000BE75
:1031C0007E4B1B680A33B3F57A7F4EDC18460393B7
:1031D0000DF0C2F87E490DF013F9039B0746774ABC
:1031E000774D1360D5F8AC000DF0B6F80646D5F86B
:1031F000B0000DF0B1F831460CF0F8FF39460DF093
:10320000FFF870490DF0B0F931460CF0F1FF0DF008
:10321000D3FA0146062008F0D3FD6E4B1B6893BB22
:103220002368022B85D1654A654B00211160D3F8D4
:10323000AC000DF091F8624B0546D3F8B0000DF0EC
:103240008BF829460CF0D2FF00210DF0D9F85D492A
:103250000DF08AF929460CF0CBFF0DF0ADFA0146CE
:10326000062008F0ADFD236863E700270023B6E7DA
:10327000323B80FB0320DA17C2EB6012002B1144B3
:1032800098DB013196E7022153484C4D4C4F0BF02F
:10329000E3FA524808F09CF8062151480BF0DCFA9A
:1032A00028680DF059F84A490DF0AAF80CF084FE90
:1032B000022602460B460096484808F0A9F80D2160
:1032C00048480BF0C9FAD7F8AC000DF045F8804635
:1032D00028680DF041F83E490DF092F88146D7F884
:1032E000B0000DF039F841460CF080FF0146484629
:1032F0000DF086F833490DF037F941460CF078FFB0
:103300000CF05AFE009602460B46344808F080F84E
:10331000314631480BF0A0FA304808F059F83146F0
:103320002D4809F01FFA304808F052F806212C48C1
:1033300009F018FA28680DF00FF825490DF060F82B
:103340000CF03AFE009602460B46274808F060F85B
:103350000D21244809F006FAD7F8AC000CF0FCFF68
:10336000804628680CF0F8FF19490DF049F8054629
:10337000D7F8B0000CF0F0FF41460CF037FF0146E3
:1033800028460DF03DF80F490DF0EEF841460CF0DF
:103390002FFF0CF011FE009602460B46124808F073
:1033A00037F80D48314609F0DDF90F4808F010F8FC
:1033B00036E70139FEE600BFE091FF1F2092FF1FB4
:1033C0003893FF1F0000C8424087FF1F1F85EB5145
:1033D000CDCCCC3D2887FF1F8C8C01003888FF1F87
:1033E000007E0100087E0100B487FF1F30B51C4835
:1033F0001C4C83B007F0ECFF194807F0E9FF1848B0
:1034000007F0E6FF0D2118480BF026FA174807F0E1
:10341000DFFF164807F0DCFF144807F0D9FF124819
:103420000D2109F09FF9D4F8A830012B22D0104DBE
:103430000B48297800230A2207F0E2FF00230B48FB
:1034400029780A2207F0DCFF2B78052B5ED8DFE80D
:1034500013F04802510224022D0236023F0200BF3F
:103460003888FF1F3893FF1F187E0100B487FF1FA5
:103470001493FF1F0921BF480BF0EEF90921BD4845
:1034800009F070F9BC48FEF74FFD21690DF056F9BF
:10349000002840F08382B848FEF748FDE1680DF04F
:1034A0006BF9002840F07182B348FEF73FFD0546F6
:1034B000B148FEF739FD014628460CF097FE216C15
:1034C0000DF05AF9002840F05782AB48FEF752FD44
:1034D000E16A0DF051F9002840F04582A648FEF758
:1034E00049FD216B0DF02AF9002840F03382A34BEF
:1034F000A1481B68012B00F01C82FEF715FD216915
:103500000DF03AF9002840F0FE819D4D9D480221C2
:103510000BF0A2F99B48022109F024F9122008F0CF
:10352000F7FD012800F08E81112008F0F1FD01283F
:1035300000F09681944B1B68012B00F09E810221C4
:103540009048924C0BF088F9914B9248196807F01B
:1035500037FF904807F03CFF04218F480BF07CF9BF
:103560000B2008F0D5FD002301460A22894807F008
:1035700047FF0C2008F0CCFD002301460A228548B5
:1035800007F03EFF142008F0C3FD002301460A2285
:10359000804807F035FF152008F0BAFD00230A2205
:1035A00001467C4807F02CFF06217C480BF054F9BB
:1035B0007B4807F00DFF0421774809F0D3F80B2072
:1035C00008F0A6FD002301460A22754807F018FFFF
:1035D0000C2008F09DFD002301460A22704807F0E8
:1035E0000FFF142008F094FD002301460A226C48C6
:1035F00007F006FF152008F08BFD002301460A2284
:10360000674807F0FDFE6548062109F0ABF823681E
:10361000D80700F1D980012162480BF01DF9012182
:10362000604809F09FF82368990740F1D98001218B
:103630005D480BF011F95C48012109F093F823680B
:103640005A0740F1D980012157480BF005F9564837
:10365000012109F087F823681B0740F1D980012177
:1036600051480BF0F9F85048012109F07BF804218A
:103670004E480BF0F1F8112008F04AFD00230146F6
:103680000A22444807F0BCFE102008F041FD002348
:1036900001460A223F4807F0B3FE122008F038FD29
:1036A000002301460A223B4807F0AAFE132008F037
:1036B0002FFD00230A220146364807F0A1FE04210F
:1036C0003A4809F04FF8112008F022FD0023014686
:1036D0000A22334807F094FE102008F019FD002359
:1036E00001460A222E4807F08BFE122008F010FD3A
:1036F000002301460A222A4807F082FE132008F020
:1037000007FD0A2201460023254807F079FE2448D8
:1037100007F05EFE182126480BF09EF8254B18880E
:103720000CF01AFE24490CF06BFE0CF045FC002452
:1037300002460B461748009407F06AFE1F211F48F7
:103740000BF08AF81E4B18880CF006FE1A490CF094
:1037500057FE0CF031FC00940B4602460D4807F072
:1037600057FE184802210BF077F82B78032B58D01E
:1037700003B030BD287E01006C94FF1FF891FF1F3D
:103780001493FF1F8C8C0100D091FF1F0893FF1F23
:10379000F491FF1F3888FF1F207F0100287F010060
:1037A000B487FF1F347F0100307F0100387F0100A4
:1037B000407F0100EE92FF1FCDCCCC3D5C7F01002D
:1037C000EC92FF1F7C7F0100012182480BF044F83E
:1037D0000121804808F0C6FF236899073FF527AF0D
:1037E00001217D480BF038F87B48012108F0BAFF31
:1037F00023685A073FF527AF012177480BF02CF8D3
:103800007548012108F0AEFF23681B073FF527AF7D
:10381000012171480BF020F86F48012108F0A2FF48
:1038200025E76E4B1B788BB31E216D480BF014F807
:103830006C481B2108F096FF6B4803B0BDE8304090
:1038400007F0C6BD0E2169480BF006F867480E2147
:1038500008F088FF112008F05BFC01287FF46AAEB5
:103860000A2163480AF0F8FF61480A2108F07AFF4C
:10387000604B1B68012B7FF462AE12215E480AF098
:10388000EBFF5D48122108F06DFF58E620215B48F0
:103890000AF0E2FF5A481D21CCE7072159480AF0F7
:1038A000DBFF5848072108F05DFF2FE60821564846
:1038B0000AF0D2FF5448082108F054FF26E60B21F5
:1038C00052480AF0C9FF51480B2108F04BFF1DE692
:1038D00007214F480AF0C0FF4D48072108F042FF7A
:1038E00014E606214B480AF0B7FF4A48062108F0C3
:1038F00039FF0BE6072148480AF0AEFF464807218A
:1039000008F030FF02E64548454DFEF70FFBE16841
:103910000CF014FF00283FF4F9AD2B78052B10D1E3
:103920000A2140480AF098FF3E480A2108F01AFF91
:10393000ECE5FEF7F9FA616A0CF01EFF002836D1BB
:10394000374D394808210AF087FF3748082108F029
:1039500009FFDBE50D2135480AF07EFF33480D21D4
:1039600008F000FFC3E50C2131480AF075FF30482C
:103970000C2108F0F7FEB1E511212E480AF06CFF8A
:103980002C48112108F0EEFE9FE50E212A480AF08E
:1039900063FF29480E2108F0E5FE85E50F21274841
:1039A0000AF05AFF25480F2108F0DCFE73E51621C6
:1039B00023481B4D0AF050FF0A211A480AF04CFF19
:1039C0001F48162108F0CEFE16480A2108F0CAFE4C
:1039D0009CE500BF307F0100347F01001492FF1F7F
:1039E000C47F0100E47F0100B487FF1FF07E010067
:1039F000007F0100D091FF1F0C7F0100807F01003C
:103A0000A47F0100D47E0100DC7E0100C87E01009D
:103A1000E87E0100B87E0100C07E01006C94FF1FAB
:103A20001493FF1FA07E0100AC7E0100787E010090
:103A3000687E0100547E0100447E0100347E010056
:103A4000887E01002DE9F04FBD4CD4F87CA0BAF17E
:103A5000010F8FB000F0CE81BAF1030F5AD0DFF81A
:103A6000E482B94FB94EA36F3168B948012B04BF46
:103A700001F10041316007F0C7F93B68002B40F0CD
:103A80008781B34807F08CF93B68C8F80000054609
:103A9000002B40F03681E36F012B00F0F680AD493A
:103AA00028460CF069FE30B9AB4928460CF046FEBA
:103AB000002800F07782DFF8A492A94FD9F80030EF
:103AC0000C930C983B68DFF89CA2C01A0CF040FCE9
:103AD00029460CF095FCA4490CF046FDA2490CF0D7
:103AE00043FDDAF800100CF083FBD9F800300B939B
:103AF0000B9BCAF800003B60D4F8B4000CF02CFC1F
:103B000029460CF07DFC0023C8F8000033600FB09C
:103B1000BDE8F08FDFF85492954DD9F80020DFF81A
:103B20002482D2F8840001230F212B6006F0F6FBDB
:103B30002B68854F012B3A6800F08C81002A40F0F9
:103B40004582D9F80030DFF82CA2D3F88400436B0B
:103B50001D69ADB2CAF8005006F0C4F840F6E4435F
:103B600003FB05F5B4F8A230B5FBF0F5E81A00B296
:103B70000CF0F2FB8049754E0546D4F894000CF029
:103B80003FFC014628460CF0EFFCDAF800303060CC
:103B9000632B00F30E82002333603B68002B3FF45D
:103BA00062AF022175480AF057FED9F80030D3F809
:103BB0008400DAF8003040F6E44B0BFB03F506F026
:103BC00091F8B5FBF0F00CF0C3FB0546B4F8A20089
:103BD0000CF0C2FB014628460CF008FB0CF0ECF997
:103BE000022502460B460095654807F011FC294660
:103BF00062480AF031FE30680CF0DEF900950246AA
:103C00000B465F4807F004FC29465E480AF024FE94
:103C100029465A480AF020FE2946584808F0A2FDD5
:103C2000D9F80020DAF80030D2F884000BFB03F951
:103C300006F058F8B9FBF0F00CF08AFB8146B4F8B6
:103C4000A2000CF089FB014648460CF0CFFA0CF0BC
:103C5000B3F9009502460B464B4807F0D9FB2946BD
:103C6000464808F07FFD30680CF0A6F90095024642
:103C70000B46454807F0CCFB2946424808F072FD48
:103C80003E48294608F06EFDEDE6394B1B68012BD6
:103C900000F01A82022B7FF42FAFD4F89C703846C4
:103CA0000CF05AFB29460CF049FD40B978420CF063
:103CB00053FB29460CF060FD002800F09A82DFF8E3
:103CC0009CA0DFF89C90DAF8003009930998D9F8A5
:103CD0000030244FC01A0CF03BFB29460CF090FB3F
:103CE00021490CF041FC20490CF03EFC39680CF0F5
:103CF0007FFADAF800300893089B3860C9F8003082
:103D0000FAE60CF059F9022502460B4600951C48CC
:103D100007F07EFB04211D480AF09EFDD8F8000044
:103D20000CF04AF9009502460B46174807F070FB65
:103D30001648042108F016FDD8F80050ABE600BF85
:103D40003893FF1F4492FF1FDC91FF1F4092FF1F1B
:103D50001893FF1F0000FA430000FAC33CB9FF1F8D
:103D60003892FF1F3C92FF1F00007A44CC91FF1F46
:103D70004487FF1F4892FF1FACC527378C8C01007A
:103D80003888FF1F3C800100B487FF1F408001007E
:103D9000BC4807F005F80CF00FF9022502460B4667
:103DA0000095B94807F034FB0321B8480AF054FDE8
:103DB000D4F89C10B44807F003FB0321B3480AF081
:103DC0004BFDB04806F0ECFF0CF0F6F8009502460B
:103DD0000B46AF4807F01CFBAC48032108F0C2FCBF
:103DE000D4F89C10AA4807F0EBFAA848032108F081
:103DF000B9FC46E6DFF89C82DFF89C92D4F89C5030
:103E0000D9F80030D8F80060D3F8847028460CF058
:103E1000A3FA31460CF0B0FC78B168420CF09CFA81
:103E2000014630460CF0A8FC38B19C4D38460F21B5
:103E3000C5F800A006F072FA7AE6984D02233846DB
:103E40000E212B6006F06AFA2B68954F012B3A6819
:103E50007FF474AE002A40F06581D9F80030DFF8B5
:103E600044A2D3F88400436B1D69ADB2CAF8005078
:103E700005F038FFB4F8A0308B4E40F6E44202FB68
:103E800005F5B5FBF0F5E81A00B20CF065FA8749C4
:103E90000546D4F898000CF0B3FA014628460CF019
:103EA00063FBD9F800303060D3F88400DAF80030D2
:103EB00040F6E44202FB03F505F014FFB4F8A0203D
:103EC000B5FBF0F31BB29B1A002BB4F8C220B8BFAD
:103ED0005B429342BCBF002333603B68002B3FF43E
:103EE000C2AD022172480AF0B7FCD9F80030D3F80D
:103EF0008400DAF8003040F6E44505FB03F3039351
:103F000005F0F0FEB4F8A010039BB3FBF0F31BB276
:103F1000591A5D4807F054FA022165480AF09CFCE2
:103F200030680CF049F84FF0020B02460B46CDF812
:103F300000B0554807F06CFA03215E480AF08CFC8B
:103F400059465B480AF088FC5946594808F00AFC73
:103F5000D9F80020DAF80030D2F8840003FB05F528
:103F600005F0C0FEB4F8A010B5FBF0F52DB2691A4B
:103F7000474807F025FA59464D4808F0F3FB3068EA
:103F80000CF01AF8CDF800B002460B46404807F096
:103F90003FFA4848032108F0E5FB4548594608F038
:103FA000E1FB60E5444B1B680D93444B0D9A1A608E
:103FB000A2E5D9F80030D3F8840005F093FEDAF8D2
:103FC000003064389842FFF4E6ADE6E52E48DFF8AD
:103FD000D4A007F0FDF90C2139480AF03DFC0C2172
:103FE00038480AF039FC2A4807F0F2F934480C2125
:103FF00008F0B8FB33480C2108F0B4FBD9F80020D6
:104000003B68D2F88400426B1569ADB2CAF8005023
:10401000002B3FF4A1AD05F065FE40F6E4460A2210
:10402000002306FB05F1B1FBF0F1174807F0E8F9B2
:1040300002211F480AF010FCB4F8A210124807F041
:10404000BFF9D9F80030DAF80010D3F8840001FB8A
:1040500006F605F047FE00230A22B6FBF0F10C48F5
:1040600007F0CEF91248022108F07CFB0848B4F8AA
:10407000A21007F0A5F9D9F80030DAF80050D3F80B
:10408000840069E51893FF1F3888FF1F607B0100DB
:10409000B487FF1F4492FF1FCC91FF1F4487FF1F6F
:1040A000DC91FF1F4892FF1F4092FF1FACC52737CE
:1040B0008C8C0100288001003CB9FF1F3892FF1F43
:1040C0002C80010018800100514928460CF054FB57
:1040D00030B9504928460CF031FB002800F08280AE
:1040E000DFF834A1DFF83491DAF80030069306984F
:1040F000D9F800304A4FC01A0CF02AF929460CF0C2
:104100007FF948490CF030FA46490CF02DFA39682D
:104110000CF06EF8DAF800300593059B3860C9F8AA
:104120000030E9E4404807F053F9404807F050F9FF
:10413000E36F012B4FF00B0162D03D480AF08CFB7E
:104140003B480B2108F00EFB0C213A48DFF8E8A0B1
:104150000AF082FB37480C2108F004FBD9F8002054
:104160003B68D2F88400426B1569ADB2CAF80050C2
:10417000002B3FF47DAE05F0B5FD40F6E4460A2283
:10418000002306FB05F1B1FBF0F1274807F038F9F1
:1041900001212A480AF060FBB4F8A010224807F079
:1041A0000FF9D9F80030DAF80010D3F8840001FBD9
:1041B00006F605F097FD00230A22B6FBF0F11B4836
:1041C00007F01EF91D48012108F0CCFA1748B4F891
:1041D000A01007F0F5F8D9F80030DAF80050D3F85D
:1041E000840045E60C4B1B6807930C4B079A1A603A
:1041F00082E4094B1B680A93084B0A9A1A607BE415
:104200000F480AF029FB0E480B2108F0ABFA9BE798
:104210000000FA430000FAC33CB9FF1F3892FF1FA9
:104220003C92FF1F00007A443888FF1FB487FF1FAD
:104230000C800100188001004892FF1F147E0100CD
:10424000008001002DE9F043DFF89C82D8F80030AF
:1042500085B0002B00F0A680A44CA54DD4F8843086
:10426000A44EA54F012B00F0CD80D7F80080E36D60
:10427000D4F8589009FB03F34FF47A7003FB00F075
:104280000CF06AF89D49814640460CF0B9F8494661
:104290000CF06AF99A490CF0B3F80CF08DFA632827
:1042A00028607ADD954948460CF05EF96423386051
:1042B0002B603368002B6DD0E36F012B00F0CA80B8
:1042C000032B00F0D780022B00F0E0808D4E8E484B
:1042D00002210AF0C1FA30680BF06EFE0224024699
:1042E0000B460094894807F093F8214688480AF065
:1042F000B3FA214684480AF0AFFA2968834807F0E8
:104300005FF8062183480AF0A7FA38687B490CF069
:1043100077F80BF051FE009402460B467B4807F0FD
:1043200077F803217C480AF097FA784807F050F8AC
:104330002146754808F016FA30680BF03DFE0094EF
:1043400002460B46754807F063F82146704808F0AE
:1043500009FA724807F03CF82968704807F030F80D
:104360006C48062108F0FEF9386864490CF048F8FA
:104370000BF022FE009402460B46684807F048F80E
:104380006548032108F0EEF9644805B0BDE8F04344
:1043900007F01EB805B0BDE8F0830028BCBF0023BD
:1043A0002B6086E75E48514C524EFDF745FE5D4955
:1043B000E76E0CF025F80CF025FA656F226FA16E00
:1043C00000953B4680B2FEF71BFD494D33682860DF
:1043D000002B64D1E36D484F03FB00F0A36D03FB9A
:1043E00000F000EB800040000BF0B6FF43490CF0FA
:1043F000BBF80123C8F80030D4F884303860012BB2
:104400007FF433AF4648FDF717FEE36E454903934B
:104410000BF0F6FF0CF0F6F9D4F874C0226FA16E21
:10442000039BCDF800C080B2FEF7EAFCE36DD4F840
:104430005890039303FB00F009FB00F000EB8000B1
:1044400040000BF089FF2D490CF08EF8039B38607B
:1044500080460FE7344B1B68012B3AD00A213348C2
:104460000AF0FAF931480A2108F07CF9E36F032BCE
:104470007FF429AF10212E480AF0EEF92C481021C4
:1044800008F070F9E36F022B7FF420AF0721294871
:104490000AF0E2F92748072108F064F916E702213B
:1044A00019480AF0D9F92968184806F089FF02214D
:1044B00015480AF0D1F91448022108F053F9296887
:1044C000164806F07DFF1048022108F04BF92868D5
:1044D00080E70A2118480AF0BFF917480A2108F0B6
:1044E00041F9E36FECE600BF2492FF1F3893FF1FF2
:1044F0004087FF1F2887FF1F3C92FF1FE4388E3E36
:104500000000C8424492FF1F8C8C01003888FF1FB6
:104510003C8001007C80010084800100B487FF1F83
:104520006C94FF1F00007A444487FF1F54800100F1
:1045300060800100748001004880010000B51120F6
:1045400083B007F0E5FD012804D0122007F0E0FD5C
:10455000012822D10121152007F0B8FD2D4B2E494D
:104560002E4A1B6808680193D2F8883003442C480F
:104570000221016001998B4208D8D2F890000BF01B
:10458000EBFE284B19680CF0D9F8D0B101210C20B2
:1045900003B05DF804EB07F099BD00210B2007F094
:1045A00095FD00210C2007F091FD0021152007F05A
:1045B0008DFD1D491A4B0120002208701A6003B0BE
:1045C00000BD01210B2007F081FD144A144992F827
:1045D000C8200323012A0B6016D0122007F098FD93
:1045E000012808BF104A4FF003034FF0110008BF25
:1045F000137007F08DFD012806D000210C2003B0B8
:104600005DF804EB07F062BD074B02221A7000212F
:10461000F4E700BF3CB9FF1FF892FF1F3893FF1F5C
:104620000C93FF1F4492FF1F1493FF1F30B5824D60
:10463000824C2B6821688B4289B01AD013F001029A
:1046400025D09A0736D558073FD5CA0770D58A07AF
:104650000B464AD47A4B1A68002A00F08780794BBF
:104660001B680593059B9A42C0F0A48029684A07FD
:104670003AD409B109B030BD1620019107F0A0FB72
:104680000199172009B0BDE8304007F099BB1146E9
:10469000162007F095FB2368296803F0FE032360CA
:1046A0008B0707D5480710D5CA0733D42368990765
:1046B0001BD4CFE70021172007F082FB236829686D
:1046C00003F0FD0323604B071FD40021052007F0F2
:1046D00077FB2368296803F0FB03CA07236019D41A
:1046E0008B071FD44A07C4D523685B07C2D4564B37
:1046F0001A68002A28D0534B1B680793079B9342E4
:1047000046D829680029B5D1B6E7C80702D4890779
:10471000EAD5CBE72368DB070AD5880702D44A0726
:10472000A8D5E1E72368980794D54807A2D5DCE728
:10473000464B1A68002A5BD0424B1B680393039BCD
:10474000934246D82968CBE7414B1B68002B68D1C0
:10475000FF21052007F034FB3A4B3E491A680692C8
:104760000968069A0A4438490A60C5E7384B1B684D
:10477000002B4BD1FF21172007F022FB314B35498D
:104780001A6804920968049A0A442D490A6067E786
:10479000314B0520D3F88C1007F012FB23682968F1
:1047A00043F004032360284B00221A6000297FF4A1
:1047B00061AF61E7284B1720D3F88C1007F000FB9E
:1047C00023681F49002243F002030A60236029681E
:1047D00088E7214B1620D3F88C1007F0F1FA2368F4
:1047E0001A49002243F001030A602360296877E731
:1047F000FF21162007F0E4FA124B16491A680292BC
:104800000968029A0A4411490A6096E7134806F0BB
:10481000DFFD0C2112480AF01FF8104806F0D8FD01
:10482000A8E70E4806F0D4FD0C210E480AF014F853
:104830000A4806F0CDFD8BE70C93FF1F0893FF1F7E
:104840000093FF1F3CB9FF1FFC92FF1F0493FF1F43
:104850002887FF1F6887FF1F3893FF1F3888FF1FB7
:1048600088800100988001002DE9F0476A4EDFF84A
:10487000AC8133686A4FD3F884006A4D0F2105F08C
:104880004DFD0023012222216748C8F800303A601C
:1048900009F0E2FF6448222107F064FFD8F80030F5
:1048A000132BD8BF40F6E44923DC3368B5F8A0A049
:1048B000D3F88400436B1C6905F014FAA4B20346D4
:1048C00001215A4809FB04F4B4FBF3F4A244A5F80F
:1048D000A0A009F0C1FF5548012107F043FF642063
:1048E00007F07EFCD8F800300133132BC8F80030F5
:1048F000DBDDB5F8A0304E494E48A1FB03215B1A21
:1049000001EB5301C1F30F11A5F8A01006F058FDFB
:104910001D21494809F0A0FF0221484809F09CFFE9
:10492000444806F055FDB5F8A010454806F048FD8E
:1049300041481D2107F016FF0221404807F012FFF1
:104940003F4806F045FD0023C8F8003033680E21CB
:10495000D3F8840005F0E2FC0223222132483B60B8
:1049600009F07AFF3048222107F0FCFED8F8003029
:10497000132B25DC40F6E4473368B5F8A290D3F852
:104980008400436B1C6905F0ADF9A4B20346012114
:10499000264807FB04F4B4FBF3F4A144A5F8A29065
:1049A00009F05AFF2148012107F0DCFE642007F0DE
:1049B00017FCD8F800300133132BC8F80030DBDDCA
:1049C000B5F8A2301A491B48A1FB03215B1A01EB81
:1049D0005301C1F30F11A5F8A21006F0F1FC1D213F
:1049E000184809F039FF0221144809F035FF114831
:1049F00006F0EEFCB5F8A210114806F0E1FC1148F3
:104A00001D2107F0AFFE0D48022107F0ABFEBDE807
:104A1000F0470B4806F0DCBCCC91FF1FFC91FF1F58
:104A20004487FF1F3893FF1FA8800100CC8001003E
:104A3000876118863888FF1FD08001008C8C0100A8
:104A4000B487FF1FF08001002DE9F843BA4CBB4D3D
:104A5000082340F25132E371686D22600BF07CFC58
:104A6000B74B1B680646002B40F03281A9690BF05A
:104A7000C7FCB4490BF0C4FC0BF0C4FEB24BE969AF
:104A80001F88B24B1FFA80F9C0F3072830461E88F2
:104A90000BF0B6FCAB490BF0B3FC0BF0B3FE0023FC
:104AA00069F3070368F30F2367F317433F0A67F3BC
:104AB0001F63A360002366F30703360A80B266F320
:104AC0000F2360F31743000A60F31F639A49A0485D
:104AD000E36005F043FF9F4A9D48136812882281D6
:104AE00003EB83039C4A082640F255315B00128891
:104AF0002160237390496281334100276373E6711B
:104B0000E78105F02BFF40F2563394482360E671AD
:104B1000FDF70EFA92490BF073FC0BF073FE207256
:104B20008E48FDF705FA8E490BF06AFC0BF06AFE21
:104B30008C4B8B49F040607218680BF015FD0BF040
:104B40003BFE60818548FDF715FA7E490BF058FC65
:104B50000BF032FE20738148FDF70CFA79490BF017
:104B60004FFC0BF029FE3041734960737848E781B0
:104B700005F0F4FE022007F033FB7B4A7B4B126802
:104B80001B687348A26040F25A3121606A49E360B1
:104B9000E67105F0E3FE764B67496D48E67140F239
:104BA0005E322260D3E90023A260E36005F0D6FE06
:104BB000022007F015FB6F4B5F496548E6714FF423
:104BC0005C722260D3E90023E360A26005F0C6FEB8
:104BD000694B1B68012B7DD0022007F001FB4FF0D1
:104BE0008173A360B5F85C30A381082640F2991365
:104BF00040F273370220E3812760E67107F0F0FA94
:104C000056482760E671FDF78FF95C490BF0F8FB19
:104C10000BF0F8FD20725148FDF786F957490BF06B
:104C2000EFFB0BF0EFFD20FA06F34C486372FDF743
:104C30007DF952490BF0E4FB0BF0E4FDA07247480C
:104C4000FDF774F94D490BF0DBFB0BF0DBFD20FAAF
:104C500006F34248E372FDF7EDF949490BF0C8FA53
:104C60000BF0D0FD20733D48FDF7E4F944490BF00B
:104C7000BFFA0BF0C7FD20FA06F338486373FDF75F
:104C8000D7F93F490BF0B4FA0BF0BCFDA0733348E1
:104C9000FDF7CEF93A490BF0ABFA0BF0B3FD26491C
:104CA00020FA06F32A48E37305F058FE022007F0C5
:104CB00097FAEA6DAB6D13FB02F3022123FA06F2B9
:104CC00040F27930E171237262722060BDE8F883AE
:104CD000696ACCE62148FDF727F9296D0BF088FABF
:104CE00007461E48FDF722F9014638460BF026FD1F
:104CF00000283FF471AF40F2C3331848E6712360D7
:104D0000FDF712F9EE6C31460BF018FD002839D092
:104D10001A4930460BF074FB0BF074FD030A237242
:104D200040F2014203236072034909486281E36053
:104D300005F014FE50E700BFBC91FF1F3893FF1F22
:104D4000F891FF1F00002041EE92FF1FEC92FF1F21
:104D500088B7FF1F4087FF1F5887FF1F6C94FF1FF6
:104D60000000C8424492FF1FE892FF1FE492FF1F19
:104D70005087FF1F4887FF1FD091FF1F00007A4414
:104D8000339388430948FDF7CFF809490BF038FB06
:104D90000BF038FD030A05482372FDF7C5F80449F6
:104DA0000BF02EFB0BF02EFDBAE700BF6C94FF1F3B
:104DB00000007A442DE9F04F83B009F0D3FCB14DE7
:104DC000286007F07BFD002800F3CA80AE4C2868FD
:104DD0002368042B00F0CC80092B31D1AB4E96F820
:104DE000CA30012B84BF002386F8CA3096F8C93038
:104DF000012B02D9002386F8C930322801F017822E
:104E0000712801F0C281312814D196F8C930B3FA63
:104E100083F301225B09226086F8C93078200123E0
:104E2000052B286000F0E281032B00F0EF81012BBD
:104E300000F05781732800F00E8303B0BDE8F08FB7
:104E4000022B40F02981A0F13103422BF2D801A2BC
:104E500052F823F001680000D3680000E968000000
:104E60005D6900004D670000C56A0000FD6A000032
:104E7000156B0000354E0000354E0000354E000029
:104E8000354E0000354E0000354E0000354E000016
:104E9000354E0000354E0000354E0000354E000006
:104EA000354E0000354E0000354E0000354E0000F6
:104EB000354E0000354E0000354E0000354E0000E6
:104EC000354E0000354E0000354E0000354E0000D6
:104ED000354E0000354E0000354E0000354E0000C6
:104EE000354E0000354E0000354E0000354E0000B6
:104EF000354E0000354E0000354E0000354E0000A6
:104F0000354E0000354E0000354E0000354E000095
:104F1000354E0000354E0000354E00009150000027
:104F2000354E0000354E0000354E0000354E000075
:104F3000354E0000354E0000354E0000354E000065
:104F4000354E0000354E0000354E0000354E000055
:104F5000354E00004F540000354E0000E76700005A
:104F6000494C07F0BFFC23682860042B7FF434AF62
:104F7000A0F13103402B3FF65DAF01A252F823F0C0
:104F8000BF660000C5660000CB660000E966000051
:104F9000EF66000007670000CB5100007566000057
:104FA0007B660000354E0000354E0000354E000097
:104FB000354E0000354E0000354E0000354E0000E5
:104FC000354E0000354E0000354E0000354E0000D5
:104FD000354E0000354E0000354E0000354E0000C5
:104FE000354E0000354E0000354E0000354E0000B5
:104FF000354E0000354E0000354E0000354E0000A5
:10500000354E0000354E0000354E0000354E000094
:10501000354E0000354E0000354E0000354E000084
:10502000354E0000354E0000354E0000354E000074
:10503000354E0000354E0000354E0000354E000064
:10504000354E0000354E0000354E0000354E000054
:10505000354E0000354E0000354E0000354E000044
:10506000354E0000354E0000354E0000354E000034
:10507000354E0000354E0000354E0000354E000024
:10508000B56600000092FF1FD491FF1F3893FF1FE9
:10509000FFF7EAFB23682868082B40F08580322858
:1050A00076D0712800F0D38131287FF4C3AE09F0A7
:1050B0009FFB002801F33482E04E07F0FFFB00283D
:1050C00002F3458696F84410B26CDD48022984BF8D
:1050D000002186F84410FCF72FFF6920012323608C
:1050E0002860A0F15203262B3FF6A4AE01A252F88D
:1050F00023F000BF4D6B0000354E0000354E000020
:10510000354E0000354E0000354E0000354E000093
:10511000354E0000354E0000354E0000354E000083
:10512000354E0000354E0000354E0000354E000073
:10513000FD5500000F7D00000D5D0000FF5C0000CC
:1051400043590000354E0000354E0000354E00003A
:1051500035590000354E000039810000354E000001
:10516000354E0000354E0000354E0000354E000033
:105170002D670000354E0000354E0000354E000012
:10518000354E0000354E0000354E00000B56000035
:1051900009F02EFB002801F3E18107F08FFB0028C6
:1051A00001F3C88123682868072B19D1342800F33C
:1051B0004B8130287FF73EAE3238022802F2BF879B
:1051C000DFE810F0F607E8070C089E4A1368B3FA08
:1051D00083F301215B0921601360642001232860AF
:1051E000062B00F0A180052B7FF41EAE352801F3BD
:1051F000298030287FF71EAE3238032802F2B687A6
:10520000DFE810F0490848092B086609A0F13003CF
:10521000422B3FF60FAE01A252F823F003790000B3
:10522000516B00008B6B0000B5740000F774000038
:105230003975000087750000D575000055760000AF
:105240009F760000354E0000354E0000354E0000C0
:10525000354E0000354E0000354E0000354E000042
:10526000354E0000354E0000354E0000354E000032
:10527000354E0000354E0000354E0000354E000022
:10528000354E0000354E0000354E0000354E000012
:10529000354E0000354E0000354E0000354E000002
:1052A000354E0000354E0000354E0000354E0000F2
:1052B000354E0000354E0000354E0000354E0000E2
:1052C000354E0000354E0000354E0000354E0000D2
:1052D000354E0000354E0000354E0000354E0000C2
:1052E00081790000BB790000F57900002F7A000079
:1052F000157D0000ED76000083770000D177000077
:10530000354E00002378000065780000354E00001F
:10531000354E0000354E0000354E0000354E000081
:10532000B3780000C1780000A0F13103402B3FF6B4
:1053300081AD01A252F823F09D690000E9690000E7
:10534000356A00007D6A00001368000027680000CD
:10535000636800000162000013620000354E000027
:10536000354E0000354E0000354E0000354E000031
:10537000354E0000354E0000354E0000354E000021
:10538000354E0000354E0000354E0000354E000011
:10539000354E0000354E0000354E0000354E000001
:1053A000354E0000354E0000354E0000354E0000F1
:1053B000354E0000354E0000354E0000354E0000E1
:1053C000354E0000354E0000354E0000354E0000D1
:1053D000354E0000354E0000354E0000354E0000C1
:1053E000354E0000354E0000354E0000354E0000B1
:1053F000354E0000354E00009F670000354E00001E
:10540000354E0000354E0000354E0000354E000090
:10541000354E0000354E0000354E0000354E000080
:10542000354E0000354E0000354E0000354E000070
:10543000354E0000354E00004F5400003893FF1FDA
:105440006C94FF1FE091FF1F71287FF4F3AC0022E2
:10545000732322602B602368002B7FF4EEAC6D4E2B
:105460006D486E4D05F0B4FF04216D4809F0F4F964
:10547000694805F0ADFF10216A4809F0EDF966486A
:1054800005F0A6FF1321684809F0E6F9296862488B
:1054900005F096FF604805F09BFF1421634809F072
:1054A000DBF95D4805F094FF1E21614809F0D4F94D
:1054B000594805F08DFF15215E4809F0CDF9564891
:1054C00005F086FF1E215C4809F0C6F9524805F038
:1054D0007FFF2021594809F0BFF94F4805F078FFB8
:1054E0001921574809F0B8F94B4805F071FF12210E
:1054F000544809F0B1F9484805F06AFF19215248AB
:1055000009F0AAF9444805F063FF0F214F4809F05C
:10551000A3F9414805F05CFF0D214D4809F09CF9C5
:105520003D4805F055FF4B4805F052FF04213C482B
:1055300007F018F9474805F04BFF1021394807F0EC
:1055400011F9444805F044FF3748132107F00AF9E0
:105550002968404805F034FF3E4805F039FF142122
:10556000324807F0FFF83B4805F032FF1E21304873
:1055700007F0F8F8374805F02BFF15212D4807F004
:10558000F1F8344805F024FF1E212B4807F0EAF813
:10559000304805F01DFF2021284807F0E3F82D488A
:1055A00005F016FF1921264807F0DCF8294805F018
:1055B0000FFF1221234807F0D5F8264805F008FF11
:1055C0001921214807F0CEF8224805F001FF0F21EC
:1055D0001E4807F0C7F81F4805F0FAFE0D211C48C9
:1055E00007F0C0F81B4805F0F3FE002201233260EB
:1055F000236003B0BDE8F08F09F0B4F809F0F8F8C3
:105600000028F9D12AE009F0ADF809F0F1F80028F6
:10561000F9D1FFE02887FF1F3888FF1F7087FF1F21
:1056200050850100588501006C85010080850100CE
:1056300098850100B8850100D0850100F085010042
:105640001486010030860100448601006086010056
:1056500070860100B487FF1F07F044F907F02EF9A8
:1056600005460028F8D1B948B94E05F0B1FEB74853
:1056700005F0AEFEB54805F0ABFEB44805F0A8FE57
:10568000B24805F0A5FE1F21B24809F0E5F8AF4881
:1056900005F09EFE1C21B04809F0DEF8B06AAF4963
:1056A0000AF0AEFE0AF088FC009502460B46A748B9
:1056B00005F0AEFE0221AA4809F0CEF8A34805F095
:1056C00087FE2321A74809F0C7F8306CA3490AF0E8
:1056D00097FE0AF071FC009502460B469B4805F0C8
:1056E00097FE02219E4809F0B7F8984805F070FE31
:1056F00019219D4809F0B0F8F06B0AF05DFC022713
:1057000002460B469148009705F082FE39469748BD
:1057100009F0A2F88D4805F05BFE1921944809F0C4
:105720009BF8B6F8C010894805F04AFE032191485D
:1057300009F092F8854805F04BFE8F4805F048FEC9
:105740008D4805F045FE8C4805F042FE8A4805F07C
:105750003FFE894805F03CFE1F217E4807F002F815
:10576000854805F035FE7C481C2106F0FBFFB06A39
:105770007A490AF045FE0AF01FFC009502460B46E6
:105780007D4805F045FE3946754806F0EBFF7A483E
:1057900005F01EFE7348232106F0E4FF306C6F49CC
:1057A0000AF02EFE0AF008FC009502460B467248ED
:1057B00005F02EFE39466A4806F0D4FF6E4805F023
:1057C00007FE6948192106F0CDFFF06B0AF0F4FBE3
:1057D00000970B460246684805F01AFE39466348B2
:1057E00006F0C0FF644805F0F3FD6148192106F09A
:1057F000B9FFB6F8C010604805F0E2FD5D4803212E
:1058000006F0B0FF5C4805F0E3FD072300F0B9BCEB
:1058100007F068F807F052F805460028F8D14B4821
:105820004B4E05F0D5FD494805F0D2FD474805F03F
:10583000CFFD464805F0CCFD444805F0C9FD1521D3
:105840004E4809F009F8414805F0C2FD3F4805F00F
:10585000BFFD2C214A4808F0FFFF3C4805F0B8FD89
:105860002521484808F0F8FF0A222B4696F8C9106F
:10587000364805F0C5FD354805F0AAFD1921424816
:1058800008F0EAFF3C4805F0A3FD3B4805F0A0FD09
:10589000394805F09DFD384805F09AFD364805F079
:1058A00097FD1521354806F05DFF334805F090FD62
:1058B000314805F08DFD2C21314806F053FF2E486C
:1058C00005F086FD2F48252106F04CFF2B4696F863
:1058D000C91029480A2205F093FD274805F078FDF4
:1058E0002948192106F03EFF96F8CA30002B42F0F5
:1058F00058820E21254808F0AFFF144805F068FDD6
:1059000022480E2106F02EFF1B4805F061FD1321F1
:105910001F4808F0A1FF0D4805F05AFD1C4813214F
:1059200006F020FF144805F053FD092300F029BCC0
:1059300008F018FF08F05CFF0028F9D12CE008F00F
:1059400011FF08F055FF0028F9D1C5E03888FF1F86
:105950003893FF1FF48301001484010000007A448F
:105960004C7D01003484010058840100C88301008B
:105970007484010090840100B487FF1F48860100F1
:1059800034810100648101008C810100A881010043
:10599000CC81010006F0A6FF06F090FF0546002826
:1059A000F8D14348434E05F013FD414805F010FD82
:1059B0003F4805F00DFD3E4805F00AFD3C4805F066
:1059C00007FD15213C4808F047FF394805F000FD68
:1059D00018213A4808F040FF0A222B4696F8441056
:1059E000334805F00DFD324805F0F2FC282134481B
:1059F00008F032FFB06C33490AF002FD0AF0DCFA1D
:105A0000009502460B462A4805F002FD02212E4869
:105A100008F022FF264805F0DBFC13212B4808F094
:105A20001BFF234805F0D4FC294805F0D1FC284889
:105A300005F0CEFC264805F0CBFC254805F0C8FC57
:105A4000234805F0C5FC15211B4806F08BFE2048B5
:105A500005F0BEFC1948182106F084FE2B460A22E8
:105A600096F844101A4805F0CBFC194805F0B0FC34
:105A70001348282106F076FEB06C12490AF0C0FCEB
:105A80000AF09AFA00950B460246114805F0C0FC50
:105A900002210D4806F066FE0D4805F099FC0B4802
:105AA000132106F05FFE0A4805F092FC082368E324
:105AB0003888FF1F3893FF1F18860100E08101001E
:105AC000FC81010000007A444C7D0100CC81010082
:105AD000B487FF1F06F006FF06F0F0FE054600281B
:105AE000F8D18D488D4E05F073FC8B4805F070FCA5
:105AF000894805F06DFC884805F06AFC864805F089
:105B000067FC1121864808F0A7FE834805F060FC79
:105B10002821844808F0A0FEB06983490AF070FC8F
:105B20000AF04AFA009502460B467B4805F070FCE5
:105B300002217E4808F090FE774805F049FC1621C6
:105B40007B4808F089FE306A77490AF059FC0AF070
:105B500033FA009502460B466F4805F059FC0221C6
:105B6000724808F079FE6C4805F032FC714805F087
:105B70002FFC704805F02CFC6E4805F029FC6D48A0
:105B800005F026FC6B4805F023FC1121644806F063
:105B9000E9FD684805F01CFC6248282106F0E2FD9A
:105BA000B06961490AF02CFC0AF006FA0095024639
:105BB0000B46604805F02CFC02215C4806F0D2FD43
:105BC0005C4805F005FC5A48162106F0CBFD306A0A
:105BD00055490AF015FC0AF0EFF900950B4602460C
:105BE000544805F015FC5148022106F0BBFD514810
:105BF00005F0EEFBD6F8B830AB4268DD1D214E480B
:105C000008F02AFEB6F860000AF0A6FB4B490AF03D
:105C1000F7FB0AF0D1F9022502460B463E480095F3
:105C200005F0F6FB0121464808F016FE3A4805F05B
:105C3000CFFB1F21434808F00FFEB6F864000AF0BE
:105C40008BFB3E490AF0DCFB0AF0B6F900950246F0
:105C50000B46314805F0DCFB0121394808F0FCFD1A
:105C60002D4805F0B5FB1D21334806F07BFDB6F845
:105C700060000AF071FB31490AF0C2FB0AF09CF99E
:105C8000009502460B462B4805F0C2FB01212C482B
:105C900006F068FD274805F09BFB1F21294806F008
:105CA00061FDB6F864000AF057FB24490AF0A8FB2E
:105CB0000AF082F9009502460B461E4805F0A8FB43
:105CC0001F48012106F04EFD1A4805F081FB112105
:105CD0001D4808F0C1FD1C48112106F043FDD6F80F
:105CE000B830062B01F2C886DFE813F0FF0F08106A
:105CF000F60FC40FBB0FB20FBE0E08F033FD08F055
:105D000077FD0028F9D123E008F02CFD08F070FDA4
:105D10000028F9D178E100BF3888FF1F3893FF1FB2
:105D2000BC8501002882010000007A444C7D0100FE
:105D300054820100B487FF1F6C820100CDCCCC3DA2
:105D4000A48801008C820100AC82010006F0CAFD2B
:105D500006F0B4FD0028F9D19348944FDFF8508243
:105D6000DFF85092DFF850A2DFF850B2944E954D14
:105D700005F02EFB8C4805F02BFB8B4805F028FB2B
:105D8000894805F025FB884805F022FB13218E4841
:105D900008F062FD844805F01BFB0D218B4808F0DC
:105DA0005BFD814805F014FB0F21894808F054FD84
:105DB00039687D4805F004FB7B4805F009FB132199
:105DC000844808F049FDD8F80010774805F0F8FA43
:105DD000754805F0FDFA12217F4808F03DFDD9F81D
:105DE0000010714805F0ECFA6F4805F0F1FA112146
:105DF0007A4808F031FDDAF800106B4805F0E0FA57
:105E0000694805F0E5FA0E21754808F025FDDBF834
:105E1000A810654805F0D4FA634805F0D9FA1921AD
:105E2000704808F019FD704A5F48116805F0C8FA1B
:105E30005D4805F0CDFA11216C4808F00DFD6C4B62
:105E40005948196805F0BCFA574805F0C1FA102105
:105E5000684808F001FD3168534805F0B1FA52482E
:105E600005F0B6FA1C21644808F0F6FC29684E4893
:105E700005F0A6FA4C4805F0ABFA13215F4808F08C
:105E8000EBFC494805F0A4FA5D4805F0A1FA5C482E
:105E900005F09EFA5A4805F09BFA594805F098FA21
:105EA000574805F095FA1321474806F05BFC544823
:105EB00005F08EFA0D21454806F054FC504805F0D7
:105EC00087FA43480F2106F04DFC39684C4805F02D
:105ED00077FA4B4805F07CFA3E48132106F042FC65
:105EE000D8F80010464805F06BFA454805F070FAFE
:105EF0003948122106F036FCD9F80010404805F068
:105F00005FFA3F4805F064FA3448112106F02AFC94
:105F1000DAF800103A4805F053FA394805F058FA13
:105F20002F480E2106F01EFCDBF8A810344805F0BF
:105F300047FA334805F04CFA2A48192106F012FCBA
:105F4000294A2F48116805F03BFA2D4805F040FA20
:105F50002648112106F006FC254B2948196805F052
:105F60002FFA274805F034FA2248102106F0FAFBF0
:105F70003168234805F024FA214805F029FA1E4823
:105F80001C2106F0EFFB29681D4805F019FA1C4892
:105F900005F01EFA1948132106F0E4FB184805F035
:105FA00017FA0423EDE000BF3888FF1FE491FF1FBC
:105FB000DC91FF1FE891FF1FEC91FF1F3893FF1F3B
:105FC000D891FF1F2487FF1F80860100948601005F
:105FD000A4860100B4860100C8860100DC860100A9
:105FE000F086010000870100F491FF1F1C8701006B
:105FF000E091FF1F3087010044870100CC81010040
:10600000B487FF1F06F06EFC06F058FC0028F9D19B
:10601000B548B64E05F0DCF9B34805F0D9F9B248F9
:1060200005F0D6F9B04805F0D3F9AF4805F0D0F93E
:106030001F21AF4808F010FCAB4805F0C9F91E213C
:10604000AC4808F009FCA84805F0C2F91A21AA4892
:1060500008F002FCA94805F0BBF9A84805F0B8F91A
:10606000A64805F0B5F9A54805F0B2F9A34805F032
:10607000AFF91F219E4806F075FBA04805F0A8F96E
:106080001E219C4806F06EFB9C4805F0A1F99A4839
:106090001A2106F067FBF36F022B01F0EB87032B4D
:1060A00001F0C887012B41F0D5871E21944808F0E4
:1060B000D3FB8D4805F08CF991481E2106F052FB68
:1060C0008E4805F085F914218E4808F0C5FBB16FA4
:1060D000854805F075F9844805F07AF91C218A484D
:1060E00008F0BAFBD6F884107F4805F069F97E48BD
:1060F00005F06EF91C21854808F0AEFBD6F8B41007
:10610000794805F05DF9784805F062F97D48142179
:1061100006F028FBB16F794805F052F9774805F091
:1061200057F979481C2106F01DFBD6F884107348F6
:1061300005F046F9714805F04BF974481C2106F04A
:1061400011FBD6F8B4106D4805F03AF96B4805F02C
:106150003FF9F36F23F00202012A01F03286022B8D
:1061600001F0988713216A4808F076FB5E4805F035
:106170002FF96748132106F0F5FA604805F028F971
:106180000223236003B0BDE8F08F00232360732057
:10619000FEF746BE08F02CFB002800F3F78106F05E
:1061A0008DFB002800F31E8223682868FFF718B8CB
:1061B00008F01EFB002800F3048206F07FFB002895
:1061C000F2DD012200214D48484E05F04FFA0AF059
:1061D000C3F850490AF014F930640CE208F008FBE7
:1061E000002800F3E18106F069FB0028DCDD43486C
:1061F0003E4E0122002105F039FAA6F8C000FAE16E
:106200003A4E96F8C830012B0CBF0023012386F8C4
:10621000C83008F0EDFA002800F31E8206F04EFBAD
:10622000002800F3EE8123682868FEF7DCBF96F8AB
:10623000CA30B3FA83F301225B09226086F8CA30C0
:10624000FEF7ECBD71287EF4F5AD334900237322CF
:106250000B6023602A60FFF7FEB808F0C9FA002837
:1062600010DD012200212048204E05F0FFF92A4BC5
:10627000C6F8AC0002221A60FCF752FF01226B2321
:1062800022602B6006F01AFB002801F37B8523684F
:106290002868FEF7C9BD08F0ABFA00280BDD012223
:1062A0001148124E002105F0E1F901226B23C6F8D6
:1062B000900022602B6006F001FB0028E7DD0F480C
:1062C0000A4E0122002105F0D1F9C6F89000012202
:1062D0006B2322602B6001E008F044FA08F088FA92
:1062E0000028F9D11CE000BF3888FF1F3893FF1F3A
:1062F0006487010084870100A4870100B487FF1F21
:10630000C0870100288801004088010060880100E2
:10631000CC8101006F12833AE091FF1F06F0E2FA90
:1063200006F0CCFA0028F9D1BD4805F051F8BC4878
:1063300005F04EF8BA4805F04BF8B94805F048F8B2
:10634000B74805F045F82121B64808F085FAB44869
:1063500005F03EF81521B44808F07EFAD6F888100A
:10636000AF4805F02DF80221B04808F075FAAC48A6
:1063700005F02EF81E21AE4808F06EFAD6F89010FF
:10638000A74805F01DF80321AA4808F065FAA448BB
:1063900005F01EF81E21A84808F05EFAD6F88C1009
:1063A0009F4805F00DF89E4805F012F81D21A348FE
:1063B00008F052FAD6F8AC10994805F001F8984860
:1063C00005F006F81E219E4808F046FAD6F8B010EF
:1063D000934804F0F5FF924804F0FAFF994804F05E
:1063E000F7FF984804F0F4FF964804F0F1FF954851
:1063F00004F0EEFF934804F0EBFF2121894806F0FA
:10640000B1F9904804F0E4FF8748152106F0AAF995
:10641000D6F888108B4804F0D3FF0221834806F099
:10642000A1F9884804F0D4FF81481E2106F09AF9AA
:10643000D6F89010834804F0C3FF03217D4806F08E
:1064400091F9804804F0C4FF7B481E2106F08AF9C8
:10645000D6F88C107B4804F0B3FF7A4804F0B8FFFC
:1064600076481D2106F07EF9D6F8AC10754804F088
:10647000A7FF744804F0ACFF71481E2106F072F9C2
:10648000D6F8B0106F4804F09BFF6E4804F0A0FFF0
:10649000052376E608F0ACF900280BDD0122604800
:1064A000694E002105F0E2F801226B23C6F88C004A
:1064B00022602B6006F002FA00287FF7E8AE614800
:1064C000614E0122002105F0D1F8C6F88C00FEE6ED
:1064D00008F08EF9002810DD0122002150485A4EA4
:1064E00005F0C4F8594BC6F8B00003221A60FCF757
:1064F00017FE01226B2322602B6006F0DFF90028D3
:106500007FF7C5AE012200214E484F4E05F0AEF890
:106510004E4BC6F8B00003221A60FCF701FED6E627
:106520003F48494E0122002105F0A0F886F84400BA
:10653000FEF7C3BD012200214248434E05F096F804
:1065400009F00AFF424909F05BFF96F84410B06475
:1065500002464048FBF7F0FCFEF7BFBD01220021D8
:106560002F48394E05F082F809F0F6FE384909F057
:1065700047FF96F84410B06402463648FBF7DCFC4F
:106580000122692322602B60FEF707BE0122002151
:1065900023482D4E05F06AF809F0DEFE0122612342
:1065A000F06322602B60FAE501221D48264E00218F
:1065B00005F05CF801226123A6F8C00022602B6080
:1065C00011E60122002116481F4E05F04FF809F090
:1065D000C3FE1F4909F014FF0122612330642260C9
:1065E0002B60EAE5012200211648174E05F03EF81F
:1065F00009F0B2FEF0636120012323602860FEF7FA
:1066000070BD012200210F480F4E05F02FF809F050
:10661000A3FE70636520012323602860FEF761BD3F
:106620003888FF1F94840100B88401004083010072
:10663000D084010028800100F08401001085010051
:1066400030850100B487FF1F3893FF1FE091FF1FC3
:106650006F12833A6C94FF1F01220021B148B24EA1
:1066600005F004F809F078FE0122652370632260CA
:106670002B60D3E5AD4AFEF7A9BD0126266008F0E0
:10668000B7F8002801F36B84A94E06F017F900282B
:1066900001F35D8430680428C4BF0223336023689B
:1066A0006420092B286001F05C83082B3EF4C5AB05
:1066B000FEF77ABD002323607320FEF790BD9D4A4C
:1066C000FEF784BD9C4AFEF781BD9C4B1A680121F0
:1066D000002A0CBF0A46002221601A6041F059844A
:1066E00064202860FEF7FDBC954AFEF76FBD8E4E14
:1066F000D6F8A830B3FA83F301225B092260C6F80A
:10670000A830FEF76ABD01238E482360FAF7DEFA4F
:1067100023688D496422092B08602A6001F02183D7
:10672000082B3EF48AAB1046FEF73EBDD422002172
:106730007D48864E05F0A2F82B6800210122732BBC
:10674000216032607EF479ABFEF78ABE01262660B6
:1067500008F04EF8002809DD324600217148724EDB
:1067600004F084FF09F0F8FDC6F8940006F0A6F8DE
:10677000002809DD0122002175486B4E04F076FFE8
:1067800009F0EAFDC6F8940023686320072B28600F
:106790003EF453AB062B7EF426ADFEF74EBB08F05D
:1067A00027F800280EDD01225E485F4E002104F02C
:1067B0005DFF00EB800043000122A6F862306523F4
:1067C00022602B6006F07AF800287FF72CAD604835
:1067D000554E0122002104F049FF00EB80004300E8
:1067E000A6F8623016E7504EF36F01221344042BD3
:1067F000A8BF00232260F36763202860FEF771BC06
:10680000494EB36FB3FA83F301225B092260B36789
:10681000F2E7454ED6F8B8300133072BA8BF002366
:10682000C6F8B830F6E607F0E3FF00280BDD0122DA
:106830003C483D4E002104F019FF01226523C6F8B3
:10684000BC0022602B6006F039F800287FF7EBAC23
:106850003F48354E0122002104F008FFC6F8BC0075
:10686000D8E607F0C5FF002818DD012200212D48D9
:106870002D4E04F0FBFE4FF47A7300FB03F3354812
:10688000736003F0B3FD00237168334A009331480D
:1068900003F0C0FE0122652322602B6006F00EF893
:1068A00000287FF7C0AC0122002129481E4E04F0C9
:1068B000DDFE4FF47A7300FB03F32648736003F0A8
:1068C00095FD00237168244A2248009303F0A2FE3C
:1068D000A0E6154ED6F88430B3FA83F301225B09A3
:1068E0002260C6F8843087E70126266007F080FF23
:1068F000002807DD32460B480B4E002104F0B6FE9F
:10690000C6F8B40005F0DAFF002807DD1048064E8F
:106910000122002104F0AAFEC6F8B400012323607E
:106920006AE700BF3888FF1F3893FF1FD891FF1F09
:106930002487FF1FE491FF1FDC91FF1FE891FF1FD9
:10694000EC91FF1F6C94FF1FF491FF1F2887FF1F1E
:10695000B487FF1F88B7FF1F80B7FF1F012626607F
:1069600007F046FF002809DD324600219F48A04E6F
:1069700004F07CFE09F0F0FCC6F8980005F09EFFDC
:1069800000287FF701AF012200219A48984E04F0B9
:106990006DFE09F0E1FCC6F89800F5E607F028FF67
:1069A00000280FDD012200219048914E04F05EFE88
:1069B00009F0D2FC904909F0D7FD01226523B061AE
:1069C00022602B6005F07AFF00287FF72CAC0122B3
:1069D00000218848864E04F049FE09F0BDFC864936
:1069E00009F0C2FDB06115E607F002FF00280FDDD7
:1069F000012200217D487E4E04F038FE09F0ACFCF7
:106A00007D4909F0B1FD01226523306222602B60CF
:106A100005F054FF00287FF706AC012200217548DD
:106A2000734E04F023FE09F097FC734909F09CFDB6
:106A30003062EFE507F0DCFE00280EDD01226B4836
:106A40006B4E002104F012FE00EB80004300012297
:106A5000A6F86030652322602B6005F02FFF002828
:106A60007FF7E1AB6348624E0122002104F0FEFD96
:106A700000EB80004300A6F86030CBE507F0B8FEDD
:106A800000280EDD01225948594E002104F0EEFD88
:106A900000EB800043000122A6F8643065232260E9
:106AA0002B6005F00BFF00287FF7BDAB5148504E1F
:106AB0000122002104F0DAFD00EB80004300A6F87B
:106AC0006430A7E50126266007F092FE002807DD66
:106AD00032464648464E002104F0C8FDA6F8C200E2
:106AE00005F0ECFE00287FF74FAE4248404E0122F1
:106AF000002104F0BBFDA6F8C20045E63C4ED6F8E6
:106B0000803001221344042BA8BF13462260C6F82C
:106B1000803071E60126266007F06AFE002807DD56
:106B200032463248324E002104F0A0FDC6F89C00E7
:106B300005F0C4FE00287FF7F1AE2E482C4E01224E
:106B4000002104F093FDC6F89C00E7E607F066F923
:106B500007F04EFE00280FDD012200212348244EBD
:106B600004F084FD09F0F8FB234909F0FDFC012243
:106B70006223F06022602B6005F0A0FE002801F384
:106B8000A48223682868FEF752B907F031FE002876
:106B90000FDD012200211548154E04F067FD09F0B4
:106BA000DBFB154909F0E0FC012262233061226021
:106BB0002B6005F083FE0028E3DD012200210D4853
:106BC0000B4E04F053FD09F0C7FB0B4909F0CCFC58
:106BD00030610122622322602B6001E007F0C2FDD8
:106BE00007F006FE0028F9D10AE000BF3888FF1F31
:106BF0003893FF1FB487FF1F00007A4405F072FE30
:106C000005F05CFE0028F9D10746C34804F0E0FB1C
:106C1000C14804F0DDFBC04804F0DAFBBE4804F0D4
:106C2000D7FBBD4804F0D4FB1521BC4807F014FE87
:106C3000B94804F0CDFB1421B94807F00DFEB64861
:106C400004F0C6FB1B21B74807F006FEB24804F06B
:106C5000BFFB1321B44807F0FFFDAF4804F0B8FBB9
:106C6000AD4804F0B5FBAC4804F0B2FB2021AF48BE
:106C700007F0F2FDF068AE4909F0C2FB09F09CF99B
:106C8000009702460B46A44804F0C2FB0221A94823
:106C900007F0E2FD0221A84807F0DEFD9E4804F05F
:106CA00097FB2121A54807F0D7FD3069A04909F0DD
:106CB000A7FB09F081F9009702460B46964804F0BD
:106CC000A7FB02219B4807F0C7FD02219A4807F065
:106CD000C3FD914804F07CFB1F21994807F0BCFDDF
:106CE000F06A09F069F9022502460B468A480095C8
:106CF00004F08EFB0121934807F0AEFD29468E4833
:106D000007F0AAFD844804F063FB20218E4807F0B9
:106D1000A3FD306B09F050F9009502460B467E4802
:106D200004F076FB0121874807F096FD294682484A
:106D300007F092FD784804F04BFB2321834807F0CD
:106D40008BFDF06C7A4909F05BFB09F035F900978F
:106D500002460B46704804F05BFB2946754807F075
:106D60007BFD2946744807F077FD6B4804F030FB43
:106D70001F21774807F070FD306D6D4909F040FB29
:106D800009F01AF9009702460B46634804F040FBED
:106D90002946684807F060FD2946674807F05CFD12
:106DA0005D4804F015FB19216A4807F055FDF16DA7
:106DB000594804F005FB2946674807F04DFD294670
:106DC0005D4807F049FD544804F002FB1821634870
:106DD00007F042FDB6F8660009F0BEFA604909F016
:106DE0000FFB09F0E9F8009502460B464A4804F00B
:106DF0000FFB01215B4807F02FFD29464E4807F0A5
:106E00002BFD454804F0E4FA2B21574807F024FDF8
:106E1000F069474909F0F4FA09F0CEF80097024604
:106E20000B463D4804F0F4FA2946424807F014FDA9
:106E30002946414807F010FD374804F0C9FA1F21E0
:106E40004A4807F009FDB16D334804F0B9FA294604
:106E5000394807F001FD304804F0BAFA20214448CF
:106E600007F0FAFC716D2C4804F0AAFA2946324862
:106E700007F0F2FC284804F0ABFA10213D4807F077
:106E8000EBFCB16E244804F09BFA2946294807F030
:106E9000E3FC2946284807F0DFFC1F4804F098FA75
:106EA0001321354807F0D8FCF16E1B4804F088FA2E
:106EB0000121324807F0D0FC29461F4807F0CCFCDE
:106EC000154804F085FA10212D4807F0C5FC316FF4
:106ED000114804F075FA2946164807F0BDFC29460A
:106EE000154807F0B9FC0C4804F072FA1421254843
:106EF00007F0B2FC716F084804F062FA01211F48E4
:106F000007F0AAFC29460C4807F0A6FC024804F04A
:106F10005FFA162138E000BF3888FF1F688901003A
:106F20008089010098890100CC810100B4890100A9
:106F300000007A444C7D01008C8C0100D88901004E
:106F4000FC8901005C7D01001C8A0100408A01006F
:106F5000648A0100848A0100A08A0100A48A0100D9
:106F6000CDCCCC3DA4880100C08A0100EC8A010090
:106F70000C8B0100308B0100448B0100588B010009
:106F80005C8B0100708B0100C44807F065FC706ADF
:106F9000C34909F035FA09F00FF8009702460B468D
:106FA000C04804F035FA2946BF4807F055FC294689
:106FB000BE4807F051FCBB4804F00AFA2421BC4843
:106FC00007F04AFCD6F8C400B54909F019FA08F0F0
:106FD000F3FF009702460B46B24804F019FA29461F
:106FE000B14807F039FC2946B04807F035FCAD48F8
:106FF00004F0EEF92B21AF4807F02EFCB06B08F03F
:10700000DBFF009502460B46A64804F001FA012179
:10701000A94807F021FC2946A44807F01DFCA14817
:1070200004F0D6F92721A54807F016FC70699C49A1
:1070300009F0E6F908F0C0FF009702460B469948B0
:1070400004F0E6F92946984807F006FC29469748D7
:1070500007F002FC934804F0BBF9924804F0B8F939
:10706000974804F0B5F9964804F0B2F9944804F052
:10707000AFF9934804F0ACF9914804F0A9F915214F
:10708000904805F06FFB8E4804F0A2F914218E4859
:1070900005F068FB8A4804F09BF91B218B4805F03A
:1070A00061FB874804F094F91321894805F05AFBE5
:1070B000834804F08DF9824804F08AF9804804F08E
:1070C00087F98448202105F04DFBF068744909F0E8
:1070D00097F908F071FF009702460B46784804F0D4
:1070E00097F97148294605F03DFB29466F4805F0A0
:1070F00039FB734804F06CF97748212105F032FB25
:107100003069674909F07CF908F056FF009702469C
:107110000B466B4804F07CF96348294605F022FBD6
:107120002946624805F01EFB654804F051F96B489A
:107130001F2105F017FBF06A08F03EFF009502469C
:107140000B465F4804F064F95B48012105F00AFB37
:107150002946564805F006FB594804F039F96048BD
:10716000202105F0FFFA306B08F026FF009502465B
:107170000B46534804F04CF94F48012105F0F2FA50
:1071800029464A4805F0EEFA4D4804F021F95548E1
:10719000232105F0E7FAF06C414909F031F908F0D4
:1071A0000BFF009702460B46454804F031F93E4874
:1071B000294605F0D7FA29463C4805F0D3FA40485D
:1071C00004F006F948481F2105F0CCFA306D344927
:1071D00009F016F908F0F0FE009702460B46384811
:1071E00004F016F93048294605F0BCFA29462F4824
:1071F00005F0B8FA324804F0EBF83C48192105F0E4
:10720000B1FAF16D2E4804F0DBF83948294605F053
:10721000A9FA2946254805F0A5FA294804F0D8F826
:107220001821344805F09EFAB6F8660009F094F883
:10723000314909F0E5F808F0BFFE009502460B461B
:107240001F4804F0E5F82D48012105F08BFA294686
:10725000164805F087FA1A4804F0BAF828482B2196
:1072600005F080FAF0690E4909F0CAF808F0A4FEAA
:10727000009702460B46124804F0CAF80A4829460D
:1072800005F070FA2946094805F06CFA0C4804F03C
:107290009FF81C481F2105F065FA35E0888B010036
:1072A00000007A443888FF1F4C7D01008C8C01005F
:1072B000A08B0100C88B01005C7D0100F48B0100F4
:1072C000B487FF1F68890100808901009889010047
:1072D000CC810100B4890100D8890100FC8901003A
:1072E0001C8A0100408A0100648A0100848A01002E
:1072F000A08A0100A48A0100CDCCCC3DA488010065
:10730000C08A0100EC8A0100B16DC14804F058F850
:107310002946C04805F026FABD4804F059F8BE4891
:10732000202105F01FFA716DB94804F049F829468B
:10733000B84805F017FAB64804F04AF8B7481021E3
:1073400005F010FAB16EB24804F03AF8B448294694
:1073500005F008FA2946AF4805F004FAAC4804F0F5
:1073600037F8B048132105F0FDF9F16EA84804F094
:1073700027F8AD48012105F0F5F92946A54805F0A3
:10738000F1F9A34804F024F8A848102105F0EAF91F
:10739000316F9F4804F014F8A148294605F0E2F93E
:1073A00029469C4805F0DEF9994804F011F8A048F8
:1073B000142105F0D7F9716F954804F001F89A4847
:1073C000012105F0CFF92946924805F0CBF9904804
:1073D00003F0FEFF9748162105F0C4F9706A96493C
:1073E00009F00EF808F0E8FD009702460B468848C1
:1073F00004F00EF88A48294605F0B4F92946854874
:1074000005F0B0F9824803F0E3FF8C48242105F031
:10741000A9F9D6F8C400884908F0F2FF08F0CCFDBD
:10742000009702460B467A4803F0F2FF7C48294653
:1074300005F098F92946774805F094F9744803F067
:10744000C7FF7F482B2105F08DF9B06B08F0B4FD24
:10745000009502460B466E4803F0DAFF7948012199
:1074600005F080F929466B4805F07CF9684803F07F
:10747000AFFF7548272105F075F970696E4908F06E
:10748000BFFF08F099FD00970B460246604803F0E5
:10749000BFFF6348294605F065F929465D4805F0B8
:1074A00061F95B4803F094FF594803F091FF03230F
:1074B000FEF767BE07F09CF900280CDD01220021D1
:1074C0006248634E04F0D2F808F046FF01226223BE
:1074D000F06222602B6005F0F1F900287FF751ABD4
:1074E000012200214A485A4E04F0C0F808F034FF47
:1074F000F062FFF76EBB07F07BF900280CDD01227C
:1075000000215248524E04F0B1F808F025FF012244
:107510006223306322602B6005F0D0F900287FF7EA
:1075200030AB012200213A48494E04F09FF808F0A0
:1075300013FF3063FFF74DBB07F05AF900280FDD4A
:10754000012200214148424E04F090F808F004FF67
:10755000394909F009F801226223F06422602B60A6
:1075600005F0ACF900287FF70CAB01220021284878
:10757000374E04F07BF808F0EFFE2F4908F0F4FFD7
:10758000F064FFF726BB07F033F900280FDD012276
:1075900000212E482E4E04F069F808F0DDFE264941
:1075A00008F0E2FF01226223306522602B6005F0C3
:1075B00085F900287FF7E5AA012200211448244E0E
:1075C00004F054F808F0C8FE1B4908F0CDFF306500
:1075D000FFF7FFBA07F00CF900280ADD01221B486B
:1075E0001B4E002104F042F801226223F065226064
:1075F0002B6005F063F900287FF7C3AA0448144EF6
:107600000122002104F032F8F065FFF7E2BA00BF72
:10761000B487FF1F8C8C01000C8B0100308B0100A4
:107620004C7D0100448B0100588B01005C8B0100F4
:10763000708B0100888B010000007A44A08B010050
:10764000C88B01005C7D0100F48B01003888FF1FAE
:107650003893FF1F07F0CCF800280EDD0122BE484A
:10766000BE4E002104F002F800EB8000430001222E
:10767000A6F86630622322602B6005F01FF900280F
:107680007FF77FAAB648B54E0122002103F0EEFF36
:1076900000EB80004300A6F86630FFF79ABA07F0C7
:1076A000A7F800280FDD01220021AB48AB4E03F004
:1076B000DDFF08F051FEAB4908F056FF01226223BE
:1076C000F06122602B6005F0F9F800287FF759AAD5
:1076D00001220021A248A14E03F0C8FF08F03CFEA1
:1076E000A04908F041FFF061FFF773BAFBF7C6FB52
:1076F00002219D4807F0B0F8974803F069FE022187
:10770000994807F0A9F8944803F062FE02219648D0
:1077100007F0A2F8904803F05BFE1721934807F0AA
:107720009BF88D4803F054FE02218F4807F094F82F
:10773000894803F04DFE02218B4805F013F8884874
:1077400003F046FE0221884805F00CF8844803F057
:107750003FFE0221844805F005F8814803F038FE19
:107760008248172104F0FEFF7D4803F031FE7E4879
:107770007A4E022104F0F6FF794803F029FEFFF764
:1077800028BA07F035F800280FDD012200217248E1
:10779000724E03F06BFF08F0DFFD724908F0E4FE63
:1077A00001226223706222602B6005F087F80028B6
:1077B0007FF7E7A9012200216948684E03F056FFD0
:1077C00008F0CAFD674908F0CFFE7062FFF701BA02
:1077D00007F00EF8002810DD012200215E485F4E00
:1077E00003F044FF08F0B8FD5E4908F0BDFE012239
:1077F0006223C6F8C40022602B6005F05FF8002801
:107800007FF7BFA9012200215548544E03F02EFFF7
:1078100008F0A2FD534908F0A7FEC6F8C400FFF720
:10782000D8B906F0E5FF00280CDD012200214A4806
:107830004A4E03F01BFF08F08FFD01226223B06364
:1078400022602B6005F03AF800287FF79AA9012200
:1078500000214348414E03F009FF08F07DFDB0636D
:10786000FFF7B7B906F0C4FF00280FDD01220021A1
:1078700039483A4E03F0FAFE08F06EFD394908F037
:1078800073FE01226223706122602B6005F016F8FE
:1078900000287FF776A90122002131482F4E03F0FE
:1078A000E5FE08F059FD2F4908F05EFE7061FFF714
:1078B00090B9002273232E4E22602B60FDF7D0BDBD
:1078C0002C4B2948002202211A6006F0C5FF2248ED
:1078D00003F07EFD0B21284806F0BEFF022122485E
:1078E00006F0BAFF1C4803F073FD02211E4804F0A5
:1078F00039FF1B4803F06CFD1F480B2104F032FFD9
:1079000035E706F075FF00280EDD00211248134E02
:10791000012203F0ABFE01230146B0652360174846
:1079200062232B60FAF706FB04F0C8FF00287FF7FC
:1079300028A9012200210A48084E03F097FE0123DE
:107940000146B06523600D4862232B60FAF7F2FA16
:1079500023682868FDF76BBA3888FF1F3893FF1F2C
:10796000B487FF1F00007A448C8C01001081010055
:107970002887FF1F2492FF1F288101006C94FF1F9E
:1079800006F036FF00280ADD0122BF48BF4E002165
:1079900003F06CFE01226223706522602B6004F00C
:1079A0008DFF00287FF7EDA8B948B84E01220021CD
:1079B00003F05CFE7065FFF70CB906F019FF0028B4
:1079C0000ADD0122B048B14E002103F04FFE012232
:1079D0006223B06622602B6004F070FF00287FF7FE
:1079E000D0A8AB48A94E0122002103F03FFEB066AB
:1079F000FFF7EFB806F0FCFE00280ADD0122A248DE
:107A0000A24E002103F032FE01226223F0662260C2
:107A10002B6004F053FF00287FF7B3A89C489B4ECF
:107A20000122002103F022FEF066FFF7D2B806F033
:107A3000DFFE00280ADD01229348944E002103F066
:107A400015FE01226223306722602B6004F036FFAE
:107A500000287FF796A88E488C4E0122002103F063
:107A600005FE3067FFF7B5B804218A4806F0F4FE3A
:107A70008848042104F076FE834803F0A9FC84487A
:107A800003F0A6FCD6F8B830002B52DD182182484E
:107A900006F0E2FED6F8BC107B4803F091FC022110
:107AA0007E4806F0D9FE784803F092FC11217C480C
:107AB00006F0D2FE706808F04BFC7A4908F0A0FC92
:107AC00008F07AFA002502460B466F48009503F04D
:107AD0009FFC0421744806F0BFFE6B4803F078FC5D
:107AE0006D48182104F03EFED6F8BC10684803F03B
:107AF00067FC0221694804F035FE654803F068FC24
:107B00001121674804F02EFE706808F021FC6549D9
:107B100008F076FC08F050FA009502460B465C48E7
:107B200003F076FC6048042104F01CFE584803F082
:107B30004FFC1B215D4806F08FFE5C481B2104F0C2
:107B400011FE96F8C830002B00F01A82012B07D1E5
:107B50001421574806F080FE5548142104F002FE17
:107B6000494803F035FC1F21524806F075FE706B42
:107B700008F022FA022502460B464348009503F01E
:107B800047FC29464C4806F067FE3F4803F020FCBE
:107B90003F4803F01DFC47481F2104F0E3FD706BD4
:107BA00008F00AFA00950B460246394803F030FC0B
:107BB0004148294604F0D6FD354803F009FCD6F8C3
:107BC000B830002B33DD27213C4806F045FEB6F8DF
:107BD000620008F0C1FB3A4908F012FC08F0ECF929
:107BE000009502460B46284803F012FC0121354857
:107BF00006F032FE244803F0EBFB27212F4804F067
:107C0000B1FDB6F8620008F0A7FB2D4908F0F8FBBB
:107C100008F0D2F9009502460B461D4803F0F8FB28
:107C20002848012104F09EFD194803F0D1FB1321DF
:107C3000254806F011FE144803F0CAFB2248132120
:107C400004F090FD124803F0C3FB0623FEF799BA37
:107C50000B211E4806F000FE1C480B2104F082FD9B
:107C60000AE70D211A4806F0F7FD19480D2104F026
:107C700079FD01E70D21174806F0EEFD15480D21AD
:107C800004F070FDF8E600BF3888FF1F3893FF1F2F
:107C9000B487FF1F1C83010024830100408301007F
:107CA000448301006F12833A58830100608301000E
:107CB00090830100A8830100C8830100CC830100E8
:107CC000CDCCCC3DA4880100CC8101001083010003
:107CD00000830100F08201000C21C24806F0BCFDC7
:107CE000C0480C2104F03EFDC6E60D21BE4806F05A
:107CF000B3FDBD480D2104F035FDBDE60C21BB48A8
:107D000006F0AAFDB9480C2104F02CFDB4E6B84EEB
:107D1000FEF766BF06F06CFD00280ADD0122B548BB
:107D2000B34E002103F0A2FC01226223706722609F
:107D30002B6004F0C3FD00287EF723AFAE48AC4EA5
:107D40000122002103F092FC7067FEF742BF002180
:107D5000A948012203F08AFCC1B286F84410FDF75D
:107D6000B3B9A34E96F8CA30012B96F8C93040F249
:107D7000FF800022012B86F8CA207DF65EA86420D1
:107D8000FDF738B8012200219B48994E03F06EFCA4
:107D90009A4BC6F8AC0002221A60FBF7C1F9FEF755
:107DA00096BA1121964806F057FD924803F010FB51
:107DB0009348112104F0D6FC8F4803F009FBFDF72E
:107DC000A6BD1C218F4806F047FDD6F898008E49C5
:107DD00008F016FB08F0F0F8022502460B4685482D
:107DE000009503F015FB0521884806F035FD814814
:107DF00003F0EEFA83481C2104F0B4FCD6F8980096
:107E0000814908F0FDFA08F0D7F800950B460246C4
:107E1000794803F0FDFA7D48052104F0A3FC76487B
:107E200003F0D6FAF36F012B30D11D21784806F00C
:107E300013FDD6F89400744908F0E2FA08F0BCF893
:107E4000009502460B466B4803F0E2FA05216F48A5
:107E500006F002FD674803F0BBFA6D481D2104F0EF
:107E600081FCD6F89400684908F0CAFA08F0A4F832
:107E700000950B460246604803F0CAFA63480521A4
:107E800004F070FC5C4803F0A3FAF36F23F00202E5
:107E9000012A7EF464A91C215E4806F0DDFCB6F8D8
:107EA000C210544803F08CFA03215B4806F0D4FC5E
:107EB000504803F08DFA57481C2104F053FCB6F8E3
:107EC000C2104D4803F07CFA5348032104F04AFCE9
:107ED000494803F07DFAF36F012B7EF440A91F217E
:107EE0004E4806F0B9FCD6F89C0008F035FA4C492B
:107EF00008F086FA08F060F8022502460B463D4875
:107F0000009503F085FA2946464806F0A5FC394855
:107F100003F05EFA1F21414804F024FCD6F89C00CF
:107F200008F01AFA3E4908F06BFA08F045F8009597
:107F30000B460246304803F06BFA3A48294604F0F3
:107F400011FC2D4803F044FAF36FFEF708B92A48F4
:107F50000122002103F08AFB3060FEF79CBB324611
:107F60002448314E002103F081FB3060FEF78DBBC9
:107F7000012B7CF662AF002386F8C930FCF75DBFA9
:107F800012212A4806F068FC2848122104F0EAFB76
:107F9000E6E5274B00210B20196004F097F800213B
:107FA0000C2004F093F80021142004F08FF8152021
:107FB000002104F08BF823686420092B28607EF4EC
:107FC00074AB0B4E96F8CA30012B96F8C93040F2CC
:107FD0008A804FF00002012B86F8CA203FF6CFAE10
:107FE000FCF72BBFE0820100C0820100D0820100BB
:107FF0003893FF1F3888FF1FB487FF1FE091FF1FD2
:10800000B8810100808801000AD7233CA0880100C4
:10801000A8880100C8880100E8880100EC880100F8
:108020006F12833A7C7F01002487FF1F7C8301004D
:108030000C93FF1F2021664806F00EFC654803F0F4
:10804000C7F96348202104F08DFB634803F0C0F9B1
:10805000FEF739B80921614806F0FEFB5D4803F0E0
:10806000B7F95E48092104F07DFB5B4803F0B0F9E5
:10807000FEF729B817215A4806F0EEFB554803F0E1
:10808000A7F95748172104F06DFB534803F0A0F9F6
:10809000FEF719B81721534806F0DEFB51481721A7
:1080A00004F060FBD6F88030012B25D0022B33D0B2
:1080B000032B7EF457A84C494648FAF7CBFE4A49B1
:1080C0004548FAF7C7FEFEF74DB8012200214248A5
:1080D000464E03F0CBFA08F03FF9454908F044FA60
:1080E000F060FEF776BD012B7CF6A7AE4FF00003E3
:1080F00086F8C930FCF7A1BE10213E4806F0ACFB63
:10810000344803F065F93B48102104F02BFB32485A
:1081100003F05EF9FEF726B81021374806F09CFB05
:108120002C4803F055F93448102104F01BFB2A4871
:1081300003F04EF9FEF716B82C4EFEF7CFB806F056
:1081400057FB002825DC04F0B9FB00287EF72CA89B
:10815000012200212048254E03F088FA08F0FCF89F
:10816000264908F04DF9B062FEF745BA06F040FB2B
:1081700000281FDC04F0A2FB00287EF788A8164820
:108180001A4E0122002103F071FAC6F88800FEF7AA
:108190009EB8012200210F48144E03F067FA08F040
:1081A000DBF8164908F02CF901226123B062226045
:1081B0002B60C8E7012207480C4E002103F056FA55
:1081C00001226B23C6F8880022602B60D2E700BF33
:1081D000E08701003888FF1FB487FF1F1C8801005B
:1081E000048801000C8901004C8901003893FF1FAD
:1081F00000007A4424890100388901006F12833A13
:10820000264BDA6F022A03D1D3F88030022B00D03C
:10821000704700B5112085B003F07AFF01281ED009
:10822000122003F075FF012819D01D4BDFF874C030
:108230001B6802931C4ADDF808E0CCF800E04FF020
:10824000010C82F800C0194819491A4A00234FF05E
:10825000000C80F800C00B60136005B000BD134B2C
:10826000114A1B78002111706BB90D4B1B680193EB
:1082700010480C4ADFF838C0019911600023CCF88F
:1082800000300360E9E7064B0B491A680392039A32
:108290000968521AFA2AE9D8DFE700BF3893FF1FAE
:1082A0003CB9FF1F3892FF1F4C92FF1F4D92FF1FDA
:1082B0004092FF1F4492FF1F5092FF1FDFF864C0DF
:1082C00008B5194BDCF80020181D13F8011F98425F
:1082D00041EA0222F9D11549154BC96FCCF80020AB
:1082E00002F100400229186004D0124A1268012AE3
:1082F0000AD008BD08F030F80F4A1060FBF7A2FB67
:108300000C4A1268012AF4D10C4803F061F8084BBA
:108310000A48196803F054F8BDE8084008480321EA
:1083200006F09ABA6092FF1FB391FF1F3893FF1FA8
:108330005C92FF1FE491FF1F4092FF1F3888FF1FD0
:108340001C8C010008B5174B1A7BDB7A02EA03018B
:10835000FF2911D043EA0220134A144BD26F00B216
:1083600000EB800000EB80008000022A186012D031
:108370000F4A1268012A00D008BD0E4803F028F801
:108380000A4B0C48196803F01BF8BDE808400A487E
:10839000032106F061BA07F0DFFF084A1060FBF71F
:1083A00051FBE5E7AC91FF1F3893FF1F5C92FF1F65
:1083B000E491FF1F3888FF1F1C8C01004092FF1FB3
:1083C00070B5724D724884B0294602F033FA714B91
:1083D000D3F88030012B3DD0022B08D0032B00F0C6
:1083E000A0806D4B1B68012B3CD004B070BD2B6886
:1083F00040F22252934200F08C8040F2235293428A
:1084000000F0BB8040F221529342EAD1634B1B78CB
:10841000002BE6D1EB79052BE3D9AA896889604B5B
:1084200040EA024080EAE072A2EBE0729A42D8DCB5
:108430005C4B5D4C186007F08FFF5C4B5C491A6821
:1084400001925C4B20600122019808601A70FBF7D2
:10845000F9FAC6E72A6840F2C2339A42C1D1FFF75F
:108460002DFFBEE7514C5448226803920399002324
:108470000A2202F0C5FF2268029200230A224F4816
:10848000029902F0BDFF2A68EB79002A3ADB4C49D9
:108490004C4808F05BFE4B4809F0D2F801464948C9
:1084A00006F0DAF9474809F0CBF80146454804F0F0
:1084B00059F92C6814F0804443D1EB79CBB1424E8A
:1084C00016F8012F41493F4808F040FE3D4809F0A9
:1084D000B7F801463B4806F0BFF93A4809F0B0F852
:1084E0000146384804F03EF90134EB79E4B2A34286
:1084F000E6D8314802F06CFF304804B0BDE8704067
:1085000002F066BF32492F4822F0604208F01EFE9A
:10851000C1E76B89A9892F4A43EA01431BBA13605B
:108520005FE72B68DA002C4A48BFC3F3112393425C
:108530007FF457AF2B7A002B7FF453AFFFF702FF86
:108540004FE7264D1F4C0FCD0FC495E8030044F8AC
:10855000040B204620F8141909F072F80146A4F122
:10856000140006F079F9A4F1140009F069F8014645
:10857000A4F1140004F0F6F8BBE76B89A989184A46
:1085800043EA01431BBA13602BE700BFAC91FF1F06
:1085900088B7FF1F3893FF1FE491FF1F4C92FF1F06
:1085A000204969005C92FF1F4092FF1F3CB9FF1FEA
:1085B0005092FF1F4D92FF1F3888FF1FB487FF1F87
:1085C000488C01006492FF1FB391FF1F748C01005F
:1085D000208C01005892FF1F14F201005C8C0100F6
:1085E0005492FF1F08B5284802F0F2FE27480721E1
:1085F00006F032F9112003F08BFD00B32448062168
:1086000006F02AF9122003F083FD08B32148062161
:1086100006F022F9122003F07BFD10B31E4806215C
:1086200006F01AF9132003F073FD18B31B48062156
:1086300006F012F9BDE80840134802F0C9BE184818
:10864000062106F009F9122003F062FD0028DDD1B1
:108650001448062106F000F9122003F059FD002805
:10866000DCD11148062106F0F7F8132003F050FD85
:108670000028DBD10D48062106F0EEF8BDE80840E1
:10868000014802F0A5BE00BF3888FF1F808C0100A2
:10869000888C0100988C0100A88C0100B88C010026
:1086A000908C0100A08C0100B08C0100C08C0100F6
:1086B00010B5294C2368042B26DC01210B2003F084
:1086C00005FD01210C2003F001FD0121142003F020
:1086D000FDFC0121152003F0F9FCFF21162003F019
:1086E0006FFBFF21172003F06BFBFF21052003F038
:1086F00067FBFF21062003F063FB236801330B2B8C
:10870000A8BF0023236010BD00210B2003F0DEFC76
:1087100000210C2003F0DAFC0021142003F0D6FC29
:108720000021152003F0D2FC0021162003F048FBA5
:108730000021172003F044FB0021052003F040FB3B
:108740000021062003F03CFB236801330B2BA8BF5C
:108750000023236010BD00BF0492FF1F30B5B8484E
:1087600083B0092104F0BEFC222004F045FCB54A88
:10877000B54BD2F8A8201B78012A09D0052B10D8B8
:10878000DFE813F045014A014F01540140010B009D
:10879000002B00F05081052B03D1AC48072104F0D9
:1087A000A1FC222004F028FCFF2004F025FCFF207F
:1087B00004F022FCA64CFF2004F01EFCA548082172
:1087C00004F090FC2168A44802F0FAFDFF2004F0B8
:1087D00013FCFF2004F010FCFF2004F00DFC9F4868
:1087E000092104F07FFC21689B4802F0E9FDFF208D
:1087F00004F002FCFF2004F0FFFBFF2004F0FCFB70
:1088000097480C2104F06EFC964B9749186820F0AD
:10881000004007F0A9FE07F0CFFB002402460B46FC
:1088200000948D4802F0F4FDFF2004F0E5FBFF20EA
:1088300004F0E2FBFF2004F0DFFB09218B4804F089
:1088400051FC8B48F9F796FB07F0B6FB0094024603
:108850000B46814802F0DCFDFF2004F0CDFBFF2039
:1088600004F0CAFBFF2004F0C7FB0C21814804F090
:1088700039FC7F48F9F7DEFB07F09EFB00940246C7
:108880000B46754802F0C4FDFF2004F0B5FBFF2045
:1088900004F0B2FBFF2004F0AFFB0D21764804F09A
:1088A00021FC7348F9F7C4FB07F086FB00940246ED
:1088B0000B46694802F0ACFDFF2004F09DFBFF2051
:1088C00004F09AFBFF2004F097FB09216B4804F0A9
:1088D00009FC6748F9F72CFB07F06EFB0094024691
:1088E0000B465D4802F094FDFF2004F085FBFF205D
:1088F00004F082FBFF2004F07FFB0C21604804F0B1
:10890000F1FB5B48F9F710FB574907F079FD07F0D9
:1089100053FB009402460B464F4802F079FDFF20BE
:1089200004F06AFBFF2004F067FBFF2004F064FB07
:108930000D21544804F0D6FB4D48F9F7F7FA4A499F
:1089400007F05EFD07F038FB009402460B464248F4
:1089500002F05EFDFF2004F04FFBFF2004F04CFB13
:10896000FF2004F049FB4848092104F0BBFB474BBA
:108970003948196802F024FDFF2004F03DFBFF2078
:1089800004F03AFBFF2004F037FB0E21404804F0CE
:10899000A9FB3748F9F7CAFA05463548F9F7C4FA8A
:1089A0000146284607F022FC2F4907F029FD07F071
:1089B00003FB009402460B46274802F029FDFF20E6
:1089C00004F01AFBFF2004F017FBFF2004F014FB57
:1089D000FF2004F011FB0C212E4804F083FB2448F7
:1089E000F9F79CFA01461C4802F0EAFCFF2004F06B
:1089F00003FBFF2004F000FBFF2003B0BDE8304084
:108A000004F0FABA24480B2104F06CFBC9E62348B1
:108A1000062104F067FBC4E62148072104F062FB4D
:108A2000BFE62048072104F05DFBBAE61E48082196
:108A300004F058FBB5E61D48082104F053FBB0E6EE
:108A4000C88C01003893FF1F1493FF1FE87E0100BC
:108A50004087FF1FE08C0100C887FF1FEC8C0100DE
:108A6000F88C01004492FF1F00007A44088D010039
:108A70006C94FF1F148D0100248D0100348D0100C2
:108A8000408D0100508D0100608D01007087FF1F37
:108A90006C8D01007C8D0100C87E0100B87E010054
:108AA000C07E0100D47E0100DC7E0100D48C010078
:108AB000064B1B68012B06D1054B0648D3F8A410C2
:108AC0000022F8F725B90348F9F7F0B8D091FF1F55
:108AD0003893FF1F6C94FF1F70B5B84DD5F8B830B0
:108AE000042B00F01081032B00F0E580012B71D0E6
:108AF000022B3DD0062B00D070BDB14C686D5021CB
:108B000008224FF45C432160E271238107F024FCCA
:108B1000A96907F075FCAB49054607F02DFE002852
:108B200040F0288190230122A749E372002020739E
:108B3000A272088807F010FC294607F061FCA349DF
:108B4000054607F0FBFD002800F02D81A0492846CE
:108B500007F00AFD07F056FE000A02460123607383
:108B6000A273E373BDE8704095499A4801F0F6BEE0
:108B7000934C9848237240F20E3101222160214625
:108B8000E27101F0EBFE904B686D1B885B00FF2BE0
:108B90004FF00402A8BFFF234FF44171E27140225D
:108BA00021602272637207F0D7FBA96907F028FCE5
:108BB0008449064607F0E0FD002840F0EC80902054
:108BC0000123E0727E498348A37201F0C7FED5F805
:108BD000B8308FE7804B7A4C1968216007228023D8
:108BE0001020E271237203F093FA002800F0CB808A
:108BF0007A4B1B6803EB830343F3D7125B00A3722A
:108C00006272714B764A1B88116893FBF1F3A37370
:108C10001B126373686D07F09FFBA96907F0F0FBF7
:108C2000704B196807F0E2FA6F4907F0E9FB07F0AB
:108C3000E9FD2073000A6249E072664801F08EFE89
:108C4000022003F0CDFA694B1B6823600723E37110
:108C500010208023237203F05BFA002840F0A580E7
:108C6000634B1B6803EB830343F3D7115B00A372D1
:108C7000686D617207F070FBA96907F0C1FB5D4B7D
:108C8000196807F0B3FA584907F0BAFB07F0BAFDC4
:108C90004D4B534A2073000A12681B88E07293FB05
:108CA000F2F347494B48A3731A12627301F056FE60
:108CB000D5F8B8301CE7424C686DA372072240F229
:108CC000FF21E2714EF601022281216007F044FB90
:108CD000A96907F095FB444907F092FB07F092FD64
:108CE0003F4A394B11681B88E072020A93FBF1F38B
:108CF0003848637321461B12A373227301F02EFEC2
:108D0000D5F8B830F2E62E4C3B4AE388226003F0F7
:108D1000FE0343F4006343F00103E380686D07F052
:108D20001BFBA96907F06CFB2F4907F069FB07F0F3
:108D300069FD254A2A4B12881B6892FBF3F281B227
:108D40000023C0F3072060F3070361F30F23111220
:108D500061F3174362F31F6300261E48A360214698
:108D6000E66001F0FBFDA279D5F8B83066F30002A9
:108D7000A271B8E61C49284607F042FB07F042FD05
:108D8000020A0346D0E61A4B1B6803EB830343F346
:108D9000D7125B0033E73146304607F029FA07F077
:108DA00031FD030A0DE79622D8E60C4B1B6803EB56
:108DB000830343F3D7115B0059E700BF3893FF1FCC
:108DC000BC91FF1F00004843EE92FF1F00404E453C
:108DD0000000704388B7FF1F3487FF1F3887FF1FCD
:108DE0002C87FF1F1C92FF1F000020413087FF1FB0
:108DF0003C87FF1F1892FF1FF4E5061838B5164A86
:108E00001648174902F034F800B938BD1221154848
:108E1000154C05F021FD124A144811680023102258
:108E200002F0EEFA114802F0D3FA04F1080502212B
:108E30000F4805F011FD14F8011F0C480023102203
:108E400002F0DEFA092005F0AFFDAC42EFD1BDE83B
:108E50003840064802F0BCBA0892FF1F1CB7FF1F3B
:108E60001092FF1F8C8D01000792FF1F3888FF1F93
:108E7000A07D01002DE9F04397B001E0FFF7A0FAD3
:108E8000934801F0A3FC0028F8D105F0B1FC0028BC
:108E900001DDFBF78FFF03F011FD002801DDFBF77B
:108EA00089FF8C4C94F8CA30012B00F0AA808A4EBE
:108EB0003368012B2DD1894D2B68894A0D930D9B69
:108EC00011685B1AB3F5FA7F3FD82B68854E129371
:108ED0003168129B5B1A41F288318B422DD82B6886
:108EE000814A14931168149B5B1AD4F8BC108B420E
:108EF0000CD92B681593D4F8A83015991160012B63
:108F000000F08280794B1B78032B7DD017B0BDE831
:108F1000F083FBF78BFBD4F8A850744F012D3B78FE
:108F200000F00081052B00F2C780DFE813F0FF019D
:108F3000180269029C01CB01D2016D48F7F7B0FE1F
:108F40002B681393139B3360C9E72B680E930E9B1A
:108F500067481360F8F7C0FED4F8A8306448012BC6
:108F600069D0F8F7E1FF216907F0E8FB002850D04D
:108F70002B68604A0F930F9B12689A4263D85B4F2D
:108F8000FFF796FD5C4B1B68002B65D15B4B1B68A4
:108F9000002B6CD15A4B1B68002B76D13368002B09
:108FA00078D0FFF785FBFBF74DF93B78052B78D0A0
:108FB000F9F724FD534EFBF747FD33684C4823B9BE
:108FC000514B1B68012B00F05D82F7F77FFE336881
:108FD000984200F02D81484B1B68002B40F03081F7
:108FE000FAF70CF894F8CA30002B00F01E8172B624
:108FF000464B4AF202614BF2804299819A8162B6F5
:1090000063E7FFF7FBFE52E717B0BDE8F043FFF759
:1090100063BD3748F8F78AFF216907F08FFB002806
:10902000A6D12B6810931099B4F8C030314A2F4F55
:109030000B441360A4E7F8F777FF216907F07EFB84
:10904000002800F00382294F05233B70FFF730FD15
:10905000294B1B68002B99D0FAF7C8F92C4B2448F0
:109060001968F9F711F8254B1B68002B92D02B6873
:109070001193284A284B11991B6812681C48F9F76C
:1090800021FA1F4B1B68002B88D0FFF7ABFA33681F
:10909000002B86D1FAF744F8FBF7D4F83B78052B80
:1090A00086D11E4A002313801D4A138082E7164B87
:1090B0001B68012B00F0D481084DE36F23F00203FD
:1090C000012B01D1FAF7BEFCFFF79AF8F4E600BFD6
:1090D00088B7FF1F3893FF1FE891FF1F3CB9FF1FA0
:1090E0003492FF1F2892FF1F3092FF1F1493FF1F1F
:1090F0006C94FF1F2C92FF1F2887FF1FD891FF1F22
:10910000EC91FF1FF491FF1F2492FF1F00200540E8
:109110002487FF1F4492FF1F4087FF1FEC92FF1F11
:10912000EE92FF1F052BC2D0A74F3B68112043F0E2
:1091300004033B6002F0ECFFA44B1A68002800F027
:10914000808102B91D60A248F8F7F0FEE16C07F0DB
:1091500013FB9E4B002840F0EB811B689D4A012BBE
:10916000106000F0BE819A48F8F7E0FEE16807F071
:1091700003FB002840F091819548F8F7D7FEA169DC
:1091800007F0FAFA0546002840F08781924A1368F2
:10919000012B00F09E820121142002F097FF8F4ADC
:1091A000D4F8883012688E4D13442A680892089AC1
:1091B000934203D23B6843F002033B608448F8F7D4
:1091C000B3FE216907F0BAFA40B98148F8F7ACFE5E
:1091D000E16907F0B3FA002800F0F88100210B20C4
:1091E00002F074FF3B682A68099203F0FE033B60BB
:1091F0007C4B099A1A607C4B1B68012B7FF45DAF96
:109200007348F8F791FE216907F098FA40B9704861
:10921000F8F78CFEE16807F0AFFA002800F07B82D7
:1092200001210C2002F052FF47E7FFF797FADEE634
:10923000636DA26D02FB03F398427FF4CCAECFE6E0
:1092400002216A4805F008FB694802F0C1F81D21B7
:10925000684805F001FB0221644805F0FDFA644806
:1092600002F0B6F8BCE6644B5A4D002210201A609A
:1092700002F04EFFA0F10103604AB3FA83F35B09E9
:1092800001211420137002F021FF5148F8F74EFE1F
:10929000E16C07F071FA003818BF012028604C48D3
:1092A000F8F744FEA16907F067FA002840F05381FF
:1092B000122002F02DFF00287FF4FEAE0123484D5E
:1092C0003B70FAE64C4B464D00221A60FBF736F92C
:1092D000F3E6494B0025294615201D6002F0F6FEF5
:1092E0002946142002F0F2FE29460C2002F0EEFE80
:1092F0000B20294602F0EAFE334B11201D6002F0DC
:1093000007FF00287FF4D8AE3148F8F70DFE216939
:1093100007F028FA00283FF4CFAE2D48F8F706FEF4
:10932000E16807F015FA0028C8D1C5E60025324BE0
:10933000294615201D6002F0C9FE2946142002F0BE
:10934000C5FE29460C2002F0C1FE29460B2002F082
:10935000BDFE1D4B1D600123214D3B70ADE6264B2C
:109360000025294615201D6002F0B0FE2946142074
:1093700002F0ACFE29460C2002F0A8FE29460B2084
:1093800002F0A4FE104B12481D60F8F7CFFDE16C0F
:1093900007F0F2F9002840F007810E4B1860122008
:1093A00002F0B6FE012800F034810D4D112002F0CC
:1093B000AFFE01287FF481AE2A680C9204233B7033
:1093C000064B0C9A1A6078E60C93FF1FF891FF1F6A
:1093D0006C94FF1FD091FF1FF091FF1FF892FF1FA9
:1093E0003CB9FF1FF492FF1F2492FF1F8C8C0100D9
:1093F0003888FF1FA08D01001093FF1F1492FF1FDC
:10940000A14B012511201D6002F082FE00B93D70C4
:10941000122002F07DFE01287FF44EAE9B48F8F743
:1094200085FD216A0546A06906F0E0FE0146284652
:1094300007F084F900283FF43FAE0323944D3B70BE
:109440003BE6012A7FF47FAE18607CE68F48F8F790
:109450006DFD216907F072F900287FF4F4AD8EE507
:109460008A48F8F761FD216907F068F940B9874833
:10947000F8F75CFDE16807F07FF9002800F05981FA
:10948000834DCDE6F7F722FCA26C94F84410034616
:109490007E483360F8F750FDA2E50021142002F069
:1094A00015FE3B687A4DA26D03F0FD033B602B680F
:1094B0000693E36D069902FB03F3764A4FF47A7044
:1094C00011607549754A03FB00F001230B606423AA
:1094D000136006F041FF724907F046F8714B1860BF
:1094E0006CE66A480193F8F721FD616A07F044F9D8
:1094F0008146002840F0AA80674A1568012D00F0D7
:10950000D7800199624D142002F0E0FD614928687E
:109510000590D4F888300868034405988342BFF466
:109520004DAE3B68C1F8009043F002033B6045E656
:109530005648F8F7FBFC05465448F8F7F5FC216D52
:1095400006F056FE0146284607F016F90038564B3D
:1095500018BF012001E64D48F8F76EFDE26DA36DDE
:10956000804602FB03F34FF47A7003FB00F006F031
:10957000F3FE4B4906F0F8FF216A0546A06906F0A4
:1095800035FE0146404607F0F7F8464B00281D60BF
:10959000424B14BF64225F22002114201A6002F0A3
:1095A00095FD01233B7083E63848F8F7BFFC05467C
:1095B0003648F8F7B9FC216D06F01AFE0146284638
:1095C00007F0DAF8003818BF0120E6E62F48F8F770
:1095D000ABFC61698046E06906F00AFE0146404640
:1095E00007F0CAF800283FF406AE01210B2002F074
:1095F0006DFD2E4B1A682B680A93D4F888301344FB
:109600000A9A9342BFF4F7AD3B6843F001033B6015
:10961000F1E51E48F8F78AFC216A0546A06906F0C4
:10962000E5FD0146284607F089F800283FF4BDAE65
:1096300094F8C830012B00F08780154D04233B704F
:109640002B680B93134B0B9A1A60AFE60021142082
:1096500002F03CFD3A68A16D0D4D0F48019B03607F
:1096600002F0FD023A60E26D0C4B01FB02F2296848
:1096700003914FF47A70074902FB00F0039A0A60E5
:1096800064221A6025E700BF1093FF1F6C94FF1F30
:109690003CB9FF1FF892FF1FF091FF1F4087FF1F8B
:1096A000E4388E3E3C92FF1FF891FF1FF492FF1F9B
:1096B0003148F8F73BFC216A8046606A06F096FD67
:1096C0000146404607F03AF82C4A002840D12C4D7C
:1096D00074E529480193F8F729FC216A8046A069BE
:1096E00006F084FD0146404607F028F8234A00288A
:1096F000EDD001991560142002F0E8FC214AD4F85D
:10970000883012681E4D13442A680792079A9342C4
:10971000BFF454AD4EE51848F8F78AFCE16A07F04B
:109720002BF800287FF47CAD00210C2002F0CEFC49
:10973000C3E41148F8F77CFCE16A07F01DF8002843
:109740007FF49EAE0E4DEFE703230D4D3B702DE6EB
:10975000294614200A4DC2F8009002F0B7FC0949CE
:1097600028680490D4F88830086803440498834239
:10977000BFF424ADD5E600BF6C94FF1FF091FF1F2E
:109780003CB9FF1FF892FF1F10B502F025F80B48F7
:10979000F7F754FA0A48F9F71BF90A4A0A48126817
:1097A0000023012101F0DAFA942002F04FFA044676
:1097B00000F06AFA054B1C6010BD00BF6C94FF1FDF
:1097C0000C94FF1F6C87FF1F1893FF1FCC91FF1F86
:1097D0002DE9F0474FF47A6086B002F001FD0021D8
:1097E0000F2002F0A3FC00210E2002F09FFC0021BC
:1097F000112002F09BFC0021102002F097FC0021B8
:10980000122002F093FC0021132002F08FFC0121B2
:109810000B2002F08BFC01210C2002F087FC0121BF
:10982000142002F083FC0121152002F07FFC0121AD
:10983000162002F07BFC0121172002F077FC0121A9
:109840000520AF4CAF4F02F071FC0121062002F061
:109850006DFC01210D2002F069FC208806F078FDE6
:109860000146162002F0CAFB208806F071FD014671
:10987000172002F0C3FB208806F06AFD0146052090
:1098800002F0BCFB208806F063FD0146062002F0D2
:10989000B5FB7C1E07F1D306C7F10105281901F0BD
:1098A000D1FF04F8010FA642F8D13B78142B01D068
:1098B000F9F7E4FA0025944A7968944800952B4614
:1098C00000F0A8FE9DF81420049522F0030343F055
:1098D000010304248DF81430E2B28C4804A9013449
:1098E00000F032FE102CF7D1894DDFF828822B686A
:1098F000DFF824A2D3F88400214600F0A9FC2B68ED
:109900002146D3F88400854C00F052FB2B680421DB
:10991000D3F8840000F0E8F92B680121D3F8840023
:1099200000F034FC2B687E4DD3F884000F2100F04A
:10993000F5FC2E6840F2EE2905F0CEF82378002BD6
:1099400000F0D08098F80030DB0740F1CB802B6826
:10995000DAF800209B1A0E2B40F2C4800C217148CB
:1099600004F07AFF704801F033FD10216F4804F0D5
:1099700073FF6D4801F02CFD6D484FF4E13101F0AB
:10998000EFFA0C21674802F0EDFE694801F020FD76
:109990001021664802F0E6FE654801F019FD4FF41B
:1099A000E131644801F054FB5F4801F011FD1721DB
:1099B000614804F051FF5C4801F00AFD5F4B5B78A1
:1099C000980600F1D5805D4B5B78190700F1DC80CB
:1099D0005A4B5B785A0700F1E380584B5B789B0742
:1099E00000F1EA80554B1B781E0600F1F180534BC5
:1099F0001B785C0600F1F880504B1B78980600F14C
:109A0000FF804E4B1B78590700F106814B4B1B78AA
:109A10001A0700F10D81494B1B789B0700F1148157
:109A2000414801F0D5FC72B6454B4CF220514DF641
:109A30002812D981DA812022013AFDD100244FF485
:109A400080529A80DC80DC821A8842F0D3021A802D
:109A500062B63C493C4801F0B9FB20213B4804F088
:109A6000FBFE314801F0B4FC2021384802F07AFEB8
:109A70002F4801F0ADFC3648F7F790FD0420F8F7C9
:109A800035FE344B32481C60F7F7CAFC01210D202B
:109A900002F01CFBB96D2E48F8F74CFA2C48BA6C52
:109AA00097F84410F8F748FA2B4B2C491B682C4ABE
:109AB00082FB030208682B49DB17A3EB221313FB7D
:109AC00000F323480B80F7F741FE2A6803920398BE
:109AD0002A6802922449254B029A08601A6006B04F
:109AE000BDE8F0872B6822789B1B32B1B3F5FA6F83
:109AF0003FF634AF04F0F0FF1EE74B45FAD92DE7EF
:109B00006487FF1F3893FF1F80B7FF1F88B7FF1FB1
:109B1000CC91FF1FD1BBFF1FD4BBFF1FE5BAFF1FB6
:109B20003CB9FF1FC08D01003888FF1FD08D010098
:109B3000B487FF1FC887FF1FE48D010000F00740B6
:109B40000020054094580900DC87FF1FE88E0100C3
:109B50006C94FF1FA891FF1F5C87FF1F6087FF1F8A
:109B60001F85EB51F092FF1FF892FF1FF492FF1F29
:109B70002121394804F070FE384801F029FC384BA7
:109B80005B7819077FF524AF0C21364804F064FE9A
:109B9000324801F01DFC324B5B785A077FF51DAF50
:109BA0000E21314804F058FE2C4801F011FC2C4BDA
:109BB0005B789B077FF516AF17212C4804F04CFE0D
:109BC000264801F005FC264B1B781E067FF50FAFDB
:109BD0000E21274804F040FE204801F0F9FB204BFD
:109BE0001B785C067FF508AF1221224804F034FE92
:109BF0001A4801F0EDFB1A4B1B7898067FF501AF70
:109C000013211D4804F028FE144801F0E1FB144B19
:109C10001B7859077FF5FAAE1C21184804F01CFE8A
:109C20000E4801F0D5FB0E4B1B781A077FF5F3AEFB
:109C30001921134804F010FE084801F0C9FB084B35
:109C40001B789B077FF5ECAE18210E4804F004FE4C
:109C5000024801F0BDFBE3E6FC8D01003888FF1FE0
:109C600000F00740208E0100308E0100408E010080
:109C7000588E0100688E01007C8E0100908E0100DC
:109C8000B08E0100CC8E010030B583B00F49009139
:109C900004460F4B0F4A002100F05EFA04F1400524
:109CA0000D4900910D4B0E4A0121284600F054FA4F
:109CB0000223204684F88030C4F88440C4F88850D9
:109CC000C4F88C40C4F8905003B030BD00B00340DD
:109CD000009301003093010000B00B40FC920100A2
:109CE00004930100C069704790F823308B420AD07A
:109CF00070B5092900F2DE80DFE801F03B3B880601
:109D0000069FB5C950747047436B03F10C024FEACC
:109D1000421C08330CF184444FEA431C0CF1844587
:109D20004FF0000E4FF0010CC4F808C0C5F81CE05D
:109D3000754652015B0103F1844302F18444002221
:109D4000E2601D605A60C3F814E0C3F818C080F8E0
:109D5000231072B6436B5B0103F18443012200219F
:109D60004276C3F89C14C3F89824C3F89C2462B6C6
:109D700070BD436B03F10C0208334FEA421C4FEAFB
:109D8000431E0EF184450CF184444FF0010E002671
:109D9000A660F446C5F81CE07546CAE7436B03F1BC
:109DA0000C0208334FEA431C4FEA421E0CF1844474
:109DB0000EF1844E4FF0000CCEF808C0C4F81CC061
:109DC000520102F184425B0103F184434FF0010C24
:109DD000C2F80CC00022C3F804C0C3F800C09A61E6
:109DE0005A61B4E7436B03F10C024FEA421E083399
:109DF0000EF1844E4FEA431C0CF1844C0124CEF842
:109E000008404FF0000ECCF81CE0D9E7436B03F19B
:109E10000C0208334FEA421C4FEA431E0CF1844403
:109E20000EF1844E4FF0000CC4F808C06546CEF821
:109E30001CC04FF0010CE6467BE7436B03F10C02BC
:109E40004FEA421C08330CF184444FEA431C0CF1E6
:109E500084454FF0010E4FF0000CC4F808E0C5F83F
:109E60001CC0654665E7436B03F10C024FEA421ED6
:109E700008330EF1844E4FEA431C0CF1844C00244D
:109E8000CEF808404FF0010ECCF81CE098E7436B89
:109E900003F10C0208334FEA431C4FEA421E0CF157
:109EA00084440EF1844E4FF0010CCEF808C0C4F883
:109EB0001CC085E7C38A43F00103C38270BD00BFA5
:109EC000436B5B0103F1844310B5D3F89C2403F585
:109ED0009063044652B104F0FFFD636B5B0103F134
:109EE000844303F59063DA69002AF4D19B691BB1BE
:109EF000E38A43F00203E38272B6637E03B3626BCC
:109F0000936BD16B0B44116C506C0B44916C0344FC
:109F10000B44D16C0B44C3F34E0343F40043D362B0
:109F2000936DD16D0B44116E506E0B44916E0344D2
:109F30000B44D16E0B44C3F34E0343F4004313634D
:109F400062B6A37E0022627603B910BD02212046CC
:109F5000FFF7CAFE617E09BB636B5A0102F18442BE
:109F60000120C2F810015A0102F184424FF0000CA6
:109F7000C2F880C1C2F88401022284F8242089B981
:109F800024335B0103F18443002201200421986003
:109F90005A601A6084F82010A27610BDFFF790FF77
:109FA000617ED9E72046FFF78BFF636BE8E700BFD0
:109FB000C37E8B422DD000B5437E83B002460BBBDF
:109FC0000929536B0DD85B0103F184430020C3F8CA
:109FD0000C01FF21C3F808010823D161D37603B037
:109FE00000BD0B2916D90D2924D85B0103F1844348
:109FF00001210020C3F80811C3F80C0140F6FF71DD
:10A000000C23EAE701910090FFF75AFF0199009AAB
:10A01000D6E770475B0103F1844300210120C3F8B8
:10A020000811C3F80C0140F2FF310A23D161D37645
:10A0300003B000BD5B0103F184430120C3F80C01B0
:10A040004FF6FF71C3F808011023D161D37603B036
:10A0500000BD00BF38B5037E3C4A0446002B68D1E2
:10A06000D36B43F00063D363626B3948394940F2E4
:10A0700001455201658402F184420425002384F8DD
:10A0800024500125E376E36184F8203084F82C30F5
:10A090006376E3826375C2F89051437081F8403073
:10A0A000626B84F82130520102F18442C2F800341C
:10A0B00072B6626B6576520102F18442C2F89C343A
:10A0C000C2F89854C2F89C5462B60A212046FFF7A1
:10A0D0006FFF637EA5768BBB636B24335B0103F15B
:10A0E00084430121202099605960196084F8200080
:10A0F0002046FFF7F9FD637E23BB636B5B0103F131
:10A10000844301220020C3F81021C3F88021C3F842
:10A11000840184F8242072B6636B62765B0103F1DC
:10A120008443C3F89C04C3F89824C3F89C2462B603
:10A1300038BD136B43F00063136395E72046FFF7C8
:10A14000BFFEC9E7FFF7BCFED7E700BF00800440B1
:10A15000004007400000FA4200B583B00363049B4F
:10A1600001768262436351B1064A3A23826380F8E2
:10A170003C300190FFF76EFF019803B000BD024A2A
:10A180003923F3E7386003401060034000B5427E96
:10A1900083B00346B2B9042910D8DFE801F02537AF
:10A1A00048031A005A6B520102F184424FF0010C2D
:10A1B000C2F810C1C2F884C1C2F880C183F824106B
:10A1C00003B000BD01910090FFF77AFE0199009B5A
:10A1D000E1E75A6B520102F184420020C2F81001FB
:10A1E00083F8241003B000BD5A6B520102F184427F
:10A1F0004FF0010CC2F810C14FF0000CC2F884C13E
:10A20000C2F880C183F8241003B000BD5A6B52011C
:10A2100002F184424FF0010C0020C2F810C1C2F8D4
:10A2200080C1C2F8840183F8241003B000BD5A6BCA
:10A23000520102F184424FF0010C0020C2F810C11B
:10A24000C2F88001C2F884C183F8241003B000BDB5
:10A2500000B5437E83B002464BBB0129536B1CD92A
:10A260002433580100F184404FF0010C0429C0F858
:10A2700008C0034607D8002058600421186082F8FF
:10A28000201003B000BD082918D910291FD80021BB
:10A2900001601021C0F804C0F1E75B0103F18443C1
:10A2A0000021C3F8881482F8201003B000BD01918A
:10A2B0000090FFF705FE0199009ACEE700200821E3
:10A2C000C3F800C0586082F8201003B000BDC0F889
:10A2D00004C02021C0F800C0D1E700BF826A436BF0
:10A2E00012F901C0525C5B01BCF1000F03F1844321
:10A2F000B4BF00210121C3F8901172B6416B4B012C
:10A3000003F1844302F01F029B69003B18BF012345
:10A3100002EB83120A6062B6704700BF2B29034626
:10A3200019D8826A525C02F01F021F2A13D000B5AE
:10A33000427E83B0AAB95A6B587D520102F1844221
:10A34000013058750120C2F88C041846FFF7C6FF8B
:10A35000012003B000BDDA8A42F004020020DA8254
:10A36000704701910090FFF7ABFD0199009BE2E778
:10A3700000207047704700BF10B5194B194A0446BA
:10A38000187922601D22C4F8F820174AC4F89421D5
:10A39000002120F0030010221871C4F8A010C4F8A6
:10A3A000B010A4F8982104F1B4004022196007F01D
:10A3B00051F800219822C4F88410C4F88810C4F819
:10A3C0008C10C4F8901004F1FC0007F043F81F2231
:10A3D0000F23C4F80021C4F80C31204610BD00BF83
:10A3E00080B7FF1F0040024002002000026813688F
:10A3F00043F08053136002681368D901FCD51368D9
:10A4000043F08053136002681368DB01FCD570478A
:10A4100070B50C462E49B1FBF4FCBCF1050F0646A5
:10A42000B1FBFCFE4FF00000A4EB0E0E18D9034662
:10A430005D1C0233BCFBF3F2192A02FB03F30AD8BA
:10A44000B1FBF3F3E31A002BB8BF5B4273452BDB80
:10A450002BD0052A01D92B46EAE7431CBCFBF3FCB1
:10A46000ACF1050CBCF1140F28D8BEF5967F25DCA5
:10A47000184B34680CEB4C0C03EB0C0213F80C304B
:10A4800003F0070153789278DB04120403F460139D
:10A4900002F4E02213430B4343F4800343F480436C
:10A4A00043EA0063636070BD2846A2F10C0EBEF162
:10A4B000060F9E46CDD828462B46B9E706483921D7
:10A4C00004F0CAF9BDE87040044800F081BF00BF45
:10A4D0000024F4007487FF1F0C8F01003888FF1FD1
:10A4E000012938BF01210F29D0F8A03028BF0F2142
:10A4F00080F8941133B310B5C1F11004E4B2220115
:10A500004FF0000C036803F1800E5EF80C3003F48A
:10A51000001343F080634EF80C300CF1100C6245D0
:10A52000F0D1013401F1FF3C54FA8CFC4FEA0C1CD1
:10A530004FF00064036880339C5010329445F9D189
:10A54000084610BD0846704790F89431C3F11003D7
:10A55000DBB29A4221D200EBC20300B584468E469C
:10A56000D1E90001C3E90101DCF80030DEF80000A8
:10A570009EF804E084331EF0010F4FEA021103EB52
:10A5800002130BD020F060401860DCF800308033FC
:10A590005A5842F400125A5000BD7047054A02EA68
:10A5A00080421A60DCF8003080335A5822F40012DE
:10A5B0005A5000BD0000FC1F90F89431C3F1100305
:10A5C000DBB29A428C461ED203681968C90112B2E6
:10A5D0001AD4196841F08041196001680B6843F092
:10A5E00080530B6001680B68DB01FCD501F5086343
:10A5F00043F822C00268136823F080531360026896
:10A600001368DB01FCD4704703F5086343F822C0EC
:10A61000704700BF2DE9F041174684B0D0F8A02064
:10A620009DF8284006461D46002A00F08E80634AA9
:10A63000306890427CD0624A137863F07F031370D5
:10A640003368A2F58222934206D102F51032D36B11
:10A6500043F01003D36333685A6822F400525A60FF
:10A660003268136843F0804313603268136823F044
:10A670000043136032681368DB02FCD4136883F074
:10A680000073136033681C6814F00074FBD11A68FF
:10A69000D501FCD51A6842F400321A603046FFF743
:10A6A000B7FE3268136843F48033136096F8941150
:10A6B000102912D000252A4600213046FFF77CFFE2
:10A6C0002A463946FFF740FF96F894110134C1F14C
:10A6D0001003DBB2E5B2AB42EDD83268136823F069
:10A6E0008053136033681A68D001FCD41A681201D1
:10A6F000FCD43046FFF7F4FED6F8F83003F160439F
:10A7000003F5644340221A70D6F8F820530903F188
:10A710003823403301219B0002F01F0201FA02F2AC
:10A720001A6033684FF6FF729A6204B0BDE8F08198
:10A73000012D2CD0234B4FF40072012C1A632CD026
:10A74000204B4FF400725A6375E7B0F898310191CD
:10A750001801984601F07CFA0246C6F8A000D6F827
:10A76000B000B6F896310199E0B1C6F89C200022FD
:10A77000A6F89420A6F89880A6F89620C6F8AC0013
:10A78000A6F8A420A6F8A830A6F8A6204FE70E4BFE
:10A790004FF40072012C9A64D2D10B4B4FF400722B
:10A7A000DA6448E7180103920291019301F050FA2C
:10A7B000039A0299019BC6F8B000D6E70040024018
:10A7C000005006400090044000A00440D0F8F8106B
:10A7D0004B0903F1382340339B00024601F01F0C64
:10A7E0001868012101FA0CF110EA010C14BF0120D4
:10A7F000002082F8F400C3F88010B2F8A400B2F888
:10A80000A63080B29BB2C01A44BFB2F8A830C018BC
:10A81000BCF1000F0CD0D2F8F820530903F1382313
:10A82000403301219B0002F01F0201FA02F21A607C
:10A83000704700BF0346D0F8F800420902F1382201
:10A840004032920010B500F01F0CD2F800E0012455
:10A8500004FA0CF01EEA000F14BFA6464FF0000EDB
:10A8600082B083F8F4E0C2F88000B3F8A4C0B3F873
:10A87000A6201FFA8CFC92B294452DD0B3F8A620E6
:10A8800001930846D3F8AC1092B201EB02111022EA
:10A8900001F08EF8019BB3F8A620B3F8A81093F846
:10A8A000F4E014FA82F2B2FBF1F001FB1022A3F8FB
:10A8B000A6202046BEF1000F0CD0D3F8F820530993
:10A8C00003F13823403301219B0002F01F0201FAFB
:10A8D00002F21A6002B010BD0020EBE730B591F82B
:10A8E00006C003680C681CF0010E08BF1A4D03EB8C
:10A8F000021314BF24F0604405EA8444C3F8844082
:10A9000003688C681201883324BA9C500368CC68B1
:10A910008C3324BA9C50CB7901681B040CF0020CD8
:10A9200003F470238031BEF1000F06D0BCF1000F9C
:10A930000ED043F047638B5030BDBCF1000F03D005
:10A9400043F041638B5030BD43F040638B5030BDCA
:10A9500043F046638B5030BD0000FC1F30B5D0F88B
:10A96000F840620902F13822403292000346D2F8E0
:10A9700000C004F01F040120A0401CEA000F14BF17
:10A980000124002483B083F8F440C2F88000B3F8B7
:10A990009420B3F8960092B280B2904230D0B3F8CF
:10A9A0009420B3F898C0B3F8960092B20132B2FB8B
:10A9B000FCFE0CFB1E2280B295B2854249D0B3F852
:10A9C0009420D3F89C00019392B200EB0210102265
:10A9D00000F0EEFF019B93F8F440A3F8945001209F
:10A9E00064B1D3F8F820530903F13823403301212F
:10A9F0009B0002F01F0201FA02F21A6003B030BDA0
:10AA000093F89421C2F11002D2B20F2AC7D803F1F1
:10AA1000B00000EB820002E00132102ABFD050F8F3
:10AA200004CFBCF1000FF7D1D3F800E04FEA021CCD
:10AA30000EF1800E5EF80CC00CF0706CBCF1006F73
:10AA4000EAD11846D2B20193FFF748FF019B0120DB
:10AA5000C6E70020C4E700BF036803EB021330B56C
:10AA6000D3F880308B80C3F3034E81F807E08C4627
:10AA70000168144601EB0411C3F30055C3F34054BD
:10AA8000D1F8841044EA4504E5B221F060418CF825
:10AA90000640ED074FEA134403F07063CCF8001052
:10AAA000A3F1C0635CBF890CCCF80010B3FA83F348
:10AAB0009CF806105B0963F382018CF806100368AA
:10AAC00012018833BEF1040F9B581BBACCF8083032
:10AAD00007D903688C339B581BBACCF80C3023077A
:10AAE00009D40EF10800CEF108020021BDE8304083
:10AAF000604406F0AFBC30BD2DE9F04F824689B00E
:10AB00005AF8B41BD1F83090CDF80C900546834626
:10AB1000002408E0022B4BD00134102C0AF1040A67
:10AB20000BF1080B3FD029FA04F3DE07F4D5270117
:10AB300001F18003DB59C3F30363062B38D0082BE4
:10AB4000E8D1DAF80060002E00F0B6803288738811
:10AB500092B29BB29A4200F0BB803288738892B264
:10AB60009BB29A42D8D07388B1689BB2102201EB95
:10AB700003110DEB020000F01BFF7388B2889BB23B
:10AB80000133B3FBF2F002FB103304A9E2B273808D
:10AB900028460134FFF7A2FE102C29680AF1040AA6
:10ABA0000BF1080BBFD1039B0B6309B0BDE8F08F1D
:10ABB000E2B204A92846FFF74FFF95F8FC306BB1CD
:10ABC000DBF814310133CBF814319DF816305807F7
:10ABD00004D5DBF818310133CBF818310123A34039
:10ABE0000093002305F1800605F190080193CDF84C
:10ABF00008A056F8040F48B14268009B134032D0B9
:10AC00000368D3F800A0454B9A4558D1B045F0D120
:10AC1000019BDDF808A08BB395F8FC3083B1B5F843
:10AC2000A430B5F8A6209BB292B29B1A44BFB5F8E7
:10AC3000A8209B18D5F804219A4238BFC5F80431E2
:10AC400005EBC4022B68117ADBF80420C90758BF52
:10AC5000334903F1840354BF01EA824222F0604287
:10AC6000DA51296858E7002AD0DA0268D2F800A041
:10AC70002A4A9245CAD04FF0FF3222E0B5F8A430FC
:10AC8000B5F8A810B5F8A6209BB20133B3FBF1F0DC
:10AC900001FB103392B29EB2964230D0B5F8A43088
:10ACA000D5F8AC009BB204A900EB0310102200F011
:10ACB0007FFEA5F8A460AFE705F1940646E7002300
:10ACC000224604A9D047019B1843C3B201939DE7D4
:10ACD0000127A74047F0004705F1800605F19008DD
:10ACE00056F8040F38B143680E4A1F4203D0036878
:10ACF0005B6893420DD14645F2D129680CE795F87F
:10AD0000FC30002B9CD0D5F808310133C5F8083150
:10AD100085E7002221469847EDE700BF71A30000B8
:10AD20000000FC1F75A300000148FFF7E5BE00BF4F
:10AD300088B7FF1F704700BF014B1B681B6A704735
:10AD400088B7FF1F704700BF704700BF704700BF44
:10AD500001480021FFF710BB88B7FF1F10B504465C
:10AD600082B0084620700C490193104605F048FB5C
:10AD700001464FF07E5005F0F7FB084905F040FB17
:10AD8000019B6060E3602361636101F009FAE061A7
:10AD9000204602B010BD00BFDB0FC940002474493B
:10ADA00010B5027882B00346032A28D8DFE802F003
:10ADB000211E1302C1684069019305F017FA019B37
:10ADC00010490446586805F0CFFB0146204605F0BF
:10ADD000CBFB02B010BD0B494068019305F0C4FBEA
:10ADE000019BD96805F00CFB02B010BDC06802B031
:10ADF00010BDC168406905F0F9F902B010BD00202E
:10AE0000E7E700BF00247449F8B504460F4601F097
:10AE1000C7F90646E069301A05F09EFAE568A061B8
:10AE20000146E66160686761256105F09DFB0146AA
:10AE3000A0600E4805F098FB03F02AFF0646014685
:10AE40004FF07E5005F0D2F9394605F0D9FA314677
:10AE50000746284605F0D4FA0146384605F0C8F9F9
:10AE6000E0602046BDE8F840FFF79ABF000080BFD1
:10AE70002DE9F04389B08846914602F0DFF9D0B160
:10AE8000184E3368009303AD009B06AF2C4602F0CA
:10AE9000D5F90028FBD002F0E5F904F8010BBC421B
:10AEA0000CD033680293029A33680193019B9B1A7A
:10AEB0000A2BECD9002009B0BDE8F083291D00233E
:10AEC00015F8012BA94202EB0323F9D1C8F8003091
:10AED000082204A9484600F06BFD012009B0BDE836
:10AEE000F08300BF3CB9FF1F70B5EFF3108272B65C
:10AEF0000C4C206880B10C4E00254369236073B16F
:10AF00009D6102B962B6836845779847EFF3108276
:10AF100072B620680028F0D102B962B670BD336005
:10AF2000EFE700BF2CB9FF1F28B9FF1FFFF7DCBFF9
:10AF3000024A136801331360704700BF3CB9FF1F1A
:10AF40000368C9B21B6818470368C9B21B68184771
:10AF50000368C9B21B6818470368C9B21B68184761
:10AF60004B0803F1376303F5D83310B50446B3FB40
:10AF7000F1F001F0F5F9044B1B7803B110BD204648
:10AF8000BDE8104003F01EBE3488FF1F08B5084618
:10AF900001F0DEFB012008BD08B5084601F0D8FB32
:10AFA000012008BD10B5084682B00C4606F048FBEB
:10AFB00001460190204601F0D5FB019802B010BD7A
:10AFC00000B583B008461146019201F0CBFB019811
:10AFD00003B000BD0846114601F008BE0846114600
:10AFE00001F0E8BD01F0F0BC08B5084601F08AFBAD
:10AFF000003818BF012008BD08B5084601F060FB05
:10B00000003818BF012008BD0846114601F0F2BA09
:10B01000084601F02BBB00BF084601F0CFBA00BFC5
:10B0200001F06EBA00B5036883B0DB6901929847FE
:10B03000019803B05DF804EB01F004BA01F09EBC86
:10B0400001F050BC01F03ABC01F014BC01F01EBC90
:10B050004B0803F1376303F5D83310B50446B3FB4F
:10B06000F1F001F0D3FD044B1B7803B110BD204675
:10B07000BDE8104003F0A6BD3588FF1F08B508469F
:10B0800001F0BAFF012008BD08B5084601F0B4FF81
:10B09000012008BD10B5084682B00C4606F0D0FA73
:10B0A00001460190204602F01DF8019802B010BD43
:10B0B00000B583B008461146019202F013F80198DA
:10B0C00003B000BD0846114602F050BA08461146CA
:10B0D00002F030BA02F038B908B5084601F06EFF48
:10B0E000003818BF012008BD08B5084601F044FF2C
:10B0F000003818BF012008BD0846114601F0D2BE35
:10B10000084601F00BBF00BF084601F0AFBE00BF0C
:10B1100001F04CBE00B54B0883B003F1376303F573
:10B12000D833B3FBF1F0019201F070FD019803B048
:10B130005DF804EB01F0DCBD02F0E0B802F092B87B
:10B1400002F07CB802F056B802F060B80368064A14
:10B150001B68934205D110B5C8B201F04DFF012024
:10B1600010BDC9B2184700BF89B000000368064A85
:10B170001B68934205D110B5C8B201F03DFF012014
:10B1800010BDC9B2184700BF89B000000368064A65
:10B190001B68934205D110B5C8B201F02DFF012004
:10B1A00010BDC9B2184700BF89B000000368064A45
:10B1B0001B68934205D110B5C8B201F01DFF0120F4
:10B1C00010BDC9B2184700BF89B000004B0803F199
:10B1D000B76303F5584310B50446B3FBF1F002F032
:10B1E00049FA044B1B7803B110BD2046BDE810405E
:10B1F00003F0E8BC3688FF1F08B5084602F0A8FB3C
:10B20000012008BD08B5084602F0A2FB012008BDD8
:10B2100010B5084682B00C4606F012FA01460190BD
:10B22000204602F09FFB019802B010BD00B583B02C
:10B2300008461146019202F095FB019803B000BD4B
:10B240000846114602F014BD0846114602F0F4BC4F
:10B2500002F046BC08B5084602F05CFB003818BF97
:10B26000012008BD08B5084602F032FB003818BFBF
:10B27000012008BD0846114602F0FCBA084602F05B
:10B2800025BB00BF084602F0D9BA00BF02F0A0BA41
:10B2900000B54B0883B003F1B76303F55843B3FB24
:10B2A000F1F0019202F0E6F9019803B05DF804EBC9
:10B2B00002F030BA02F0EEBB02F0A0BB02F08ABB93
:10B2C00002F064BB02F06EBB0368064A1B6893423F
:10B2D00005D110B5C8B202F03BFB012010BDC9B2C8
:10B2E000184700BF05B200000368064A1B68934276
:10B2F00005D110B5C8B202F02BFB012010BDC9B2B8
:10B30000184700BF05B200000368064A1B68934255
:10B3100005D110B5C8B202F01BFB012010BDC9B2A7
:10B32000184700BF05B200000368064A1B68934235
:10B3300005D110B5C8B202F00BFB012010BDC9B297
:10B34000184700BF05B2000070B5012A1E468AB03A
:10B35000054614BF13460A2359B34FF0210E02E0ED
:10B3600001465FFA84FEB1FBF3F003FB101CBCF155
:10B37000090F0DEB0E0294BF0CF1300C0CF1370CE1
:10B3800099420EF1FF3482F804C0E9D23EB10EF1C9
:10B39000FF3E5FFA8EFE0DEB0E032D221A712B6815
:10B3A00001A95B68CEF122027144284698470AB091
:10B3B00070BD30238DF825304FF0210EE6E700BF39
:10B3C0000029BABF49422D2300230A22FFF7BCBF40
:10B3D00000B5036883B040F60D22ADF804205B6829
:10B3E000022201A9984703B000BD00BF034B022809
:10B3F00088BF034618461B685B6818473888FF1FDC
:10B400001AB90368C9B21B681847FFF79DBF00BF90
:10B410002DE9F04F85B08146194610469DF83880D9
:10B4200014461D4604F0A8FE002840F0A98025F02F
:10B430000047614B4FF0FF322046394604F09CFE36
:10B4400048B95D4B204639464FF0FF3204F076FE96
:10B45000002800F08B80594B4FF06042204629466F
:10B4600004F080FE002877D1554B4FF06042204613
:10B47000294604F059FE00286ED100220023204600
:10B48000294604F051FE002874D18346B8F1000F1C
:10B490007AD047A7D7E900674A494FF0000A002051
:10B4A00032463B460AF1010A0CF0ACF8D045F7D120
:10B4B00002460B462046294604F020FC0D46044671
:10B4C00004F070FE064604F055FD02460B46204689
:10B4D000294604F011FC5B4604460D460A2231461B
:10B4E0004846FFF731FFB8F10F0F4FF02E0328BF8A
:10B4F0004FF00F088DF8003008F1FF370DF1010310
:10B50000824653FA87F76E4600222F4B2046294683
:10B510000CF078F80D46044604F044FEC0B200F189
:10B52000300306F8013F04F035FD02460B46204685
:10B53000294604F0E1FBB74204460D46E4D1D9F8B0
:10B54000003008F101025B68D2B26946484698476C
:10B55000504605B0BDE8F08FD9F800301B495B6854
:10B560000322484605B0BDE8F04F1847D9F800302F
:10B570001749F4E705F100431D464FF0010B85E73D
:10B58000D9F800301349EAE70E4B0022204629463D
:10B5900004F0B4FB04F006FE5B4601460A2248466E
:10B5A00005B0BDE8F04FFFF7CFBE00BFAFF300809E
:10B5B000000000A09999B93FFFFFEF7FFFFFEF4127
:10B5C000FFFFEFC10000E03F00002440508F01006A
:10B5D0004C8F0100488F010070B50E4D82B02B6872
:10B5E0000093009E044608E003F076FA2B6801936E
:10B5F000019BA2689B1B934207D2236820469B694C
:10B6000098470028F0DB02B070BD4FF0FF3002B069
:10B6100070BD00BF3CB9FF1F70B504460D4616460D
:10B620002046FFF7D9FF411C0346A0F13002204617
:10B6300018D02D2B16D0092A14D90EB12E2B11D0CB
:10B64000012D0DD0084A093B022D22FA03F203D145
:10B65000172B05D8D30703D523685B699847DFE725
:10B660004FF0FF33184670BD13008000F8B5154643
:10B6700000220446FFF7D0FF431C29D0A84224D063
:10B680002D2802D10027012605E0A0F13003002774
:10B69000092B3E4612D9236820465B69984720460D
:10B6A000FFF79AFFA0F13003092B05D9A842F2D089
:10B6B00006B17F423846F8BDA842ECD007EB8707B9
:10B6C00000EB4700A0F13007E5E700273E46E2E740
:10B6D00000273846F8BD00BF2A4B2B4A6020E121E5
:10B6E0001870597013782948082B34D00A2B20D0B1
:10B6F0000C2B274B0CBF35213D2112228160C260EB
:10B700009960DA60234B21491B78214ACBB1012390
:10B710000B621362204B1D491B781D4A012B13D964
:10B72000042B1BD884234B6253621C4B01221A70DA
:10B730007047174B392113228160C2609960DA602B
:10B74000E0E70B621362E5E780234B625362134B21
:10B7500001221A7070470E4B0121ECE7082B06D826
:10B7600085234B6253620D4B01221A707047102BD8
:10B7700094BF862387234B625362084B01221A70C1
:10B78000704700BF00400740F187FF1F00B0034033
:10B7900000B00B4038B9FF1FF087FF1F39B9FF1FFA
:10B7A0000A4A0B49D36A43F48053D3620B7843B1FE
:10B7B000084B802283F82120064B80F30C00188070
:10B7C0007047044BC02283F82120F5E70080044035
:10B7D00038B9FF1F00C00C40174B00B50FCB85B028
:10B7E0008DE80F00154B5A78910718D51A78134831
:10B7F00012F0700218BF1A7080210023C171332229
:10B8000003710323C272837272B66B4643F0010365
:10B81000984762B60948037813F0700309D1084BC2
:10B82000064901E0013B02D04A78D207FAD505B0BB
:10B8300000BD037005B000BD9894010000000240F7
:10B84000410D0300B0F5006F14D20B4B5B78DB07A2
:10B8500004D500F1A0500078C0B2704700B583B0A5
:10B860000190FFF7B9FF019800F1A0500078C0B235
:10B8700003B000BD0020704700000240B1F5006F2A
:10B8800080F08A8070B50B460C46444949781646CC
:10B89000CA0782B02DD5B6F5006F314628BF4FF4E8
:10B8A00000616518B5F5006F20D2EEB1DFF8ECC08D
:10B8B00013F0030203F1A05E22D103292DD904461F
:10B8C000457814F8042B867842EA0522C578DEF81C
:10B8D000000042EA064242EA056290424FD1043932
:10B8E000043320460029E3D102B070BDC4F50061E5
:10B8F000DCE701900093FFF76FFF0198009BCAE718
:10B90000022A0AD09EF8004010F8012B94421AD166
:10B91000013901330029CBD1E6E701290DD0447864
:10B9200010F8022B42EA0422BEF80040944218D1DB
:10B93000023902330029BBD1D6E79EF800400278D5
:10B94000A242D1D001309CF8004014F0700418BF1E
:10B950008CF800408EF800209CF80120D207FBD51F
:10B96000D6E79CF8004014F0700418BF8CF8004033
:10B97000AEF800209CF80120D407FBD5D8E7074D8E
:10B98000287810F0700018BF28700448CEF8002006
:10B990004278D507FCD5A2E7704700BF00000240FF
:10B9A00008B5FDF715FFFDF765FA03F095F8FAE71E
:10B9B00001B441EA000313F003036FD1403A41D3CD
:10B9C00051F8043B40F8043B51F8043B40F8043B79
:10B9D00051F8043B40F8043B51F8043B40F8043B69
:10B9E00051F8043B40F8043B51F8043B40F8043B59
:10B9F00051F8043B40F8043B51F8043B40F8043B49
:10BA000051F8043B40F8043B51F8043B40F8043B38
:10BA100051F8043B40F8043B51F8043B40F8043B28
:10BA200051F8043B40F8043B51F8043B40F8043B18
:10BA300051F8043B40F8043B51F8043B40F8043B08
:10BA4000403ABDD2303211D351F8043B40F8043BA8
:10BA500051F8043B40F8043B51F8043B40F8043BE8
:10BA600051F8043B40F8043B103AEDD20C3205D3B8
:10BA700051F8043B40F8043B043AF9D204320AD0AE
:10BA8000D2071CBF11F8013B00F8013B03D30B7830
:10BA900003704B78437001BC704700BF0C2A4AD337
:10BAA00010F0030311D0C3F10403D21ADB071CBF4B
:10BAB00011F8013B00F8013B07D311F8013B00F8F6
:10BAC000013B11F8013B00F8013B11F003033FF487
:10BAD00075AF30B4043AC91AC3F1040C51F8044BE1
:10BAE000022B19D0032B0BD0240A51F8043B1D065E
:10BAF00044EA050440F8044B1C46043AF4D216E02C
:10BB0000240E51F8043B1D0244EA050440F8044B9E
:10BB10001C46043AF4D20AE0240C51F8043B1D04FC
:10BB200044EA050440F8044B1C46043AF4D20432BB
:10BB3000B1EB0C0130BC043AA0D3013A11F8013B3F
:10BB400000F8013BF9D20B7803704B7843708B7887
:10BB5000837001BC704700BF08B50F4C636B58037E
:10BB60000DD4636B59050FD4636B1A0511D4636B45
:10BB7000DB04F3D501F0C4FF636B5803F1D502F089
:10BB80004FF9636B5905EFD500F042FF636B1A055F
:10BB9000EDD501F0FDFBEAE70080044008B5FFF7B2
:10BBA000DBFF00BF014B10221A80704700200540C8
:10BBB000704700BF094A08B50346106833B16946AB
:10BBC0000344A1F580518B4201D2136008BD05F0FA
:10BBD000E9FC0C2303604FF0FF3008BDF487FF1F22
:10BBE000002070474FF0FF30704700BF4FF4005304
:10BBF0004B600020704700BF012070474FF0FF30BE
:10BC0000704700BFFEE7FFFFEFF31383CBB9EFF3FD
:10BC10001080A0B9EFF3058343B94FF48070EFF3C0
:10BC200011835BB1984228BF184670470F2BF6D995
:10BC3000054AD05CEFF31183002BF3D1704718460F
:10BC400070474FF0FF307047F0E300E004F0FABDBA
:10BC500004F0F8BD01F1FF3C30B565464FF0000E31
:10BC600002E020460EF1010EB0FBF2F402FB1403D9
:10BC7000092B94BF30333733904205F8013FF0D29F
:10BC800001EB0E0300225A70BEF1000F11D0481CC8
:10BC900070440CF102021CF8014F10F8015D8CF8A1
:10BCA0000050A1EB0C03013B521A73449A420470FA
:10BCB000EFDB084630BD00BF0E4B53F8302092F842
:10BCC00080C2BCF1000F04D0012379B182F880302A
:10BCD000704703EBC0035B681A6819B142F00302B6
:10BCE0001A60704722F002021A60704782F8003131
:10BCF000704700BFA8940100034B002210215A6135
:10BD00005A6018605961704700D00340704700BF07
:10BD100070B54FF0E0244FF4000682B0C4F808611B
:10BD20004FF08076C4F808614FF00076C4F80861DF
:10BD30001F4A204820494FF08066C4F80861282334
:10BD40004BF6FF7E4FF0090C00254FF00066C4F85B
:10BD500008615560C2F808E0D3605361D361536253
:10BD6000D3625363D3635364C2F800C04560C0F824
:10BD700008E0C3604361C0F800C04D60C1F808E04E
:10BD8000CB604B61C1F800C0FFF7A6FCFFF7BEFF18
:10BD90000A4C23680093009B132BFAD902F044FC51
:10BDA00023680193019BB3F5967FF9D302B070BD70
:10BDB000008003400090034000800B403CB9FF1F0F
:10BDC00008B5854B28281B783CD0002947DD012287
:10BDD00002FA03FC61455CD2C21E5FFA82FCBCF130
:10BDE000010F7BD920286CD0192800F08A80DFF859
:10BDF000ECC1DCF808C00CFB011C2CFA03F31D2A73
:10BE000000F28A80DFE812F0B700C500BE00E10052
:10BE100088008800DA00D300880088008800880045
:10BE200088008800880088008800CC00A900A20053
:10BE3000B00088008800880088008800880088009A
:10BE4000880063000B2B95BFC3F10C030C3B01FA78
:10BE500003F041FA03F0BDE80840FFF7A1BC212838
:10BE600016D85F4B53F8302003EBC00392F88012D2
:10BE70005B6800293BD0012182F8001101204FF4BA
:10BE8000A27182F8800219601A6822F020021A60FA
:10BE900008BD2128FCD8524B53F8301003EBC003E7
:10BEA00091F880025B6838B381F880204FF4A27269
:10BEB000012081F880021A601A6822F020021A60BC
:10BEC00008BD484A926802FB011222FA03F3454872
:10BED000454A03614FF45171916408BDDFF80CC10C
:10BEE000DCF808C00CFB011C2CFA03F387E7196887
:10BEF00021F002011960C1E71A6842F003021A60DA
:10BF0000D4E73848826802FB0112DA408261364A7F
:10BF10004FF45173D36408BD2128B9D87F29D4BF09
:10BF200000210121FFF7C8FE2D4B03EBC00253F89F
:10BF3000301053684FF0010C4FF4A27281F880C2A8
:10BF40001A601A6822F020021A6008BD2348284AA5
:10BF5000036140F24441516008BD2048254A036412
:10BF600040F24441916108BD1C48214A836140F27E
:10BF70004441916008BD1D481F4A03614FF451714F
:10BF8000116308BD15481B4A836440F24441D161E6
:10BF900008BD1648184A83614FF45171516308BDBA
:10BFA0000E48144A836340F24441516108BD0B4876
:10BFB0000F4A836240F24441116108BD07480C4AB0
:10BFC000036240F24441D16008BD0448094A03635A
:10BFD00040F24441116108BDF887FF1F0080034013
:10BFE000A894010000800B4000A004400090034092
:10BFF00000B0044000C00440009004402DE9F04728
:10C000000E4681462B49304604F098FB002841D06B
:10C010004FF0020A47F6122700244FF05E5827FA25
:10C0200004F004F095F94146054604F0E9F90146AB
:10C03000304604F097FB30B90134072CEFD1F809F2
:10C0400004F086F90546A9F10307FFB21D2F1FD89A
:10C050003146284604F088FA4FF07C5104F0C6F8C7
:10C0600004F0D0FB4FF6FF739842134A28BF1846DE
:10C070000123BB401A40D2B913F001510ED19B07E6
:10C0800006D00E4B44EACA041960596098601C60DF
:10C09000BDE8F0870A4F4FF0010ABDE7094B1A606F
:10C0A00044EACA045A6098601C60BDE8F087064BF9
:10C0B0000022F4E7001BB740CC001E0000900340B4
:10C0C000006CDC0200800B4000800340212814D863
:10C0D0000E4B53F8302092F880C2BCF1000F04D010
:10C0E000012359B182F88030704703EBC0035B68CD
:10C0F0001A6831B922F002021A60704782F80031E2
:10C10000704742F003021A60704700BFA894010014
:10C11000212806D8044B53F8303093F80002C0B2FF
:10C1200070470020704700BFA8940100212813D851
:10C130001A4B03EBC00C012953F83020DCF8043013
:10C140000BD0042917D0002082F8800279B102298F
:10C150001CD003291ED0186070474FF4A27082F8DB
:10C16000801218601A6822F020021A6070474FF49B
:10C1700080721A60704701204FF4A27182F8800229
:10C1800019601A6842F020021A60704740F20312E8
:10C190001A6070474FF481721A607047A8940100CA
:10C1A00072B60D494FF0E02293690868D2F8042D69
:10C1B00062B6520102D5322B88BF0130074AC3F55F
:10C1C000BB334FF47A71FF33A2FB032301FB00F072
:10C1D00000EB9310704700BF3CB9FF1FABAAAAAA9F
:10C1E0002DE9F843054672B6DFF880804FF0E02273
:10C1F0009369D8F80040D2F8042D62B6520102D5F6
:10C20000322B88BF01340DB9BDE8F883184EDFF832
:10C210006490F31AA9FB03234FF47A7202FB04F42F
:10C2200004EB93144FF0E02772B6B969D8F80020F8
:10C23000D7F804CD62B6731AA9FB03031CF0806F14
:10C24000C4EB93134FF47A7002D0322988BF0132C5
:10C2500000FB0233B3F57A7F05D3012DD4D0013D25
:10C2600004F57A74E0E702F037FCDDE73CB9FF1F24
:10C27000FF760100ABAAAAAA2DE9F84F304B1B6844
:10C2800083460BB101221A70DFF8B8802E4F98F860
:10C2900000303A68013393423DD32C4C237803F0AD
:10C2A000FF094D46002B3FD1294EDFF8A8A005E03D
:10C2B00033791B061ED42378AB420AD1FFF7A4FCC6
:10C2C0004028F5DDFF28F6DD02F006FC2378AB42BE
:10C2D000F4D03F2D2BD9204B403D1A6802F805B011
:10C2E0001E4A1B4B01211170BC2288F80090DA70A5
:10C2F000BDE8F88F237839685A1C8A42DBB207D22E
:10C300003F2A114617D81AF80230F3712170D2E78C
:10C3100000210A46F7E70D4C22789342D5B29946A0
:10C3200018BF1D46C0D0D4E74FF000094D46094B59
:10C3300003F805B0D4E7084A3F3B1268D35CE4E752
:10C340004CB9FF1F44B9FF1F0888FF1F43B9FF1FE7
:10C3500000A006409CB9FF1F54B9FF1F50B9FF1F32
:10C360002C4A2D49536BDFF8B4C030B443F48063DA
:10C37000536300230B702A4D2A492B4C2B709CF8D9
:10C38000002023700B7029490B70002A3DD0152A1C
:10C390002ED0274B1B78012B32D0052B23D0202801
:10C3A000244B254C38BF2020C0F3443C83F800C008
:10C3B0004FEA501C00F01F0083F801C0042298725D
:10C3C00002209A70D87488205A754FF0E0211874B2
:10C3D00040223C20D87084F82D204FF4005330BC0C
:10C3E000C1F804317047154B4FF45172DA61D6E74A
:10C3F000124B40F213329A610D4B1B78012BCCD1BA
:10C400000F4B4FF451725A64C9E70D4B40F213328F
:10C410001A64BEE70080044042B9FF1F40B9FF1F05
:10C4200041B9FF1F43B9FF1F44B9FF1F50B9FF1F98
:10C43000F987FF1F00A0064000E400E000C00440B0
:10C4400000A00440294A937800F0030103F0EC03B4
:10C450000B4341072AD49370244B5A79C306234BCC
:10C4600054BF02F0EF0242F0100200F400715A7162
:10C4700080069A7910D542F010029A7181B19A78AB
:10C480001B4962F05F029A7009781A4B03EBC103F3
:10C4900040F246325B6821E002F0EF029A7189B9FE
:10C4A000154B164A196891421DD0704743F010038E
:10C4B000937000F00F03042BCED1937943F0400327
:10C4C0009371C9E79A780A4962F05F029A70097815
:10C4D000084B03EBC10340F247325B68064907484B
:10C4E0001A600860704700221A60704700A006407A
:10C4F000F987FF1FA89401004CB9FF1FD400D44254
:10C50000244B5B6B5B0544D510B5234C237823B1DA
:10C5100002F0E2FA2378002BFAD1204A204B4FF0A8
:10C52000E0204FF400540021C0F88441D1701B7802
:10C5300003B3152B03D11B4B40F203129A611A4B24
:10C540001B7803F07F03012B1ED0052B03D1154B65
:10C5500040F20312DA61154B104A154C1548196860
:10C5600092F804C0D27900232370037009B101232B
:10C570000B7010BD104B40F203121A640A4B1B786B
:10C5800003F07F03012BE0D10B4B40F203125A64FE
:10C59000E1E770470080044050B9FF1F00A006404B
:10C5A00040B9FF1F00C00440F987FF1F48B9FF1FB3
:10C5B00042B9FF1F41B9FF1F00A004400A4A38B525
:10C5C0000546137803F0FF04002BFAD10121284619
:10C5D000FFF7ACFD21462846FFF778FD034A044BE0
:10C5E00052F835201A6038BD50B9FF1FA8940100D9
:10C5F0004CB9FF1FDFF864C000299CF8003040F000
:10C60000800218BF1046834215D0154A526B52055E
:10C610000FD503F07F03012B1CD0052B11D000296F
:10C6200000F07F020CBF44236023012A0DD0052AAD
:10C6300002D08CF8000070470A4A43F44073D3617B
:10C64000F7E7084B0022DA61E9E7074A43F4407351
:10C650005364EEE7044B00225A64E0E7F987FF1FBA
:10C660000080044000C0044000A00440104B1A7831
:10C6700082420AD00F49496B490505D5AAB1152A4E
:10C6800009D068B1152801D0187070470A4A40F2E5
:10C6900013319161F8E7084A002191610028F1D136
:10C6A000064A40F213311164EEE704490A64E8E7F0
:10C6B00040B9FF1F0080044000C0044000A00440B7
:10C6C0000D4A526B520515D5212808B504D90B4BDC
:10C6D00000221A60002008BD0949084A51F830308C
:10C6E00013600121FFF722FD044A1368002119702D
:10C6F000012008BD002070470080044048B9FF1F9A
:10C70000A89401000E4B5B6B5B0517D512280BD06C
:10C7100014280ED10B4B40F202325A610A4A537B65
:10C720000120034353737047084B40F20232DA6032
:10C73000F4E7054A537B03F0FE0353730020704770
:10C740000080044000C0044000A0064000A0044057
:10C75000034B5B6B5B0501D5FFF78EBD704700BFD8
:10C76000008004402DE9F84F394B5B6B5A053CD5EE
:10C77000384B1B6800EB01080BB101221A704045D1
:10C7800030D2354EDFF8D490354CDFF8D8A000F128
:10C79000010B11E0237803F0FF0543B300252F467A
:10C7A000314B1BF8010CD8555946304A01234145FD
:10C7B00013709B44357015D23378D9F800105F1C84
:10C7C000B942E7D92178B9423D4611D03F2FE7D988
:10C7D00027481BF801CC0068A7F14003594600F830
:10C7E00003C0E2E71F4BBC22DA70BDE8F88F2F468A
:10C7F000BC218AF8031006E09AF804100B060BD44B
:10C800002178B942E2D1FFF7FFF94028F4DDFF2893
:10C81000F6DD02F061F9F3E72178D9F8000001F1C3
:10C82000010C6045C9B20AD9BCF13F0F604609D876
:10C830000D4B13F80C108AF807102070E0E7002069
:10C840008446F5E70A4B3F391B68595CF3E700BFA4
:10C85000008004404CB9FF1F44B9FF1F0888FF1F28
:10C8600043B9FF1F00A006409CB9FF1F50B9FF1F2E
:10C8700054B9FF1F10B5044C237823B102F02CF9F2
:10C880002378002BFAD110BD50B9FF1F084A094B7D
:10C8900011781A789142C8B2D3B202D2013B181A69
:10C8A0007047054A1268013A1344181A704700BFCE
:10C8B00044B9FF1F43B9FF1F0888FF1F064A074BF3
:10C8C00011781A789142D0B23CBF054A1268CBB2B7
:10C8D00038BF9B18181A704742B9FF1F41B9FF1F94
:10C8E0000488FF1F1E4B1F491A780B789A4233D0D9
:10C8F000D8B21D4B5FFA82FC1A6810B5431CDFF8F2
:10C900006CE09A42DEF800E017D93F2B1ED8184899
:10C91000C05CC0B20B70BEF1000F0DD09C4536BF9D
:10C920006244ACEB030CA2EB030C124B1B68634597
:10C9300002D300238EF8003010BD0D4A107800237A
:10C940000B70C0B2BEF1000FEFD110BD0A4C3F38E2
:10C950002468205CC0B2DDE74FF0FF30704700BFB5
:10C9600042B9FF1F41B9FF1F0488FF1F48B9FF1FCD
:10C970005CB9FF1F0088FF1F58B9FF1F0D4A0E4BFF
:10C9800011781B789942DAB211D00C490968531C0E
:10C99000994207D93F2B06D9094B3F3A1B68985C4F
:10C9A000C0B270470023074AD05CC0B270474FF056
:10C9B000FF30704742B9FF1F41B9FF1F0488FF1FB6
:10C9C00058B9FF1F5CB9FF1F0C4B5B6B5B0513D5A0
:10C9D0000B4B0C48DA78402102F0CB02DA70597424
:10C9E000DA78094942F03402DA70084A03781268AA
:10C9F0000B700AB100231370704700BF0080044021
:10CA000000A0064041B9FF1F42B9FF1F48B9FF1FF0
:10CA100070B5DFF864C19CF8043013F0300F40D0DB
:10CA200072B69CF8163003F0FF02002B51D062B6AC
:10CA3000524B534853491C680978534B90F800E017
:10CA40001E68C9B25FFA8EFE09E0BEF1000F70D019
:10CA500000214E484354531E13F0FF0211D0481CCE
:10CA600084429CF80730F0D98645F4D03F2898BF1F
:10CA70000146EED93F397354531E13F0FF020146AD
:10CA8000EDD1404A424B11701A6852B18E4570D9AF
:10CA9000A4EB0E030B443F4909688B4224BF0123DA
:10CAA0001370354890F803C01CF0800F1DD11CF0A6
:10CAB000400F0DD0304B1B795B0609D5364B3749FB
:10CAC0001B6800220A7003B11A702B4B3C22DA70EB
:10CAD00070BD40239CF807208CF8113062B62648C0
:10CAE00090F803C01CF0800FE1D003791906DED561
:10CAF0002B4B2C4A1C782C4BD2F800E01B782B4A8D
:10CB0000E4B21568DBB207E003790023284AD25C5F
:10CB1000C271027D072A1CD8A34203F1010119D07A
:10CB20008E45F1D93F290279A3F13F030ED80B4678
:10CB3000ECE7012AA2F1020315D00F4DEA7913F0B8
:10CB4000FF029ED08442EB79F3D98DE7EA5C0B4675
:10CB5000DEE71C46144A084B14701A79120644BFCB
:10CB60007C22DA70A3E70A4A064812680170002A9C
:10CB700097D0A1EB0E038EE700A006400488FF1FAC
:10CB800041B9FF1F42B9FF1F58B9FF1F5CB9FF1F12
:10CB900048B9FF1FFC87FF1F4CB9FF1F50B9FF1F8B
:10CBA00044B9FF1F0888FF1F43B9FF1F54B9FF1F77
:10CBB0009CB9FF1F094B186060B101F1400C084B94
:10CBC000084801F11A021A60074BC0F800C028316A
:10CBD000196070474FF0400CF1E700BF58B9FF1FD4
:10CBE0000088FF1F0488FF1FFC87FF1F054B18608C
:10CBF00018B1054B403119607047034B4021196053
:10CC0000704700BF54B9FF1F0888FF1F2C4A2D49E9
:10CC1000536BDFF8B4C030B443F4006353630023B4
:10CC20000B702A4D2A492B4C9CF800202B70237046
:10CC30000B702949092A0B703DD01A2A2ED0274B98
:10CC40001B780A2B32D01F2B23D02028244B254CB5
:10CC500038BF2020C0F3443C83F800C04FEA501C8A
:10CC600000F01F0083F801C00422987202209A701D
:10CC7000D87488205A754FF0E021187440223C2067
:10CC8000D87084F82F204FF4004330BCC1F8043131
:10CC90007047154B4FF451721A60D6E7124B40F2B1
:10CCA00013325A600D4B1B780A2BCCD10F4B4FF42B
:10CCB00051721A61C9E70D4B40F21332DA60BEE7D8
:10CCC00000800440DDB9FF1F0D88FF1FDCB9FF1F86
:10CCD000DEB9FF1FDFB9FF1FE8B9FF1F0C88FF1F78
:10CCE00000B0064000E400E000D0044000B0044082
:10CCF000294A937800F0030103F0EC030B4341074A
:10CD00002AD49370244B5A79C306234B54BF02F0A4
:10CD1000EF0242F0100200F400715A7180069A7915
:10CD200010D542F010029A7181B19A781B4962F0D5
:10CD30005F029A7009781A4B03EBC10340F2463246
:10CD40005B6821E002F0EF029A7189B9154B164A2F
:10CD5000196891421DD0704743F01003937000F0A2
:10CD60000F03042BCED1937943F040039371C9E7AD
:10CD70009A780A4962F05F029A700978084B03EBCF
:10CD8000C10340F247325B68064907481A600860F1
:10CD9000704700221A60704700B006400C88FF1FE1
:10CDA000A8940100E4B9FF1FD400D642254B5B6B69
:10CDB0001B0545D510B5244C237823B101F08CFE1A
:10CDC0002378002BFAD1214A214B4FF0E0204FF479
:10CDD00000440021C0F88441D1701B78092B20D079
:10CDE0001A2B03D11B4B40F203125A601A4B1B78CB
:10CDF00003F07F030A2B1ED01F2B03D1154B40F2EB
:10CE000003121A60154B114A154C1648196892F80E
:10CE100004C0D27900232370037009B101230B7081
:10CE200010BD114B40F20312DA600B4B1B7803F07C
:10CE30007F030A2BE0D10C4B40F203121A61E1E7A9
:10CE4000704700BF00800440E8B9FF1F00B00640F3
:10CE50000D88FF1F00D004400C88FF1FE0B9FF1FA2
:10CE6000DDB9FF1FDCB9FF1F00B004400A4A38B526
:10CE70000546137803F0FF04002BFAD10121284660
:10CE8000FFF754F921462846FFF720F9034A044BDF
:10CE900052F835201A6038BDE8B9FF1FA894010088
:10CEA000E4B9FF1FDFF864C000299CF8003040F0AF
:10CEB000800218BF1046834215D0154A526B1205E6
:10CEC0000FD503F07F030A2B1CD01F2B11D0002994
:10CED00000F07F020CBF442360230A2A0DD01F2AD2
:10CEE00002D08CF8000070470A4A43F44073136084
:10CEF000F7E7084B00221A60E9E7074A43F440735A
:10CF00001361EEE7044B00221A61E0E70C88FF1F73
:10CF10000080044000D0044000B00440124B1A7856
:10CF200082420CD01149496B090507D5092A16D050
:10CF30001A2A0AD009280DD01A2801D01870704773
:10CF40000B4A40F213315160F8E7094A00210928E1
:10CF50005160F1D1074A40F21331D160EEE7054A42
:10CF60000021D160E6E700BF0D88FF1F008004406C
:10CF700000D0044000B004400D4A526B120515D594
:10CF8000212808B504D90B4B00221A60002008BDE7
:10CF90000949084A51F8303013600121FFF7C6F8FB
:10CFA000044A136800211970012008BD0020704751
:10CFB00000800440E0B9FF1FA89401000B4B5B6B9D
:10CFC0001B0506D5172806D0094A537B03F0FE033C
:10CFD000537300207047074B054A40F202319960B5
:10CFE000537B012003435373704700BF008004400C
:10CFF00000B0064000B004402DE9F843304B5B6BB5
:10D000001A0537D52F4B1B680BB101221A702E4B16
:10D010002E4F1B783A6801339A4281462CD92C4C0A
:10D0200022789342D5B2984618BF1D4612D1294E98
:10D0300005E033791B062DD42378AB420AD1FEF7E5
:10D04000E3FD4028F5DDFF28F6DD01F045FD2378FE
:10D05000AB42F4D0272D19D91F4B283D1A6802F88E
:10D0600005901E4A1B4B184801211170BC2280F804
:10D070000080DA70BDE8F883154C237803F0FF08D0
:10D080004546002BD3D04FF000080025144B03F881
:10D090000590E6E7237839685A1C9142DBB209D93A
:10D0A000272A114608D90C4A273B1268D35CF37132
:10D0B0002170C1E700210A46094B9B5CF7E700BFDE
:10D0C00000800440E4B9FF1FDFB9FF1F1C88FF1F69
:10D0D000DEB9FF1F00B00640ECB9FF1FE8B9FF1F23
:10D0E00034BAFF1F2DE9F84F394B5B6B1A053CD55D
:10D0F000384B1B6800EB01080BB101221A70404548
:10D1000030D2354EDFF8D490354CDFF8D8A000F19E
:10D11000010B11E0237803F0FF0543B300252F46F0
:10D12000314B1BF8010CD8555946304A0123414573
:10D1300013709B44357015D23378D9F800105F1CFA
:10D14000B942E7D92178B9423D4611D0272FE7D916
:10D1500027481BF801CC0068A7F12803594600F8BE
:10D1600003C0E2E71F4BBC22DA70BDE8F88F2F4600
:10D17000BC218AF8031006E09AF804100B060BD4C1
:10D180002178B942E2D1FEF73FFD4028F4DDFF28C7
:10D19000F6DD01F0A1FCF3E72178D9F8000001F1F8
:10D1A000010C6045C9B20AD9BCF1270F604609D805
:10D1B0000D4B13F80C108AF807102070E0E70020E0
:10D1C0008446F5E70A4B27391B68595CF3E700BF33
:10D1D00000800440E4B9FF1FDFB9FF1F1C88FF1F58
:10D1E000DEB9FF1F00B0064034BAFF1FE8B9FF1FC9
:10D1F000ECB9FF1F10B5044C237823B101F06CFC8F
:10D200002378002BFAD110BDE8B9FF1F084A094B5B
:10D2100011781A789142C8B2D3B202D2013B181ADF
:10D220007047054A1268013A1344181A704700BF44
:10D23000DFB9FF1FDEB9FF1F1C88FF1F064A074B1F
:10D2400011781A789142D0B23CBF054A1268CBB22D
:10D2500038BF9B18181A7047DDB9FF1FDCB9FF1FD4
:10D260001888FF1F1E4B1F491A780B789A4233D03B
:10D27000D8B21D4B5FFA82FC1A6810B5431CDFF868
:10D280006CE09A42DEF800E017D93F2B1ED8184810
:10D29000C05CC0B20B70BEF1000F0DD09C4536BF14
:10D2A0006244ACEB030CA2EB030C124B1B6863450E
:10D2B00002D300238EF8003010BD0D4A10780023F1
:10D2C0000B70C0B2BEF1000FEFD110BD0A4C3F3859
:10D2D0002468205CC0B2DDE74FF0FF30704700BF2C
:10D2E000DDB9FF1FDCB9FF1F1888FF1FE0B9FF1F62
:10D2F000F4B9FF1F1488FF1FF0B9FF1F0D4A0E4B32
:10D3000011781B789942DAB211D00C490968531C84
:10D31000994207D93F2B06D9094B3F3A1B68985CC5
:10D32000C0B270470023074AD05CC0B270474FF0CC
:10D33000FF307047DDB9FF1FDCB9FF1F1888FF1FE2
:10D34000F0B9FF1FF4B9FF1F0C4B5B6B1B0513D526
:10D350000B4B0C48DA78402102F0CB02DA7059749A
:10D36000DA78094942F03402DA70084A0378126820
:10D370000B700AB100231370704700BF0080044097
:10D3800000B00640DCB9FF1FDDB9FF1FE0B9FF1F89
:10D3900070B5DFF864C19CF8043013F0300F40D052
:10D3A00072B69CF8163003F0FF02002B51D062B623
:10D3B000524B534853491C680978534B90F800E08E
:10D3C0001E68C9B25FFA8EFE09E0BEF1000F70D090
:10D3D00000214E484354531E13F0FF0211D0481C45
:10D3E00084429CF80730F0D98645F4D03F2898BF96
:10D3F0000146EED93F397354531E13F0FF02014624
:10D40000EDD1404A424B11701A6852B18E4570D925
:10D41000A4EB0E030B443F4909688B4224BF012350
:10D420001370354890F803C01CF0800F1DD11CF01C
:10D43000400F0DD0304B1B795B0609D5364B374971
:10D440001B6800220A7003B11A702B4B3C22DA7061
:10D4500070BD40239CF807208CF8113062B6264836
:10D4600090F803C01CF0800FE1D003791906DED5D7
:10D470002B4B2C4A1C782C4BD2F800E01B782B4A03
:10D48000E4B21568DBB207E003790023284AD25CD6
:10D49000C271027D072A1CD8A34203F1010119D0F1
:10D4A0008E45F1D927290279A3F127030ED80B461F
:10D4B000ECE7012AA2F1020315D00F4DEA7913F02F
:10D4C000FF029ED08442EB79F3D98DE7EA5C0B46EC
:10D4D000DEE71C46144A084B14701A79120644BF42
:10D4E0007C22DA70A3E70A4A064812680170002A13
:10D4F00097D0A1EB0E038EE700B006401888FF1FFF
:10D50000DCB9FF1FDDB9FF1FF0B9FF1FF4B9FF1F22
:10D51000E0B9FF1F1088FF1FE4B9FF1FE8B9FF1F24
:10D52000DFB9FF1F1C88FF1FDEB9FF1FECB9FF1F0B
:10D5300034BAFF1F094B186060B101F1400C084B71
:10D54000084801F11A021A60074BC0F800C02831E0
:10D55000196070474FF0400CF1E700BFF0B9FF1FB2
:10D560001488FF1F1888FF1F1088FF1F054B1860C5
:10D5700018B1054B283119607047034B28211960F9
:10D58000704700BFECB9FF1F1C88FF1F2DE9F84F43
:10D59000304B1B6883460BB101221A70DFF8B8804C
:10D5A0002E4F98F800303A68013393423DD32C4C0B
:10D5B000237803F0FF094D46002B3FD1294EDFF8B9
:10D5C000A8A005E033791B061ED42378AB420AD10C
:10D5D000FEF71AFB4028F5DDFF28F6DD01F07CFAA6
:10D5E0002378AB42F4D0272D2BD9204B283D1A6845
:10D5F00002F805B01E4A1B4B01211170AC2288F8BD
:10D600000090DA70BDE8F88F237839685A1C8A4296
:10D61000DBB207D2272A114617D81AF80230F37165
:10D620002170D2E700210A46F7E70D4C2278934299
:10D63000D5B2994618BF1D46C0D0D4E74FF00009B7
:10D640004D46094B03F805B0D4E7084A273B12685A
:10D65000D35CE4E764BAFF1F5FBAFF1F3088FF1F87
:10D660005EBAFF1F00C00640B4BAFF1F6CBAFF1FAE
:10D6700068BAFF1F1E491F4A4B6B202838BF202065
:10D680002DE9F043844643F480534FEA50191A4F72
:10D690001A481B4E1B4D1C4C4B6300233B703370D0
:10D6A0002B702370037040F213309060DFF85CE061
:10D6B00017494FF45170D060CCF344328EF80020FB
:10D6C0000CF01F0C2C228EF801904FF0E0288EF801
:10D6D0000AC08EF802308EF810308EF803204022F7
:10D6E0004FF4003381F83120C8F80431BDE8F083ED
:10D6F0000080044000C004405DBAFF1F68BAFF1FED
:10D700005CBAFF1F5FBAFF1F5EBAFF1F00C0064072
:10D7100000E400E0294A937800F0030103F0EC03F1
:10D720000B4341072AD49370244B5A79C306234BE9
:10D7300054BF02F0EF0242F0100200F400715A717F
:10D7400080069A7910D542F010029A7181B19A78C8
:10D750001B4962F05F029A7009781A4B03EBC10310
:10D7600040F246325B6821E002F0EF029A7189B91B
:10D77000154B164A196891421DD0704743F01003AB
:10D78000937000F00F03042BCED1937943F0400344
:10D790009371C9E79A780A4962F05F029A70097832
:10D7A000084B03EBC10340F247325B680649074868
:10D7B0001A600860704700221A60704700C0064077
:10D7C0002088FF1FA894010064BAFF1FD400D8422C
:10D7D000134B5B6BDB0422D510B5124C237823B1BD
:10D7E00001F07AF92378002BFAD10F4A0F494FF054
:10D7F000E02440F203104FF4003CC4F884C1D3701D
:10D800008860C8600A490B4C0B48096892F804C04C
:10D81000D2792370037009B101230B7010BD7047DA
:10D820000080044068BAFF1F00C0064000C00440EA
:10D8300060BAFF1F5DBAFF1F5CBAFF1F0A4A38B506
:10D840000546137803F0FF04002BFAD10121284686
:10D85000FEF76CFC21462846FEF738FC034A044BD1
:10D8600052F835201A6038BD68BAFF1FA89401002D
:10D8700064BAFF1FDFF848C000299CF8002040F080
:10D88000800318BF1846824214D00E4B5B6BDB043A
:10D890000ED502F07F02082A02D10B4B0022DA607B
:10D8A000002900F07F030CBF44226022082B02D025
:10D8B0008CF800007047044B42F44072DA60F7E7DE
:10D8C0002088FF1F0080044000C00440704700BF54
:10D8D0000D4A526BD20415D5212808B504D90B4B3B
:10D8E00000221A60002008BD0949084A51F830306A
:10D8F00013600121FEF71AFC044A13680021197015
:10D90000012008BD002070470080044060BAFF1F5E
:10D91000A89401000B4B5B6BDB0406D50E2806D0E8
:10D92000094A537B03F0FE03537300207047074BF3
:10D93000054A40F202315960537B0120034353737F
:10D94000704700BF0080044000C0064000C0044093
:10D95000034B5B6BDB0401D5FFF718BE704700BFBC
:10D960000080044079B170B5074E04464518736BCA
:10D97000DB0404F1010403D514F8010CFFF706FEE3
:10D98000AC42F4D170BD70470080044010B5044C27
:10D99000237823B101F0A0F82378002BFAD110BD31
:10D9A00068BAFF1F084A094B11781A789142C8B229
:10D9B000D3B202D2013B181A7047054A1268013AE5
:10D9C0001344181A704700BF5FBAFF1F5EBAFF1FEB
:10D9D0003088FF1F064A074B11781A789142D0B25F
:10D9E0003CBF054A1268CBB238BF9B18181A704763
:10D9F0005DBAFF1F5CBAFF1F2C88FF1F1E4B1F491B
:10DA00001A780B789A4233D0D8B21D4B5FFA82FC59
:10DA10001A6810B5431CDFF86CE09A42DEF800E0AB
:10DA200017D93F2B1ED81848C05CC0B20B70BEF18E
:10DA3000000F0DD09C4536BF6244ACEB030CA2EB4B
:10DA4000030C124B1B68634502D300238EF8003091
:10DA500010BD0D4A107800230B70C0B2BEF1000F4C
:10DA6000EFD110BD0A4C3F382468205CC0B2DDE71E
:10DA70004FF0FF30704700BF5DBAFF1F5CBAFF1F59
:10DA80002C88FF1F60BAFF1F74BAFF1F2888FF1F72
:10DA900070BAFF1F0D4A0E4B11781B789942DAB20B
:10DAA00011D00C490968531C994207D93F2B06D95C
:10DAB000094B3F3A1B68985CC0B270470023074A85
:10DAC000D05CC0B270474FF0FF3070475DBAFF1FA7
:10DAD0005CBAFF1F2C88FF1F70BAFF1F74BAFF1FAC
:10DAE000044A054B054912681B780B700AB10023E4
:10DAF0001370704760BAFF1F5CBAFF1F5DBAFF1F4B
:10DB000010B53E4B1A79940628D5DFF8F4E03D496C
:10DB1000DB799EF80020D1F800C01846531C9C45C4
:10DB2000D2B230D8384B1B78002B57D000210B468F
:10DB3000364AD0548EF800103549096871B1354A1B
:10DB400010789842C2B28ABFACEB02029B1A9B18B3
:10DB5000314A1268934224BF01230B70274AD378BD
:10DB600018061CD45A060DD5244B1B795B0609D523
:10DB70002A4B2B491B6800220A7003B11A701F4BF5
:10DB80002C22DA7010BD204909789942D4D03F2B5D
:10DB90001946CDDD234C3F3A2468A054CAE71179D9
:10DBA0000906DFD520491B4891F800E001788E4531
:10DBB0005FFA81FC15D01D4909680CF10102914200
:10DBC00012D9272A114612D8DFF864C01CF80220A7
:10DBD000DFF828C08CF807200170C3E703F0FF03CB
:10DBE000AAE76C21D170BDE700210A46ECE7114A93
:10DBF000ACF1270C126812F80C20E9E700C00640CF
:10DC00005DBAFF1F2C88FF1F5CBAFF1F74BAFF1F8D
:10DC100060BAFF1F5EBAFF1F2488FF1F64BAFF1F90
:10DC200068BAFF1F70BAFF1F5FBAFF1F3088FF1F5F
:10DC3000B4BAFF1F6CBAFF1F094B186060B101F145
:10DC4000400C084B084801F11A021A60074BC0F853
:10DC500000C02831196070474FF0400CF1E700BF59
:10DC600070BAFF1F2888FF1F2C88FF1F2488FF1F02
:10DC7000054B186018B1054B283119607047034BEC
:10DC800028211960704700BF6CBAFF1F3088FF1F42
:10DC9000704700BF704700BF704700BF431E032B93
:10DCA00017D872B60C4951F8230080B1DFF82CC0A8
:10DCB00000B53CF81320B0F800E0A2EB0E02D0F85B
:10DCC00004E041F823E02CF8132062B600BD62B6F0
:10DCD00070470020704700BFB4BBFF1F7CBBFF1F15
:10DCE000013803280BD872B6074B53F8203043B1E4
:10DCF00000205B680130002BFBD162B6704700202A
:10DD000070471846F9E700BF94BBFF1F00B572B615
:10DD10001A4ADFF86CE004231178090743F0010C7C
:10DD200002F1010205D55EF8331069B15EF83C10CE
:10DD3000B9B10433142BEFD162B6124B00221A7022
:10DD40005DF804EB00F0E6BC0E490EEBC3020830B0
:10DD500050600A780C484EF83300013A0A7062B6F7
:10DD600000BD084A09490EEBCC030830586013780F
:10DD70004EF83C10013B137062B600BDE095010007
:10DD80000080FF1FE6BAFF1F88004000C800400067
:10DD9000431E032B10D81D4A400140F0100000B56F
:10DDA000104472B6DFF868C01CF80320032A1CD8A0
:10DDB000DFE802F013150318704705220CF8032062
:10DDC00010F0080F0A880CBF8823C823083143EAE3
:10DDD00002434160036062B600BD0322EEE70830F3
:10DDE0000222EBE708300422E8E70A4A52F823004F
:10DDF00038B1094A52F82300416042F8231062B654
:10DE000000BD42F82310044AF7E700BF0080FF1F5F
:10DE100078BBFF1F94BBFF1F84BBFF1F00BE00BF6A
:10DE20002DE9F04FA74EA84DDFF8A09287B03BE058
:10DE3000A74F4FEA930807EBC80A013ADAF8041033
:10DE400013F00803D4B2A1F1080079D157F83820B3
:10DE5000120C21F8082C002A6DD021F8063C41F85C
:10DE6000043C9C4951F82430002B00F01C819A4955
:10DE700051F824305860994B41F8240033F81410BD
:10DE80000A4423F8142000F025FC002800F0048147
:10DE900008301AF0080FCAF804004FD0904B47F82A
:10DEA0003830082386F8803096F8804061071BD50B
:10DEB0002B78B3B199F8002002F0FF0332B1013B97
:10DEC000DBB289F80030002B00F08B8385490A789B
:10DED00002F0FF032AB1013BDBB20B70002B00F014
:10DEE0003081042386F8803014F0080300F010819C
:10DEF00096F89020D3B212099AD1754C9B0804EB86
:10DF0000C30054F833104068C1F38301092900F0BD
:10DF1000868043D80139012909D8734A178842F20B
:10DF200021018F4200F008826D4A44F8332001231A
:10DF300086F89430B5E71AF0080FAFD16B4BAEE717
:10DF400000F0E8FB6A4A6B4852F82430015D002B70
:10DF500000F0AD80D3F804C042F824C003F10802F9
:10DF6000CAF80420032905D8DFE801F0120F1502D2
:10DF7000042202551A881AF0080F0CBF8823C82300
:10DF800043EA024347F838308BE702220255F1E7B3
:10DF900003220255EEE705220255EBE70D29C6D113
:10DFA000D0E90017DFF838E1534844F833E0DFF8F0
:10DFB00038C1DFF8488122618BB240F2816E026085
:10DFC000A26173454FF00102CCE9001788F80020E8
:10DFD00000F2BA80B3F5D06F80F0CE82B3F5817FC6
:10DFE00000F0E38200F27181802B00F02982822B05
:10DFF00040F06F8207F07F07042F00F26A82BF00B3
:10E0000007F180433E4A03F5E4230021118093F891
:10E01000C0309F0740F117820123137013E2364886
:10E02000026862B3DFF8DCE0DFF8D080BEF800C041
:10E03000354998F800A00B786746402F28BF402745
:10E04000BAF1000F8AF0010A88F800A043F0020834
:10E0500083F001030B7004EBC8035A600CBF8823E4
:10E06000C82343EA074344F83830ACEB07039BB2BC
:10E07000AEF80030002B00F01881D31903601A4B62
:10E080001A88B2F5A06F7FF452AF00225A705A88F6
:10E090000C4B83F898204AE71C4A47F8380013785D
:10E0A00001331370FDE641F824000B49E3E6022931
:10E0B00000F0F9807FF6F5AE032940F0EF800123F0
:10E0C0000355EEE600200740E5BAFF1FE4BAFF1F44
:10E0D0000080FF1FB4BBFF1FA4BBFF1F7CBBFF1F43
:10E0E000C8004000D0BBFF1F70BBFF1F880040006E
:10E0F00094BBFF1F78BBFF1FECBAFF1FE7BAFF1FDF
:10E10000DCBAFF1FEABAFF1FE8BAFF1FE6BAFF1F1B
:10E11000E00700F13B81210600F1CC80A20707D582
:10E12000AD4B022193F8882083F8882083F8801073
:10E13000E30603D5A84B102283F8802007B0BDE882
:10E14000F08F00F09FFCCCE642F2210E734500F008
:10E15000A18000F2CF80B3F5086F00F0B081B3F575
:10E16000106F40F0B6819D4B090C1970042702E036
:10E170000137142F0CD054F837301A06F8D504EBB9
:10E18000C70301375868083800F0C4FA142FF2D1D9
:10E19000934A0492934A0292934A0192CDF81480D2
:10E1A000924ADFF84CA2DFF84C82039200275AF81B
:10E1B00004BBBBF1000F07D05846DBF804B000F0F9
:10E1C000A9FABBF1000FF7D1039BD8F800B043F8D0
:10E1D000047B4AF8047C0393BBF1000F07D0584638
:10E1E000DBF804B000F096FABBF1000FF7D1049B06
:10E1F000019A43F8047B0493029B48F8047B23F8BC
:10E20000027B029312F8013B0192023B032B0AD8D6
:10E21000DFE813F09301040093010400019B4FF029
:10E22000010203F8012C744B5345C0D1734F744B5A
:10E23000DDF814B00022B846724F1A7018F8013B8E
:10E2400007F8043BDFF8C0A11B07BA4400F179814D
:10E250004AF002034AF0030A44F833206B4B44F8B7
:10E260003A209F42EAD16A489BF8007090F800E09B
:10E270004EF0020104EBC1035A60002F40F0B2815E
:10E28000882344F831308EF0010E012380F800E03D
:10E290008BF80030012386F8943048E61AF0080F16
:10E2A0000CBF022303230355FBE5BCF1400F7FF4B1
:10E2B000E5AEE2E6484B80220D2183F8C01083F8DA
:10E2C0008020A2077FF534AF2AE740F20232934262
:10E2D00040F0FB8007F07F07042F00F2FA80090C62
:10E2E00040F0F7804B4A12F8273043F0020302F85F
:10E2F00027300DE042F22122934240F0F280BFB27B
:10E3000037B9454B1A68454B1A60454B090C1970D3
:10E310003F48037843F0020283F00103037004EBEB
:10E32000C20300215960C827012344F8327088F8DD
:10E33000001086F89430FAE5928862B9394AC71D10
:10E3400010F8011B02F8011FB842F9D1364A1268D1
:10E35000862A00F0CC80DFF8D4802D4998F80000A0
:10E360000A78002880F0010088F8000042F00200DE
:10E3700082F001020A7004EBC0024FF0000151600C
:10E380000CBF8822C82244F83020CDE5124A20482C
:10E390002749284C022582F89450037026480C60C7
:10E3A000264D48608C600D24CD60FF200B618B6191
:10E3B00082F8C04001219F2482F8880082F8800002
:10E3C00082F8983082F88C0082F8844082F89410A9
:10E3D00007B0BDE8F08F00BF00200740E5BAFF1F7F
:10E3E00084BBFF1F7CBBFF1F78BBFF1FA4BBFF1FAD
:10E3F000B4BBFF1F94BBFF1FC4BBFF1FE095010010
:10E40000E6BAFF1FC42007403CDFF8BFD420074016
:10E41000E8BAFF1FC02007403CB9FF1FD4BBFF1F55
:10E42000D1BBFF1FD7BBFF1FD8BBFF1FE7BAFF1F22
:10E430000080FF1F8800400030BBFF1FF0BAFF1FA5
:10E440006E4A002313806D4A0223BCF806A06C4973
:10E450009A4528BF9A46574691F800E0402F28BFBA
:10E4600040274EF0020C3B0404EBCC0B43F0C803F6
:10E47000CBF8042044F83C30002302EB070C88F86A
:10E480000030BAEB07078EF001030B7033D1BAF1FD
:10E49000400F4FF001077FF4FDAE43F00203DBB203
:10E4A00004EBC30288F80070C2F804C0882244F864
:10E4B0003320012381F800E086F8943037E51346D5
:10E4C000504A11784D4A1170BFE7B3F5A06F3FF481
:10E4D0001FAF4D4B0F2283F8C020012386F89430E4
:10E4E00025E542F2213293423FF412AFF1E7474A69
:10E4F0000F2111702FE781F800E043F00201C9B24B
:10E50000402F04EBC1023B4628BF4023C2F804C0A1
:10E510001A0442F0880244F83120012288F80020D1
:10E52000FA1A07D063440360394B1A80012386F836
:10E530009430FCE4402FF5D0ACE6019B03F8017C5D
:10E5400071E600F0C7F8002844D004EBCA03083095
:10E550005860304B44F83A3000F0BCF84AF0010300
:10E56000002200282FD004EBC30C0830CCF80400A4
:10E57000294844F833006BE6284B5A68002AA8D093
:10E58000090CBFB203E01A690C33002AA1D0B3F81A
:10E5900000E08E45F7D1B3F802E0BE45F3D1090A99
:10E5A00003290CBF13781B894FE707F07F07042F5F
:10E5B0008FD8090C8DD11A4A12F8273023F00203A4
:10E5C00002F82730A4E6174944F833000B780133EA
:10E5D0000B703DE6134944F83A000B7801330B7099
:10E5E000BAE700BE8EF0010387F001070370C8236D
:10E5F00044F831308BF800704CE600BFDCBAFF1FE6
:10E60000E8BAFF1FE5BAFF1F00200740E4BAFF1F6A
:10E61000EABAFF1F88004000C8004000E4950100EE
:10E62000C0200740E6BAFF1F70B500F0F5FA0023DE
:10E63000194A194642F8331002EBC3000133142B78
:10E640004160F7D1154C164B606B164D40F480209D
:10E650006063140A83F89C40134CFF204FF0010CB8
:10E66000160C120E83F8B0604FF0E02E83F8B42041
:10E6700083F8800083F88800187483F894C02170B0
:10E6800083F884C0702385F849304FF4007210235A
:10E69000CEF80821237270BD0080FF1F0080044067
:10E6A0000020074000E400E00021074000F0B8B877
:10E6B00000F084B800F056B800F09AB800F0A8B99D
:10E6C00000F07EB90846114600F0C6B8084600F0D2
:10E6D0006BB900BF72B60D480268B2FA82F30B2B19
:10E6E00010DC4FF00041D94022EA0102026062B61C
:10E6F000074903EBC30301EBC300002241F83320B9
:10E700004260704762B60020704700BF4888FF1F14
:10E71000BC83FF1F0E4BC31AB3F5587F10D20D4AAE
:10E72000127872B972B60C4A0C49A2FB032308682E
:10E730004FF000421B0922FA03F303430B6062B659
:10E740007047074A1278002AECD0FFF7DFBA00BF03
:10E75000BC83FF1FE6BAFF1F398EE3384888FF1FCE
:10E76000E5BAFF1F00B5134A106883B0A8B143880B
:10E77000B0F800C0C11801339C45097A03D9438021
:10E78000084603B000BD0191FFF7C4FF0199094A93
:10E7900000230846136003B000BD074B1B7833B15C
:10E7A0000320FFF77BFA034A10600028DFD14FF007
:10E7B000FF31E5E7CCBBFF1FE5BAFF1F08B50A4BE9
:10E7C000186818B143881844007A08BD074A1278BF
:10E7D00032B10320FFF762FA034B18600028F1D131
:10E7E0004FF0FF3008BD00BFCCBBFF1FE5BAFF1FD5
:10E7F000094B0A4A1B6890881BB11A885B88D31A98
:10E80000184400B1704700B583B0019000F064F97E
:10E81000019803B000BD00BFCCBBFF1F7CBBFF1F36
:10E8200008B50B4B1B7893B10A4B186850B1FFF732
:10E8300071FF084B002203201A60FFF72FFA30B156
:10E84000FFF768FF0320FFF729FA0028F8D108BD79
:10E85000E5BAFF1FCCBBFF1F2DE9F04FDFF8349165
:10E86000012283B00C4689F8002000296ED04A4D61
:10E870004A4E4B4F0A464FF0000A80460B46296825
:10E8800029B33446B1F802C084F800A0CCF14004AA
:10E89000944228BF14460CEB040080B24880121B3F
:10E8A000002C5AD08C440CF1070C444418F8010B8E
:10E8B0000CF8010FA045F9D148883F2836D805212A
:10E8C0003970002A41D02968A0460029D9D135499C
:10E8D0000978002955D0CDE90023304C4AF2F92BB4
:10E8E0000AE0BBF1010B1AD02378C3B900F0F4F8A9
:10E8F0002C4B1B78002B44D00420FFF7F1F907289C
:10E90000EFD84FF0010389F80030FFF7E3FE2860ED
:10E9100000283AD1BBF1010B89F80000E4D10123B2
:10E9200023704FF0FF3003B0BDE8F08F4020088027
:10E930000420CDE90023FFF72BFADDE900230521B0
:10E94000C5F800A03970002ABDD11C46002320461E
:10E9500089F8003003B0BDE8F08F3F2803D8104994
:10E96000052008708BE7402008800420CDE90023B3
:10E97000FFF70EFA0A492C600520DDE90023087034
:10E980007DE7002389F80030CBE7DDE9002301466D
:10E9900078E700BFC5BBFF1FC8BBFF1FC4BBFF1F7D
:10E9A000D0BBFF1FE5BAFF1F00B583B001218DF872
:10E9B00007000DF10700FFF74FFF03B000BD00BFD8
:10E9C000104A08B51068104B0121197028B1408811
:10E9D00000221A70C0F1400008BD0C49097811B935
:10E9E0000020187008BD0420FFF77AF90728064BAD
:10E9F000F6D8FFF76FFE034A034B10600028E6D1FC
:10EA0000EEE700BFC8BBFF1FC5BBFF1FE5BAFF1F76
:10EA1000184B1B78C3B110B5174A184C1368012165
:10EA200082B021708BB116494FF0000008705988F0
:10EA3000198004201946FFF7ABF90F4A0023136031
:10EA40000023237002B010BD70470193FFF742FE10
:10EA5000012160B1DFF828C0019B8CF8003001462D
:10EA60000420FFF795F90023237002B010BD044B7A
:10EA70001970E5E7E5BAFF1FC8BBFF1FC5BBFF1F45
:10EA8000D0BBFF1F114B1B788BB900B503F0FF0201
:10EA90000F4B196883B059B148880880042001924F
:10EAA000FFF776F90A4B019A1A6003B000BD704770
:10EAB000FFF710FE30B10146042003B05DF804EB0F
:10EAC000FFF766B9034B01221A70EEE7C5BBFF1FC3
:10EAD000C8BBFF1FD0BBFF1F2DE9F041314F3B7872
:10EAE00083B1DFF8C48098F800205AB90122D90711
:10EAF00088F8002040D49A0727D400225B0788F8C2
:10EB0000002001D4BDE8F081284B1A68002AF9D012
:10EB1000EFF30582002AF5D1EFF3108572B618687D
:10EB2000002835D0224C2178002931D142691A6061
:10EB300001232370002A32D0916105B962B6002505
:10EB40008368457798472570DCE71A4A1278002ACF
:10EB5000D3D0194E002556F8044B236820461B6974
:10EB6000984708B123699847124B01351A78EBB2E0
:10EB70009A42F0D83B78C0E7FFF73AFE60B90F4AF7
:10EB80003B781278002AB6D003F0FE033B70B2E760
:10EB9000002DB7D162B6B5E700F03CF8EFE7084BBF
:10EBA0001A60CAE74C88FF1FE0BBFF1F34B9FF1F84
:10EBB00024B9FF1FE1BBFF1F00BCFF1F5C930100D6
:10EBC00030B9FF1F10B5104CDFF840E094F800C0DA
:10EBD000BCF1000F16D073460EEB8C0101E08B42A6
:10EBE00005D01A68824203F10403F8D110BD0CF17C
:10EBF0000103074A237013784EF82C0043F00203F8
:10EC0000137010BD0123F4E7E1BBFF1F00BCFF1F21
:10EC10004C88FF1F704700BF00B585B072B6194A17
:10EC20004FF0700C41200F21802382F800C0D0717A
:10EC30009171137013781B06FCD5936862B6124A63
:10EC400003EB83004000934228BF184669460A221E
:10EC5000FDF700F8DFF834C000226B4660461978F3
:10EC60000132013341B10A2A20F8021FF7D11622DE
:10EC70008CF8002005B000BD52008CF8002005B0D3
:10EC800000BD00BF00000240809698005088FF1F22
:10EC900038B5054600F0AEF80446284600F09EF868
:10ECA00048B10D49284601F067FD30B90B492846A7
:10ECB00001F044FD48B9204638BD02F073FC4FF026
:10ECC000FF4422230360204638BD02F06BFC222360
:10ECD00000240360EFE700BF1772B142B5F1CFC265
:10ECE00038B5044600F022FA21460546204601F0D8
:10ECF0004DFD70B90021204601F03EFD48B90021CC
:10ED0000204601F011FD30B102F04CFC074D2223EA
:10ED10000360284638BD02F045FC034621221A60F4
:10ED20000348BDE8384000F061B800BF000080FF34
:10ED30004480010070B50D46064600F03FFB2946B1
:10ED40000446284601F022FD58B90021304601F062
:10ED5000EBFCA0B10021284601F0E6FC18B14FF011
:10ED60007E54204670BD284600F038F80028F8D0C0
:10ED70000021284601F0E2FC0028F2D023E02046E2
:10ED800000F02CF880B10021204601F0CDFC0028D5
:10ED9000E7D0304600F022F80028E2D0284600F004
:10EDA0001DF80028DDD00EE0304600F017F80028EE
:10EDB000E9D0284600F012F80028E4D02146204689
:10EDC00001F0E4FC20B902F0EDFB22230360C8E768
:10EDD00002F0E8FB21230360C3E700BF20F00040FE
:10EDE000B0F1FF4F2CBF0020012070470048704752
:10EDF0000000C07F2DE9F04320F00042B2F1FF4F48
:10EE000083B004466DD84FEAD07500F0CB807E49C0
:10EE1000884200F3B7800028C0F2BA807B4B9A4248
:10EE200065D97B4B9A4200F2CC807A4B204653F84E
:10EE3000251001F0DBF9784A52F8252085F001030E
:10EE4000904607465E1B4146384601F0CFF9014621
:10EE5000044601F0D5FA7149054601F0D1FA70492E
:10EE600001F0C4F9294601F0CBFA6E4901F0C0F96E
:10EE7000294601F0C5FA6C4901F0B8F9294601F0BC
:10EE8000BFFA6A4901F0B4F9294601F0B9FA01461E
:10EE9000204601F0ABF9014620460D46019101F0F4
:10EEA000AFFA01998146002E53D04FF0804001F017
:10EEB0009DF90146484601F057FB0146404601F0E6
:10EEC00095F9394601F092F901464FF07E5001F074
:10EED0008DF916F17D0F69DB00EBC65003B0BDE87C
:10EEE000F083014601F084F903B0BDE8F083B2F18C
:10EEF000505F09D24E49204601F07AF94FF07E5119
:10EF000001F03AFC002879D12146204601F078FA38
:10EF10004249054601F074FA414901F067F9294672
:10EF200001F06EFA3F4901F063F9294601F068FAF1
:10EF30003D4901F05BF9294601F062FA3B4901F0D5
:10EF400057F9294601F05CFA0146204601F04EF9D6
:10EF500005462946204601F053FA4FF08041064607
:10EF6000284601F043F90146304601F0FDFA2146FA
:10EF700001F03CF901464FF07E5001F037F903B043
:10EF8000BDE8F083002003B0BDE8F04300F04EBEC2
:10EF9000284B9A427FF642AF002003B0BDE8F04311
:10EFA00000F040BE002D9FD000209DE706F16403D5
:10EFB0004FF0586100EBC35001F022FA03B0BDE8F6
:10EFC000F0831D49204601F01BFA1C4B53F8251015
:10EFD00001F00EF901F0F0FB064601F0BDF9184909
:10EFE000054601F00DFA0146204601F0FFF81549EB
:10EFF0000746284601F004FA804624E74FF07E5188
:10F00000204601F0F5F86FE71772B1421872B13E71
:10F010009115853F40960100389601004CBB313375
:10F020000EEADD3555B38A38610B363BABAA2A3E72
:10F03000CAF24971B5F1CF423BAAB83F48960100E8
:10F040008071313FD1F7173720F00042B2F1FF4F06
:10F0500070B5044651D2002A4ED00028034655DB35
:10F0600010F0FF4250D15B001802114602F101027C
:10F07000F9D54942C3F3160242F40002A1F17F031D
:10F08000C90758BF520000245E1052004FF0190EFD
:10F0900021464FF0807C01EB0C039342DDBF03EB74
:10F0A0000C016444D31A1346BEF1010E4FEA430229
:10F0B0004FEA5C0CEFD1D3B11A4B1B4A18681168A8
:10F0C0001A68154601F092F80146284601F040FB07
:10F0D00068B1144B144A186811681B681D4601F08A
:10F0E00087F80146284601F029FBB0B102346010D0
:10F0F00000F17C5000EBC65070BD014601F080F974
:10F10000214601F075F870BDC115B3E7014601F065
:10F110006DF8014601F028FA70BD013424F00104B5
:10F12000E5E700BF54960100509601002DE9F04735
:10F1300030F0004382B030D000280146034646DB61
:10F14000B0F1FF4F3EDAB0F5000F48DB4FF0000C96
:10F150008D49C3F316025118DB1501F400007F3B03
:10F16000634480F07E5003EBD15410434FF07E5146
:10F17000009201F03BF8009A844B02F10F010B4022
:10F18000A04681469BBB002101F0CEFA002800F08A
:10F19000AB8020464CB9002004E000214FF04C40E9
:10F1A00001F0E2F902B0BDE8F08701F0D5F8784946
:10F1B000054601F025F977490446284601F020F973
:10F1C0000146204601F014F802B0BDE8F08701F0D6
:10F1D0000DF8002101F0C8F902B0BDE8F0874FF04A
:10F1E000984101F00DF96FF0180C0346B0E74FF0AD
:10F1F0008041009200F0FCFF0146484601F0B4F95E
:10F200000546204601F0A8F829468246284601F026
:10F21000F7F8009A604B0146D318CDE90032074653
:10F2200001F0EEF85D49044601F0EAF85C4900F0AF
:10F23000DFFF214601F0E4F85A4900F0D9FF2146EA
:10F2400001F0DEF8584900F0D3FF394601F0D8F854
:10F2500056490746204601F0D3F8554900F0C8FF4B
:10F26000214601F0CDF8534900F0C2FF214601F0DC
:10F27000C7F80146384600F0BBFF019A009BC2F573
:10F28000571202F522721A43002A0746014643DD4F
:10F290004FF07C51484601F0B3F8494601F0B0F810
:10F2A00001460646384600F0A3FF294601F0A8F8BB
:10F2B000B8F1000F46D036490090504601F0A0F852
:10F2C00034490546504601F09BF8009900F090FF44
:10F2D0000146304600F08AFF494600F087FF0146AC
:10F2E000284600F083FF5DE73349484601F088F87F
:10F2F00001464FF07C5000F079FF494605464846EC
:10F3000001F07EF80146284601F07AF81CBB014660
:10F31000484600F06BFF45E7484600F067FF294686
:10F3200001F06EF8B8F1000FF1D019490090504685
:10F3300001F066F817490546504601F061F80146AC
:10F340000098C7E70146304600F050FF01464846A6
:10F3500000F04CFF26E70090204600F0FDFF0C492E
:10F36000054601F04DF80B490446284601F048F8DF
:10F370000146009800F03AFF494600F037FF014689
:10F38000204600F033FF0DE720FB4A00F0FF7F002E
:10F390008071313FD1F71737305CCFFF9788173E28
:10F3A00025333A3E2549923EABAA2A3F4FD01C3E18
:10F3B000298E633ECDCCCC3EABAAAA3E2DE9F04FC0
:10F3C0000A460B4631F0004189B0054604460ED18D
:10F3D00080F48004640014F5000F18D91146284603
:10F3E00000F006FF0146084609B0BDE8F08F0F4661
:10F3F00020F00041B1F1FF4F88460ED9B4F17E5F95
:10F40000ECD183F480035B0013F5000FE6D84FF0D6
:10F410007E51084609B0BDE8F08FB7F1FF4FEDD837
:10F420000028894614DBB7F1FF4F00F04781B7F1A0
:10F430007E5F00F05D81B2F1804F00F08981B2F112
:10F440007C5F40F0708109B0BDE8F04FFFF7FCBD74
:10F45000B7F1974F80F03B81B7F17E5F80F0538129
:10F46000B2F1804F00F07481B2F17C5F00F0E08275
:10F47000CDE9012200F038FCB8F1FF4FDDE901329F
:10F48000014600F0A08300200190B8F1000F00F0C9
:10F490008381B8F17E5F00F07F81019EE00F01382B
:10F4A0000290304300F08E81B7F19A4F40F2938181
:10F4B000AA48804540F20483A948804500F22C8385
:10F4C00008464FF07E51CDE9033200F08FFEA5498A
:10F4D000044600F095FFA4490646204600F090FF40
:10F4E0004FF07A510546204600F08AFF01469F48BA
:10F4F00000F07CFE214600F083FF01464FF07C5077
:10F5000000F074FE21460746204600F079FF0146D0
:10F51000384600F075FF964900F072FF0146284614
:10F5200000F064FE01460446304600F061FE20F41F
:10F530007F6525F00F053146284600F057FE01464D
:10F54000204600F053FEDDE9033207460199029898
:10F55000019223F47F6424F00F0401390143104623
:10F5600021460CBFDFF80C824FF07E5800F03EFEC3
:10F57000294600F045FF01990646384600F040FF55
:10F580000146304600F034FE21460646074628462E
:10F5900000F036FF01460446304600F029FE002800
:10F5A000054620F0004240F35C82B2F1864F00F243
:10F5B000FA8200F0D982B2F17C5F00F2BE820023B1
:10F5C00099466FF30E056C490193284600F018FF29
:10F5D00021460646284600F009FE0146384600F05E
:10F5E00005FE664900F00CFF65490446284600F018
:10F5F00007FF0146204600F0FBFD04460146304669
:10F6000000F0F6FD3146054600F0F0FD01462046CB
:10F6100000F0ECFD29460646284600F0F1FE594967
:10F62000044600F0EDFE584900F0E0FD214600F0F0
:10F63000E7FE564900F0DCFD214600F0E1FE5449AA
:10F6400000F0D4FD214600F0DBFE524900F0D0FD71
:10F65000214600F0D5FE0146284600F0C7FD0446CD
:10F660000146284600F0CCFE4FF080410746204678
:10F6700000F0BCFD0146384600F076FF31460446F6
:10F68000284600F0BDFE314600F0B2FD014620469E
:10F6900000F0ACFD294600F0A9FD01464FF07E5078
:10F6A00000F0A4FD019B0344B3F5000FC0F23082CB
:10F6B0001846414600F0A4FE014694E6B8F17E5F8C
:10F6C0003FF4A5AE1AD9002B16DB11468BE6B7F135
:10F6D000FF4FF3D0CDE9012200F006FBB8F1FF4F58
:10F6E000DDE90132014600F0B58102200190CCE64F
:10F6F000002B26DB294676E6002174E6002BFBDA98
:10F7000002F100416FE6F915C1F1960147FA01FCDB
:10F710000CFA01F1B94200F06F81B7F17E5FE7D0DA
:10F72000B2F1804F14D02846CDE9013200F0DCFA66
:10F730000022B8F1FF4F019B019201462CD0029AA2
:10F74000A3E629464FF07E5000F00EFF01464AE640
:10F750002946284600F054FE014644E6F3FF7F3F69
:10F760000700803F00AAB83F70A5EC36ABAAAA3EBE
:10F770003BAAB83F000080BF0072313F1872313F92
:10F780008CBEBF354CBB31330EEADD3555B38A38FC
:10F79000610B363BABAA2A3E002B04DA4FF07E50B9
:10F7A00000F0E2FE0146002CBFF61DAE019AA8F162
:10F7B0007E53134307D0019B012B7FF414AE01F15C
:10F7C000004110E62946084600F010FD014600F011
:10F7D000CBFE014607E614F0FF4F40F06F8108466C
:10F7E0004FF09741CDE9033200F00AFEDDE9033224
:10F7F00081466FF017004FEAE9517F390E18B4487F
:10F800000396C9F31601814241F07E5507DDB148E8
:10F81000814240F3898101360396A5F50005002158
:10F8200007914FF07E5006910024804601462846FD
:10F83000CDE9043200F0DAFC41468246284600F069
:10F84000D7FC01464FF07E5000F08EFE8346014605
:10F85000504600F0D5FDA04901EA65012F4641F070
:10F8600000519E4D01F5800101EB040905EA0004F9
:10F8700006464946204600F0C3FD0146504600F0CA
:10F88000B5FC41468246484600F0B0FC0146384689
:10F8900000F0ACFC214600F0B3FD0146504600F0FC
:10F8A000A5FC594600F0ACFD31468246304600F0DA
:10F8B000A7FD8B49074600F0A3FD8A4900F098FC9C
:10F8C000394600F09DFD884900F092FC394600F071
:10F8D00097FD864900F08CFC394600F091FD844983
:10F8E00000F086FC394600F08BFD824900F080FC78
:10F8F00039468146384600F083FD0146484600F00F
:10F900007FFD21460746304600F072FC514600F06C
:10F9100077FD394600F06CFC21468146204600F018
:10F920006FFD7549834600F063FC494600F060FCBA
:10F9300005EA00073946204600F062FD6E49804620
:10F94000384600F053FC594600F050FC014648464A
:10F9500000F04CFC314600F053FD39460446504659
:10F9600000F04EFD0146204600F042FC0146814673
:10F97000404600F03DFC05EA00046049204600F0E6
:10F980003FFD41468046204600F030FC0146484697
:10F9900000F02CFC5A4900F033FD5A490646204637
:10F9A00000F02EFD0146304600F022FC069900F0E2
:10F9B0001FFC0446039800F0CFFC21460646404653
:10F9C00000F016FC079F394600F012FC314600F0AB
:10F9D0000FFC05403146284600F008FC394600F08F
:10F9E00005FC414600F002FC0146204600F0FEFB0B
:10F9F000DDE904320746A9E5B7F17E5F3FF478AE52
:10FA0000B2F1804F3FF4A4AE0CF0010CCCF1020334
:10FA1000CDE90222019300F067F9B8F1FF4FDDE96B
:10FA2000023201467FF431AD002BFFF6B7AEBDE6E2
:10FA300000F05AF9B8F1FF4F01463FF4D4ACB8F1E9
:10FA4000000F3FF4D0ACB8F17E5F7FF4BBAE002373
:10FA50000193ABE6002B4FF002030193FFF69EAE3D
:10FA6000A4E6294B9A4200F2A6807FF4A4AD214679
:10FA700000F0BCFB314600F075FE002840F09B8092
:10FA800005F50043C3F3C75220497F3A114119409D
:10FA9000C3F31603C2F1170243F4000343FA02F959
:10FAA000C9F10009204600F0A1FB01460446384692
:10FAB00000F09EFB4FEAC953054682E500209AE616
:10FAC000002B2BDB002009B0BDE8F04F00F0AAB8F6
:10FAD00071C41C00D6B35D0000F0FFDF00F0FFFF33
:10FAE00042F1533E55326C3E05A38B3EABAAAA3E73
:10FAF000B76DDB3E9A99193F000040400040763FC9
:10FB00004F38763FC623F6B800001643000080FF4A
:10FB1000494600F08FF8CCE5002BD3DD002009B07A
:10FB2000BDE8F04F00F082B82A4907912A490691B2
:10FB30004FF07F504FF4001477E6D2157E3A4FF421
:10FB4000000313412B44C3F3C75224497F3A1141A8
:10FB50001940C3F31603C2F1170243F40003002D4A
:10FB600043FA02F99EDA9BE71D490190304600F006
:10FB70003FFB21460646019800F038FB014630461F
:10FB800000F0FAFD78B905F50043DA1513497F3A1C
:10FB900011411940C3F31603C2F1170243F40003E5
:10FBA00043FA02F97EE70021404600F0C7FD003825
:10FBB00018BF0120B3E70021404600F0BFFD003828
:10FBC00018BF01207FE7002B4FF000030193FFF6E1
:10FBD000E5ADEBE500C0153FDCCFD135000080FF7F
:10FBE0003CAA383310B582B00446019101F0DAFC2A
:10FBF000019903462046196002B010BD08B540B116
:10FC000001F1004000F0FCFBBDE808402221FFF7B5
:10FC1000E9BF084600F0F4FBBDE808402221FFF7E9
:10FC2000E1BF00BF4FF08051FFF7E8BF4FF0E04168
:10FC3000FFF7E4BF30F0004C034624D0BCF1FF4F87
:10FC400010B50C461BD210F0FF4F02461CD14FF0EE
:10FC5000984100F0D5FB214A944203462EDB4CF23A
:10FC60005031C0F3C75C8C420246ACF1190C11DD77
:10FC70001B49184661F31E0000F0C2FB10BD01468F
:10FC800000F0B6FA10BD70474CF250318C424FEA8A
:10FC9000DC5CEDDC04EB0C01FE29E9DC002911DC65
:10FCA00011F1160F13DB01F1190022F0FF424FF0A2
:10FCB0004C5142EAC05000F0A3FB10BD094900F0CE
:10FCC0009FFB10BD22F0FF4242EAC15010BD054922
:10FCD000184661F31E0000F093FB10BDB03CFFFF1F
:10FCE000CAF249716042A20D20F00040704700BF87
:10FCF00081F0004102E000BF83F0004330B54FEADD
:10FD000041044FEA430594EA050F08BF90EA020F49
:10FD10001FBF54EA000C55EA020C7FEA645C7FEADC
:10FD2000655C00F0E2804FEA5454D4EB5555B8BFFF
:10FD30006D420CDD2C4480EA020281EA030382EA70
:10FD4000000083EA010180EA020281EA0303362D02
:10FD500088BF30BD11F0004F4FEA01314FF4801CD5
:10FD60004CEA113102D0404261EB410113F0004FE7
:10FD70004FEA03334CEA133302D0524263EB43039E
:10FD800094EA050F00F0A780A4F10104D5F1200E3C
:10FD90000DDB02FA0EFC22FA05F2801841F1000197
:10FDA00003FA0EF2801843FA05F359410EE0A5F16B
:10FDB00020050EF1200E012A03FA0EFC28BF4CF09C
:10FDC000020C43FA05F3C01851EBE37101F0004552
:10FDD00007D54FF0000EDCF1000C7EEB00006EEB5F
:10FDE0000101B1F5801F1BD3B1F5001F0CD34908E9
:10FDF0005FEA30004FEA3C0C04F101044FEA445240
:10FE000012F5800F80F09A80BCF1004F08BF5FEAC6
:10FE1000500C50F1000041EB045141EA050130BDA6
:10FE20005FEA4C0C404141EB0101013C28BFB1F5B8
:10FE3000801FE9D291F0000F04BF01460020B1FA03
:10FE400081F308BF2033A3F10B03B3F120020CDAD6
:10FE50000C3208DD02F1140CC2F10C0201FA0CF0B4
:10FE600021FA02F10CE002F11402D8BFC2F1200C19
:10FE700001FA02F120FA0CFCDCBF41EA0C019040CF
:10FE8000E41AA2BF01EB0451294330BD6FEA040418
:10FE90001F3C1CDA0C340EDC04F11404C4F1200203
:10FEA00020FA04F001FA02F340EA030021FA04F315
:10FEB00045EA030130BDC4F10C04C4F1200220FA6C
:10FEC00002F001FA04F340EA0300294630BD21FAAA
:10FED00004F0294630BD94F0000F83F4801306BF70
:10FEE00081F480110134013D4EE77FEA645C18BF64
:10FEF0007FEA655C29D094EA050F08BF90EA020FFB
:10FF000005D054EA000C04BF1946104630BD91EAF2
:10FF1000030F1EBF0021002030BD5FEA545C05D1F5
:10FF20004000494128BF41F0004130BD14F5800434
:10FF30003CBF01F5801130BD01F0004545F0FE41A8
:10FF400041F470014FF0000030BD7FEA645C1ABFDD
:10FF5000194610467FEA655C1CBF0B46024650EA14
:10FF6000013406BF52EA033591EA030F41F4002140
:10FF700030BD00BF90F0000F04BF0021704730B5C6
:10FF80004FF4806404F132044FF000054FF000019B
:10FF900050E700BF90F0000F04BF0021704730B55C
:10FFA0004FF4806404F1320410F0004548BF404231
:10FFB0004FF000013EE700BF42004FEAE2014FEA86
:10FFC00031014FEA02701FBF12F07F4393F07F4F61
:10FFD00081F06051704732F07F4208BF704793F064
:10FFE0007F4F04BF41F40021704730B54FF4607477
:10FFF00001F0004521F000411CE700BF50EA01027A
:020000021000EC
:1000000008BF704730B54FF000050AE050EA010222
:1000100008BF704730B511F0004502D5404261EB92
:1000200041014FF4806404F132045FEA915C3FF4D3
:10003000D8AE4FF003025FEADC0C18BF03325FEA70
:10004000DC0C18BF033202EBDC02C2F1200300FA21
:1000500003FC20FA02F001FA03FE40EA0E0021FA46
:1000600002F11444BDE600BF4FF0FF3C06E000BFC4
:100070004FF0010C02E000BF4FF0010C4DF804CD31
:100080004FEA410C7FEA6C5C4FEA430C18BF7FEAF1
:100090006C5C1BD001B050EA410C0CBF52EA430C1F
:1000A00091EA030F02BF90EA020F0020704710F19F
:1000B000000F91EA030F58BF994208BF90422CBF2E
:1000C000D8176FEAE37040F0010070474FEA410C27
:1000D0007FEA6C5C02D150EA013C07D14FEA430C45
:1000E0007FEA6C5CD6D152EA033CD3D05DF8040BB6
:1000F000704700BF8446104662468C4619466346E8
:1001000000E000BF01B5FFF7B7FF002848BF10F1BE
:10011000000F01BD4DF808EDFFF7F4FF0CBF012003
:1001200000205DF808FB00BF4DF808EDFFF7EAFF7F
:1001300034BF012000205DF808FB00BF4DF808ED3A
:10014000FFF7E0FF94BF012000205DF808FB00BF2F
:100150004DF808EDFFF7CEFF94BF012000205DF8B9
:1001600008FB00BF4DF808EDFFF7C4FF34BF0120C6
:1001700000205DF808FB00BF4FEA410C7FEA6C5C91
:1001800002D150EA013C0AD14FEA430C7FEA6C5C91
:1001900002D152EA033C02D14FF0000070474FF009
:1001A000010070474A0011D212F5001211D20DD58C
:1001B0006FF47873B3EB62520ED44FEAC12343F06D
:1001C000004343EA505323FA02F070474FF0000017
:1001D000704750EA013002D14FF0FF3070474FF0C6
:1001E0000000704780F0004002E000BF81F0004155
:1001F00042001FBF5FEA410392EA030F7FEA226CCD
:100200007FEA236C6AD04FEA1262D2EB1363C1BF5C
:10021000D218414048404140B8BF5B42192B88BFCB
:10022000704710F0004F40F4000020F07F4018BFEE
:10023000404211F0004F41F4000121F07F4118BF0E
:10024000494292EA030F3FD0A2F1010241FA03FCB6
:1002500010EB0C00C3F1200301FA03F100F000439E
:1002600002D5494260EB4000B0F5000F13D3B0F166
:10027000807F06D340084FEA310102F10102FE2AD5
:1002800051D2B1F1004F40EBC25008BF20F0010045
:1002900040EA03007047490040EB0000013A28BFE4
:1002A000B0F5000FEDD2B0FA80FCACF1080CB2EB67
:1002B0000C0200FA0CF0AABF00EBC25052421843E5
:1002C000BCBFD0401843704792F0000F81F400018A
:1002D00006BF80F400000132013BB5E74FEA41035D
:1002E0007FEA226C18BF7FEA236C21D092EA030FC9
:1002F00004D092F0000F08BF0846704790EA010F43
:100300001CBF0020704712F07F4F04D1400028BF6F
:1003100040F00040704712F100723CBF00F5000051
:10032000704700F0004343F0FE4040F40000704787
:100330007FEA226216BF08467FEA23630146420233
:1003400006BF5FEA412390EA010F40F48000704746
:100350004FF0000304E000BF10F0004348BF4042EC
:100360005FEA000C08BF704743F0964301464FF028
:1003700000001CE050EA010208BF70474FF0000384
:100380000AE000BF50EA010208BF704711F00043C5
:1003900002D5404261EB41015FEA010C02BF844695
:1003A0000146002043F0B64308BFA3F18053A3F5F4
:1003B0000003BCFA8CF2083AA3EBC25310DB01FA3B
:1003C00002FC634400FA02FCC2F12002BCF1004FBF
:1003D00020FA02F243EB020008BF20F00100704750
:1003E00002F1200201FA02FCC2F1200250EA4C00A4
:1003F00021FA02F243EB020008BF20EADC707047EA
:100400004FF0FF0C1CEAD0521EBF1CEAD15392EAF7
:100410000C0F93EA0C0F6FD01A4480EA010C4002D3
:1004200018BF5FEA41211ED04FF0006343EA50102D
:1004300043EA5111A0FB01310CF00040B1F5000F6F
:100440003EBF490041EAD3715B0040EA010062F11E
:100450007F02FD2A1DD8B3F1004F40EBC25008BF08
:1004600020F00100704790F0000F0CF0004C08BF26
:1004700049024CEA502040EA51207F3AC2BFD2F1F3
:10048000FF0340EAC250704740F400004FF0000301
:10049000013A5DDC12F1190FDCBF00F0004070473B
:1004A000C2F10002410021FA02F1C2F1200200FA79
:1004B00002FC5FEA310040F1000053EA4C0308BF40
:1004C00020EADC70704792F0000F00F0004C02BF91
:1004D000400010F4000F013AF9D040EA0C0093F00C
:1004E000000F01F0004C02BF490011F4000F013B66
:1004F000F9D041EA0C018FE70CEAD15392EA0C0FD4
:1005000018BF93EA0C0F0AD030F0004C18BF31F03E
:10051000004CD8D180EA010000F00040704790F014
:10052000000F17BF90F0004F084691F0000F91F0B8
:10053000004F14D092EA0C0F01D142020FD193EA7E
:100540000C0F03D14B0218BF084608D180EA010006
:1005500000F0004040F0FE4040F40000704740F0E2
:10056000FE4040F4400070474FF0FF0C1CEAD052B0
:100570001EBF1CEAD15392EA0C0F93EA0C0F69D00C
:10058000A2EB030280EA010C49024FEA402037D077
:100590004FF0805343EA111143EA10130CF000406E
:1005A0008B4238BF5B0042F17D024FF4000C8B425E
:1005B00024BF5B1A40EA0C00B3EB510F24BFA3EB3E
:1005C000510340EA5C00B3EB910F24BFA3EB91030E
:1005D00040EA9C00B3EBD10F24BFA3EBD10340EA68
:1005E000DC001B0118BF5FEA1C1CE0D1FD2A3FF6AE
:1005F00050AF8B4240EBC25008BF20F00100704763
:100600000CF0004C4CEA50207F32C2BFD2F1FF0305
:1006100040EAC250704740F400004FF00003013A36
:1006200037E792F0000F00F0004C02BF400010F4DA
:10063000000F013AF9D040EA0C0093F0000F01F0EE
:10064000004C02BF490011F4000F013BF9D041EA10
:100650000C0195E70CEAD15392EA0C0F08D1420243
:100660007FF47DAF93EA0C0F7FF470AF084676E716
:1006700093EA0C0F04D14B023FF44CAF08466EE7EF
:1006800030F0004C18BF31F0004CCAD130F00042BD
:100690007FF45CAF31F000437FF43CAF5FE700BF15
:1006A0004FF0FF3C06E000BF4FF0010C02E000BF3E
:1006B0004FF0010C4DF804CD4FEA40024FEA4103E0
:1006C0007FEA226C18BF7FEA236C11D001B052EA96
:1006D000530C18BF90EA010F58BFB2EB030088BF5C
:1006E000C81738BF6FEAE17018BF40F001007047CB
:1006F0007FEA226C02D15FEA402C05D17FEA236CAD
:10070000E4D15FEA412CE1D05DF8040B704700BFF3
:10071000844608466146FFE70FB5FFF7C9FF00288A
:1007200048BF10F1000F0FBD4DF808EDFFF7F4FFC3
:100730000CBF012000205DF808FB00BF4DF808ED5C
:10074000FFF7EAFF34BF012000205DF808FB00BF7F
:100750004DF808EDFFF7E0FF94BF012000205DF8A1
:1007600008FB00BF4DF808EDFFF7D2FF94BF012052
:1007700000205DF808FB00BF4DF808EDFFF7C8FF4B
:1007800034BF012000205DF808FB00BF4FEA4002A3
:100790004FEA41037FEA226C02D15FEA402C08D184
:1007A0007FEA236C02D15FEA412C02D14FF00000B6
:1007B00070474FF0010070474FEA4002B2F1FE4F20
:1007C0000FD34FF09E03B3EB12620DD94FEA002313
:1007D00043F0004310F0004F23FA02F018BF4042EC
:1007E00070474FF00000704712F1610F01D14202D3
:1007F00005D110F0004008BF6FF0004070474FF087
:100800000000704742000ED2B2F1FE4F0BD34FF002
:100810009E03B3EB126209D44FEA002343F0004376
:1008200023FA02F070474FF00000704712F1610F99
:1008300001D1420202D14FF0FF3070474FF000006B
:10084000704700BF024B0146186800F003B800BFB4
:10085000688FFF1F2DE9F04F01F10B02162A85B0BA
:10086000814624D8102900F2AA8000F0BDFA0225A2
:1008700018211022B44C2144A1F108004E68864290
:1008800000F05C817268F168B46822F003023244BF
:10089000E1608C60516841F001014846516000F010
:1008A000A9FA06F10804204605B0BDE8F08F32F041
:1008B000070200F18480914200F28180019200F0F1
:1008C00093FA019AB2F5FC7FC0F0B481570A7ED04A
:1008D000042F00F26C81970907F139052BB207F15B
:1008E000380CDB00984C2344A3F108065B689E4259
:1008F00007D10DE00028DF6880F20D81BE4207D0ED
:100900003B46596821F00301881A0F28F2DD65463D
:1009100023698E498B4200F0EB805E6826F0030667
:10092000B11A0F2900F38B8188480029C4E904001B
:1009300080F27381B6F5007F676880F01381F1085B
:1009400001310FFA81FC76090121B14054F83C00D5
:1009500098600F4304EBCC010839D960676044F814
:100960003C30C360AB1001269E40BE4235D83E42AB
:1009700006D125F0030576003E4205F10405FAD0C4
:1009800004EBC50804EBC5072846F9680FE0D1F869
:1009900004C02CF0030EAEEB020CBCF10F0F0B46A3
:1009A000C96800F31181BCF1000F80F226818F42EB
:1009B000EDD10130830707F10807E6D17AE10C2376
:1009C000C9F800300024204605B0BDE8F08F4FF490
:1009D000007340254FF03F0C84E7A768796821F049
:1009E000030393429A4603D3991A0F2900F3828096
:1009F0005749584E0968103111440820CDE90112B9
:100A000000F0D6FD01994B1E0344454283463068F1
:100A10001D40B0F1FF3F18BF29464846019100F044
:100A200099FD411C0546DDE9011200F0268107EB26
:100A30000A0C844500F21F81474B186808440BF1EB
:100A4000FF3E186000F08181D6F80080B8F1FF3FCA
:100A50001BBFA5EB0C0C60443560186015F0070057
:100A6000CDE90223019000F04181C0F10800054466
:100A70006B1803EA0E015844401A00EA0E0631468C
:100A80004846984600F066FD421CDDE9022300F06E
:100A90008B81401B304440F001011868A560304450
:100AA000A7426960186017D0BAF10F0F40F2578162
:100AB000AAF10C0121F0070C796801F0010141EA6B
:100AC0000C017960052607EB0C01BCF10F0FC1E9A1
:100AD000016600F25C816968204B1E68864238BF5F
:100AE00018601F4B1E68864200D218602F46C6E071
:100AF000676837E7BD1841F0010142F001027A60F2
:100B00004846A560696000F075F907F108042046C1
:100B100005B0BDE8F08F9A6801931944D760BA60B8
:100B20004A6842F0010248464A6000F063F9019BBE
:100B300003F10804204605B0BDE8F08FCE68B1424D
:100B40007FF4A0AE0235E3E60089FF1F0889FF1F8E
:100B50003CBCFF1FF488FF1F0CBCFF1F38BCFF1FED
:100B600034BCFF1FB6F5206F4FEA56207CD3142803
:100B700000F2D08000F15C0109B25B30C90004EBE7
:100B8000010C6158ACF1080C8C4503D1A7E08968D1
:100B90008C4504D0486820F00300B042F7D8D1F863
:100BA0000CC0C3E9021CCCF80830CB60DAE6142F85
:100BB00072D9542F00F2B780170B07F16F052BB2D3
:100BC00007F16E0CDB008DE69D1842F001025A60C1
:100BD0009E68834AF1608E60C4E90455C5E902222B
:100BE0004CF001026A60484643F80EC0019300F0E1
:100BF00001F9019B03F10804E5E69E441C46DEF87A
:100C0000043043F00103CEF8043054F8083F48465E
:100C1000D9608B6000F0EEF8D5E61E444846726855
:100C2000019342F00102726000F0E4F8019B03F1CD
:100C30000804C8E6D508691C09B2C9001AE69D185F
:100C400042F001025A60664A0193C4E90455C5E9BD
:100C5000022241F001026A604846995100F0CAF848
:100C6000019B03F10804AEE6B00900F1390109B2B5
:100C70003830C90083E7A74260D0A768796821F0BF
:100C800003009042A0EB020102D30F293FF732AFDD
:100C9000484600F0AFF895E607F15C052BB207F186
:100CA0005B0CDB001EE6414651F808398B42884652
:100CB00040F0948015F0030F05F1FF35F3D1636820
:100CC00023EA0603636076009E423FF686AE16B9BD
:100CD00083E6760004301E42FBD0054650E68010C5
:100CE000012606FA00F0074367605AE705EB0108A2
:100CF00008EA0E01ABEB010606EA0E06314648464D
:100D000000F028FC431C019B04BF40461E46DDE961
:100D10000223BEE6542825D8300B00F16F0109B23A
:100D20006E30C9002BE7B7F5AA7F25D8D70B07F19E
:100D300078052BB207F1770CDB00D3E5294B186857
:100D400008440BF1FF3E18607EE615EA0E0F7FF4B3
:100D50007BAEA568514441F001016960BCE6012306
:100D60006B6095E7B0F5AA7F24D8F00B00F178010D
:100D700009B27730C90002E740F254539F4223D8AA
:100D8000930C03F17D0503F17C0CEB00AAE507F160
:100D900008014846CDE9012300F024FDA568029B27
:100DA00069681868019A97E60199083908EB01000B
:100DB00000266EE640F2545188420BD8B00C00F188
:100DC0007D01C9007C30DAE64FF47E737F254FF059
:100DD0007E0C87E54FF47E717E20D0E6636872E773
:100DE0000889FF1F0CBCFF1F014800F019BC00BFA1
:100DF0007CBDFF1F014800F015BC00BF7CBDFF1F7C
:100E0000002900F09E802DE9F04383B00C4600924B
:100E10000746FFF7E9FF009901F10B03162B60D895
:100E20001023994260D854F804EC2EF003029A4241
:100E3000A4F1080564DAB948806805EB020C604546
:100E4000DCF8046000F08F8026F001006044406808
:100E5000C0076BD426F00306901983424BDD1EF0C9
:100E6000010F0FD154F8080C281A8046406820F072
:100E7000030006441644B34240F3F7801618B34209
:100E800040F3CE803846CDE90023FFF7E3FCDDE9EF
:100E900000230646002800F0218154F8041C21F0AC
:100EA00001012944A0F1080C614500F0B380043A27
:100EB000242A00F2D680132A00F2A180034622469B
:100EC000116819605168596092689A6021463846E5
:100ED00000F088FC3846FFF78DFF304603B0BDE8D0
:100EE000F08333F007039CD50C233B60002630468B
:100EF00003B0BDE8F0830246DCE90201C16088600E
:100F00006968D01A0F2801F0010105EB02061BD811
:100F100011436960736843F0010373603846FFF75B
:100F200069FF2646304603B0BDE8F0831EF0010F8E
:100F3000A8D154F8080C281A8046406820F0030015
:100F40009CE71146FFF786BC19436960E91840F039
:100F500001004860736843F001030831736038464C
:100F600000F040FCDAE726F00306B01803F1100C9D
:100F7000604580F294801EF0010F83D154F8080C74
:100F8000281A8046406820F0030006441644B44501
:100F9000B1463FF773AF4646D8F80C1056F8080F25
:100FA000043A242AC160886000F2B180132A40F21A
:100FB000AC802168C8F808106168C8F80C101B2ABA
:100FC00000F2AE80083408F11002216811606168F7
:100FD0005160A168916008EB0301A9EB03024F4D3A
:100FE00042F00102A9604A60D8F8042002F0010230
:100FF00013433846C8F80430FFF7FCFE92E7236835
:101000000360636843601B2A3ED804F1080200F1C4
:10101000080355E750F8041C21F003010A446FE768
:10102000043A4546D8F80C1055F8080F242AC16038
:10103000886022D8132A1ED92168C8F80810616870
:10104000C8F80C101B2A3DD8083408F1100221689A
:10105000116061685160A16891602C463246454636
:101060004EE7214600F064F930E7DCE90201043A7A
:10107000C1608860D5E72A46E9E721462846009303
:1010800000F056F9009BE8E7A3688360E368C3605B
:10109000242A27D004F1100200F1100310E71F4AA0
:1010A0001D449560C21A42F001026A6054F8042C93
:1010B00002F001021343384644F8043CFFF79AFE5D
:1010C00026462FE7A168C8F81010E168C8F8141088
:1010D000242A10D0103408F11802B8E73846FFF778
:1010E00089FE03E7236903616169416104F1180224
:1010F00000F11803E4E62269C8F818206269C8F80C
:101100001C20183408F12002A1E732465DE7214691
:101110003046009300F00CF9009B5CE70089FF1F4C
:10112000A168C8F81010E168C8F81410242A03D088
:10113000103408F1180248E72269C8F818206269DB
:10114000C8F81C20183408F120023EE70EB410B590
:101150009DB06FF000411FAB049107910B4953F80C
:10116000042BDFF82CC0029000240690086801933D
:1011700002A9CDF814C01B9400F056FC029B1C7011
:101180001DB0BDE8104003B0704700BF688FFF1F5F
:101190000802FFFF024A0349034803F00BB900BFEE
:1011A000088DFF1F6D440100708FFF1F0C4B4168BD
:1011B000994210B5044601D003F058F9A168094BD3
:1011C000994202D0204603F051F9E168064B99425A
:1011D00004D02046BDE8104003F048B910BD00BF60
:1011E00040BCFF1FA8BCFF1F10BDFF1F2DE9F84327
:1011F000314A324C3249DFF8CC90DFF8CC80334FA3
:101200001160002504232946082204F15C00C4E98A
:1012100003352F4EA560C4E90055C4E90555656640
:1012200000F018F904F15800C4E90749C4E9098736
:10123000E66200F0F1F92946264B6367082204F1C3
:10124000C400C4E91A55C4E91E552567C4F8CC503A
:10125000C4F8805000F0FEF804F1680304F1C00007
:10126000C4F88430C4E92298C4E9247600F0D4F9A3
:10127000194BC4F8DC30294604F596700822C4E9FD
:101280003455C4E93855C4F8D850C4F83451C4F8BA
:10129000E85000F0DFF804F1D003C4E93D87C4F85A
:1012A000F09004F59470C4F8FC60C4F8EC30BDE82C
:1012B000F84300F0B1B900BF78BDFF1F40BCFF1F6D
:1012C00095110100C5460100E946010029470100CA
:1012D0004D470100090001001200020010B504464C
:1012E0000A4800F09DF9636B23B9094B094A1B6852
:1012F000626323B1BDE81040044800F093B9FFF7E2
:1013000075FFBDE81040014800F08CB984BDFF1F97
:1013100078BDFF1FAD110100014800F081B900BF89
:1013200084BDFF1F014800F07DB900BF84BDFF1FD1
:10133000884270B531D98B1883422ED9032A00EB2D
:1013400002011DD941EA030C1CF0030F1D4618D100
:101350004FEA920C0CF1FF36A1EB8C048C4653F84B
:1013600004ED4CF804EDA445F9D1C6EB867301EB0E
:10137000830105EB830CACF10403043902F0030292
:1013800052B102F1FF3C6FEA0C0C9C4413F8012DA2
:1013900001F8012D6345F9D170BD032A4FD941EA07
:1013A00000039B074DD10F2A50D922F00F0301F102
:1013B000100C103B2031664600F1100E19445CF809
:1013C000104C4EF8104C5CF80C4C4EF80C4C5CF881
:1013D000084C4EF8084C5CF8044C4EF8044C0CF1E8
:1013E000100C8C450EF1100EE9D1F11812F00C0F13
:1013F000034402F00F0503F1100325D025F0030C80
:10140000ACF1040426461A1F1C198C465CF804EB48
:1014100042F804EFA242F9D1043104333144334499
:1014200005F00302002AB7D0013A0132013B0A4419
:1014300011F801CB03F801CF9142F9D170BD0346F9
:10144000F0E7013A0346F0E72A46EBE70346154684
:10145000D4E700BF30B584078646034606D0A2B362
:1014600003F8011B980702F1FF32F8D1032A26D9AD
:101470005FFA81FC0CEB0C2C0F2A0CEB0C402AD9E8
:1014800022F00F0C9C44C3E90000C3E902001033B2
:101490006345F8D112F00C0F02F00F0417D04FEA99
:1014A000940C0CF1FF351A4603EB8C0C42F8040B3C
:1014B0006245FBD1043304F0030203EB850322B140
:1014C0001A4403F8011B9A42FBD1704630BD2246F4
:1014D000002AF5D1F9E71446E1E700BF10B504464C
:1014E0000843830701D1032A19D8A44601F1FF3E1E
:1014F00007E01EF8011F03F8011B501E31B19C4686
:1015000002466346002AF4D1204610BD94440028C8
:10151000FAD003F8011B6345FBD1204610BD0B46F2
:10152000A44618681946A0F1013323EA000313F01A
:10153000803F01F10403D9D1043A032A4CF8040B8B
:10154000EFD81946D2E700BF014B93F8100270475D
:10155000148DFF1F38B5074C00230546084623604D
:10156000FAF728FB431C00D038BD2368002BFBD0C2
:101570002B6038BD8CBDFF1F38B58C46084C11461A
:1015800005461A46604600232360F9F72FFF431CE7
:1015900000D038BD2368002BFBD02B6038BD00BFC6
:1015A0008CBDFF1F014B1868704700BF688FFF1F7D
:1015B000082802D14FF48050704708B5FFF7F2FFBA
:1015C000162303604FF0FF3008BD00BF70B50E4E0C
:1015D0000E4DAE4208D0761BB610002455F8043BE1
:1015E00001349847A642F9D8094E0A4D08F054F93B
:1015F000AE4208D0761BB610002455F8043B0134E7
:101600009847A642F9D870BDA4980100A49801009B
:10161000B4980100A4980100704700BF704700BF54
:10162000704700BF704700BFFFFFFFFFFFFFFFFFD6
:10163000FFFFFFFFFFFFFFFFFFFFFFFFFFFFFFFFBA
:1016400030B490F800F020F007016FF0000C10F0BB
:10165000070491F820F040F048804FF000046FF04C
:101660000700D1E9002391F840F000F1080082FA68
:101670004CF2A4FA8CF283FA4CF3A2FA8CF34BBB33
:10168000D1E9022382FA4CF200F10800A4FA8CF2AC
:1016900083FA4CF3A2FA8CF3E3B9D1E9042382FA7A
:1016A0004CF200F10800A4FA8CF283FA4CF3A2FA8F
:1016B0008CF37BB9D1E9062301F1200182FA4CF2C7
:1016C00000F10800A4FA8CF283FA4CF3A2FA8CF32E
:1016D000002BC6D0002A04BF04301A4612BAB2FA50
:1016E00082F200EBD20030BC7047D1E9002304F055
:1016F0000305C4F100004FEAC50514F0040F91F88A
:1017000040F00CFA05F562EA05021CBF63EA050326
:1017100062464FF00004AAE7024B13B1024800F002
:1017200005B8704700000000D947010000230146BA
:101730001A46184603F0E8B8F8B5064608200C46E5
:10174000FFF736FF07463046FFF74EFB224A936805
:101750005D6825F00305A5F111031C1B3C44B4FB97
:10176000F7F4013C07FB04F4A74208DC00213046F3
:10177000FFF7F0FE184A93682B44984204D0304695
:10178000FFF738FB0020F8BD61423046FFF7E2FE6C
:101790000130114A0DD0114993682D1B45F0010508
:1017A0005D600B6830461B1B0B60FFF723FB0120BD
:1017B000F8BD00213046FFF7CDFE074A9268831A34
:1017C0000F2BDCDD43F001035360054B03491B681D
:1017D000C01A0860D3E700BF0089FF1F0CBCFF1FC1
:1017E000F488FF1F002963D02DE9F0410C4607461D
:1017F000FFF7FAFA54F804EC7D49A4F1080C2EF036
:1018000001030CEB03028D685068954220F0030041
:1018100000F08B80151850606D6805F001060EF021
:101820000105A5BB54F8084CACEB040C2344DCF8D0
:10183000084001F1080E74456AD0DCF80C50E560F0
:10184000AC60002E00F08E8043F00100CCF8040064
:101850001360B3F5007F35D2DA0848685C090132BD
:10186000012312B2A34003434B6051F83200CCF87D
:10187000080001EBC203083BCCF80C3041F832C041
:10188000C0F80CC03846BDE8F041FFF7B3BA86B9DE
:10189000034401F1080E9068704543F001047CD0C8
:1018A000D268C2609060CCF804404CF80330D0E7B6
:1018B00070474EF00102B3F5007F44F8042C4CF859
:1018C0000330C9D3B3F5206F4FEA53204CD29809A7
:1018D00000F1390212B200F13804D20088188A5897
:1018E0000838904203D161E09268904204D0516878
:1018F00021F003019942F7D8D068CCE90220C0F862
:1019000008C03846C2F80CC0BDE8F041FFF772BA13
:10191000B6BB1844D2E90223D3609A6040F00103B9
:10192000CCF804304CF80000ACE718440EF001038A
:1019300043B954F8083CACEB030C1844DCE902232F
:10194000D3609A6040F00103CCF80430294BC1F811
:1019500008C01B68834295D8274B38461968FFF7A3
:10196000EBFE8FE7034496E714280FD9542824D8B8
:10197000180B00F16F0212B200F16E04D200ADE755
:1019800043F00101CCF8041013607BE700F15C0226
:1019900012B200F15B04D200A0E7C1E904CCCCE9AB
:1019A00002EECCF804404CF803306BE7A41001239E
:1019B000A3404C6823434B609FE7B0F5AA7F07D84C
:1019C000D80B00F1780212B200F17704D20085E75B
:1019D00040F25452904206D8980C00F17D0200F17A
:1019E0007C04D2007AE74FF47E727E2476E700BF53
:1019F0000089FF1FF888FF1F3CBCFF1F82B049B160
:101A00005AB16BB113780B601278101E18BF012009
:101A100002B0704701A9002AF3D1104602B0704706
:101A20006FF00100F4E700BF2DE9F04FDDB00C4688
:101A30000A9115460E93834602F08CFE03681793B5
:101A40001846FFF7FDFD0822169000212CA8FFF78D
:101A500001FDA3891B0603D52369002B01F0BC807F
:101A600000239E46CDE9313333AB309398460024B2
:101A70000023CDE91AEECDE91234CDF860E0CDF8BF
:101A800064E0CDF820E0CDF844E02E4634466A4BC1
:101A9000D3F8CC51FFF758FD2CAA0346009226A993
:101AA00022465846A847002800F09780C0F28D8053
:101AB000269A252A034601D01C44E8E7A71B0546C1
:101AC00040F08E8000234FF0FF328DF88F309A4621
:101AD000099301342378079201349946A9F1200330
:101AE0005A2B00F2AB80DFE813F0E302A900A90053
:101AF000DF02A900A900A900C202A900A90083026F
:101B00009202A9008E02A502A900A1025B005B005F
:101B10005B005B005B005B005B005B005B00A9009F
:101B2000A900A900A900A900A900A9002301A900F2
:101B300079018E03230123012301A900A900A90033
:101B4000A9008A03A900A900ED02A900A900A90023
:101B50005002A9004503A900A900F007A900A900A7
:101B6000A900A900A900A900A900A9002301A900B2
:101B700079016401230123012301CF0364016C0077
:101B8000A900E903A900D9031E04F3036C00A9000E
:101B900050026A006603A900A9005308A9006A0060
:101BA000A9F13003002214F8019B02EB820203EB3F
:101BB0004202A9F13003092BF5D909928EE7237867
:101BC0008AE723784AF0200A86E7082200212CA819
:101BD000FFF740FC01231C4459E7A71B054611D021
:101BE000319A329B01323B44072AC8E9006732939D
:101BF000319216DC08F10808089B3B440893002D3D
:101C00007FF460AF329B002B41F061830A9B9B897C
:101C100003F04003002B41F08F8708985DB0BDE8CA
:101C2000F08F0A9930AA584602F0E6FB0028EDD161
:101C30000DF1CC08E0E700BF148DFF1FB9F1000FD4
:101C4000E0D00023CDE90F3301228DF80C918DF8FF
:101C50008F300B930C920793149343AE0692329DF0
:101C60001AF08403AE4600F0E6809DF88F201AB388
:101C700031980027013001220135C8F804200728D7
:101C80000DF18F02CDE93105C8F8002000F3518431
:101C900008F1080887B13198013024AA0235C8F844
:101CA000002007284FF00202CDE93105C8F80420D2
:101CB00000F3308408F10808802B00F04883079B6C
:101CC0000C9A9F1A002F00F3C7801AF4807F40F00F
:101CD00000810C9BC8F804301D44319BC8F800609B
:101CE0000133072B3295319300F3BD8308F10808C7
:101CF0001AF0040F05D0099B069A9E1A002E00F3D5
:101D00002784DDE9083206998A42ACBF9B185B182C
:101D10000893002D40F05F83002331930B9B1BB190
:101D20000B995846FFF75EFD0DF1CC082646ADE64F
:101D30000E9B073323F00701F1E80223CDE91223BC
:101D4000139B1E9223F000431F930E91B24BDDE9CB
:101D50001E014FF0FF32FEF70FFA002840F05A86BE
:101D6000DDE91E01AC4B4FF0FF32FEF7E7F9054607
:101D7000002840F04F86DDE91201002200232AF0FE
:101D8000800AFEF7D1F9002841F056819DF88F3086
:101D9000B9F1470FCCBFA14EA14E002B41F00C86EC
:101DA0000322CDE90F330B930C9207931493069201
:101DB00055E71AF0200F40F0E8850E9A1AF0100F40
:101DC00052F8045B41F0E3861AF0400F0E9201F0E6
:101DD0001F8145F3C0373B462DB224E2B9F1430FD2
:101DE00003D01AF0100F00F0E086082200212EA880
:101DF000FFF730FB0E9A43AE12682EAB31465846C1
:101E000002F04EFD0C90013001F091860C9B23EA0C
:101E1000E37306930E9B329D04330E930023CDE9AA
:101E20000F338DF88F300B93079314931AF08403BC
:101E3000AE467FF41AAF099A0698171A002F00F3DE
:101E40006E849DF88F20002A7FF412AF079B0C9AB6
:101E50009F1A002F7FF739AF724B319A1593102FCD
:101E600025DD2946102325460A9C04E0103F102F4B
:101E700008F1080819DD01326A481031072AC8E95B
:101E80000003CDE93121F1DD30AA2146584602F0A8
:101E9000B3FA002840F0A782103F102FDDE931216E
:101EA0000DF1CC084FF01003E5DC2C460D46013255
:101EB000159BC8F800303D44072ACDE93125C8F804
:101EC000047000F3A1841AF4807F08F108083FF43D
:101ED00000AFB9F1650F40F3D182DDE912010022B4
:101EE0000023FEF717F9002800F07C83319B4E4A4F
:101EF000C8F80020013301350122072B32953193B8
:101F0000C8F8042000F3CE8708F10808259B119A31
:101F1000934280F22385169B179A1D44C8E900233B
:101F2000319B32950133072B319300F3488608F13A
:101F30000808119B5E1E002E7FF7DAAE102E319B33
:101F400041F382853749DDF8289015912A461027FC
:101F50000D4605E008F10808103E102E40F3D78723
:101F600001331032072BC8E90057CDE93132F1DDDA
:101F700030AA4946584602F03FFA002840F0338222
:101F8000DDE931320DF1CC08E6E70E9F57F8046B1E
:101F900000238DF88F30002E00F02D86B9F1530FFD
:101FA00000F08D871AF010030F9340F08887079B8D
:101FB000002BC1F297811A460F99304602F020FC9F
:101FC0009DF88F300B90002801F0B1840B9A921B82
:101FD0000C9222EAE27206920BB1531C06930F9BFD
:101FE0000E970793149310930B934FF0730936E6F3
:101FF0000E9B53F8042B0992002A80F2B584099AAB
:102000000E935242099223784AF0040A64E52B2386
:102010008DF88F3023785FE5FFFFEF7F4C8F010055
:10202000988F01005C970100347F010023784AF00B
:10203000800A51E5214611F8019BB9F12A0F01F000
:102040005085A9F13003092B98BF002201F2898342
:1020500011F8019B02EB820203EB4202A9F130036B
:10206000092BF5D942EAE27307930C4636E5584648
:1020700002F070FB436819931846FFF7E1FA1B90D2
:102080000546584602F066FB816823781A91002DB8
:102090003FF422AD00293FF41FAD0A78002A3FF437
:1020A0001BAD4AF4806A17E523784AF0010A13E56C
:1020B0009DF88F202378002A7FF40EAD20228DF822
:1020C0008F2009E51AF0200F4AF0100000F08684F6
:1020D0000E9B073323F007031A46596852F8083B52
:1020E0000E9200228DF88F20079A002A18DB53EAFF
:1020F000010220F4906A15D1079A9AB910F00103F1
:102100001A46069300F0A88630238DF86F31079B9E
:102110000C92CDE90F3314930B930DF26F169EE5DD
:1021200020F4806A5CAE03F00702DB0843EA4173E7
:10213000C908303253EA0105304606F8012DF2D1C4
:102140001AF0010F00F04182302A00F03E82302365
:10215000023806F8013C5CAB00221B1A0B920C9370
:102160000646079914929942B8BF1946CDE90F2245
:10217000069174E51AF0200F4AF0100120D10E9B51
:102180001A1D0E9B07981B680027B8428DF88F70A8
:102190001D4658DB21F0800A002B40F0F8850E9296
:1021A000002840F01984CDE90F000C90149006909F
:1021B0000B905CAE53E51AF0200F00F0EF83514610
:1021C0000E9B073323F0070200238DF88F30079B07
:1021D000576852F8085B0E92002B35DB55EA07036F
:1021E00021F0800A31D1079B002B40F0F583CDE927
:1021F0000F330C93149306930B935CAE2FE5237867
:102200004AF0080A68E41AF0200F4AF0100300F0C0
:10221000B3830E9A073222F007029A46536852F8A7
:10222000085B0E921F46002BC0F2FB82079A002A21
:102230000BDB55EA07032AF0800A06D1002A00F0DA
:10224000C687302507E00E928A460A2D77F10003F3
:1022500080F0F8823035079A9DF88F308DF86F51F5
:10226000012AB8BF0122069201220C920DF26F16CC
:10227000002B01F03084069B013306930023CDE947
:102280000F330B931493EAE42378682B03BF63782E
:102290004AF4007A01344AF0400A1DE40E9A1AF01A
:1022A000200F02F1040300F0A18312680899116065
:1022B000C91751600E932646FFF7E8BB23786C2BB5
:1022C00003BF63784AF0200A01344AF0100A03E49D
:1022D0000E9A079E52F8040B002147F630038E42F7
:1022E000ADF890308DF88F100346C0F253842AF079
:1022F000800545F0020A002840F04E84002E00F0D0
:102300006D8730238DF86F310123069614900E925D
:102310000DF26F164FF0780984460C930F900B90D6
:10232000109000F01DBC1AF0200F40F070830E9A40
:102330001AF0100F52F8043B41F03A841AF0400FA3
:1023400000F070869BB20E9250460021C9E6099BB0
:10235000069A9F1A002F7FF7B2AC102F319A41F3E3
:102360003E82DFF874C2CDF854C041462846B046DC
:102370000A9D26461023644604E0103F102F01F109
:10238000080115DD01321030072AC1E90043CDE90B
:102390003120F2DD30AA2946584602F02DF810BB54
:1023A000103F102FDDE9312033A94FF01003E9DC95
:1023B00034460546464688460132159BC8F800302B
:1023C0003D44072ACDE93125C8F8047000F3BB85E8
:1023D00008F1080873E40A9930AA584602F00CF88C
:1023E00000283FF499AC0B9B002B3FF40FAC0B99EA
:1023F0005846FFF7F7F90A9B9B8903F0400309E46D
:10240000319B764AC8F80020013301350122072BA1
:1024100032953193C8F8042000F3BC8608F108080F
:10242000002940F0BF85119A0AF0010313433FF4DD
:102430005FAC169B17995A19C8E90013319B329269
:102440000133072B319300F3748708F108081199C1
:10245000C8F8006001338D18072BCDE93135C8F875
:1024600004107FF743AC0A9930AA584601F0C4FF24
:102470000028B8D1329D0DF1CC0839E4119B319F71
:10248000012B05F1010507F1010708F1080940F3E7
:102490002B810123072FCDE93175C8F80060C8F8FA
:1024A000043000F34E82169B179A01371D44072F04
:1024B000C9E90023CDE9317500F3368209F1080935
:1024C000119BDDE9120103F1FF3800220023FDF723
:1024D00021FE002840F06C81013701364544072F6A
:1024E000CDE93175C9F80060C9F8048000F30A81AC
:1024F00009F10809189BC9F8043001371D44072F5A
:1025000028ABCDE93175C9F80030ACDC09F1080819
:10251000FFF7EEBB0A99159330AA584601F06CFFFD
:1025200000287FF460AF329D159B0DF1CC08FFF7BA
:10253000C3BB0A99159330AA584601F05DFF0028E5
:102540007FF451AF329D159B0DF1CC08FFF7A2BB74
:10255000234A319B1592102E22DDA246DDF82890E9
:102560001027144604E0103E102E08F1080816DD6E
:1025700001331035072BC8E90047CDE93135F2DDCD
:1025800030AA4946584601F037FF00287FF42BAFA8
:10259000103E102EDDE931350DF1CC08E8DC544653
:1025A0000133159A3544072BC8E90026CDE93135AA
:1025B0007FF7A7AB0A9930AA584601F01DFF002803
:1025C0007FF411AF329DFFF79CBB5CAB00229B1BDD
:1025D0000B920C93C5E500BF5C970100347F0100AE
:1025E0006C970100259981427FF70AAFDDF83C9096
:1025F000119B9945A8BF9946B9F1000F0BDD319B9E
:1026000001334D44072BC8E900693295319301F33A
:102610003B8008F108080F9FB9F1000FA8BFA7EB96
:102620000907002F00F3F7820F9B1AF4806F3344E1
:1026300040F01883259A11998A4203DB1AF0010FA2
:1026400000F0D985169917980D44C8E90001319911
:10265000329501310729319101F3238008F10808EF
:1026600011997718FF1A8E1AB742A8BF3746002F64
:102670000DDDC8F80030319BC8F8047001333D44CB
:10268000072B3295319301F35C8008F10808002F85
:10269000A8BFF61B002E7FF72BAB102E319B41F30A
:1026A000D381BB49DDF8289015912A4610270D46A5
:1026B00005E008F10808103E102E40F3288401338D
:1026C0001032072BC8E90057CDE93132F1DD30AACD
:1026D0004946584601F090FE00287FF484AEDDE9BB
:1026E00031320DF1CC08E6E71AF0010F7FF4D1AEDC
:1026F0000123072FCDE93175C8F80060C8F8043010
:102700007FF7F8AE0A9930AA584601F075FE002806
:102710007FF469AEDDE931750DF1CC09EAE6319A55
:10272000102F714640F3CD87DFF868C220944046F1
:10273000CDF854C0B04610250A9E2193644604E0AB
:10274000103F102F00F1080015DD01321031072A6B
:10275000C0E90045CDE93121F2DD30AA31465846C5
:1027600001F04AFE00287FF43EAE103F102FDDE955
:10277000312133A8E9DCDDE920434646804615983F
:10278000C8F80000501C7D180728CDE93105C8F8AD
:10279000047000F36A839DF88F2008F10808002A6E
:1027A00040F0E680002B3FF48AAA1346FFF774BA84
:1027B000119B012B7FF79EAE112B754B159340F3A8
:1027C000D78307942A460A9C10261D4607E009F184
:1027D0000809A8F11008B8F1100F40F3C7830137BA
:1027E0001032072FC9E90056CDE93172EFDD30AA6A
:1027F0002146584601F000FE00287FF4F4ADDDE9E3
:1028000031720DF1CC09E4E70A9930AA584601F07B
:10281000F3FD00287FF4E7AD329D0DF1CC08FFF702
:1028200054BA2D238DF88F30079B6D4267EB470715
:10283000002BFFF60AAD0A2D77F100032AF0800A7B
:10284000FFF408ADCDE90B890694DDF868904FF0F0
:10285000000E5CA90AF4806425E0EB194E4843F1B0
:102860000003A0FB032020F0030202EB90029B1A5E
:10287000EB1A49484FF0CC32A846BC4602FB03F2A3
:1028800067F1000700FB0722A3FB0053B8F10A0F12
:1028900013444FEA55057CF1000C314645EAC375F7
:1028A0004FEA53072CD33C4EEB1943F10003A6FB30
:1028B000032020F0030202EB90029B1AEB1AA3FB09
:1028C000063267F1000006FB00225B0843EAC27390
:1028D00003EB8303A5EB430330330EF1010E01F844
:1028E000013C4E1E002CB8D099F800307345B4D18D
:1028F000BEF1FF0FB1D00A2D77F1000380F0048400
:102900000799069CCDF868905CAB9A1B9142B8BFC2
:102910001146DDF83090DDF82C809DF88F30CDF831
:1029200044E00C920691A3E40A9930AA584601F0BB
:1029300063FD00287FF457ADDDE931750DF1CC0959
:10294000BEE50A9930AA584601F056FD00287FF4EA
:102950004AADDDE931750DF1CC09A4E51AF0010F9E
:102960003FF4C6A9FFF7D7BA0E932378FFF7B4B8A0
:102970001F460023FFF77EB90E9A04320E990E927D
:102980000D68EF179A463B464DE4534641E400BFBD
:102990005C9701006C970100CDCCCCCC0E9A1AF05C
:1029A000100052F8043B41F000811AF0400100F0A1
:1029B000E3818DF88F009BB207990027B9421D462D
:1029C000C0F2E5812AF0800A002B40F0E081079BED
:1029D0000E92002B3FF40BAC00253BE40E9B1A1D1E
:1029E0000E9B0E921B680021FFF77BBB1AF0100FA5
:1029F00040F0B6821AF0400F40F009841AF4007FCC
:102A000000F0AE820E9A08991268117052E4504696
:102A1000FFF75EBBDDE9120102460B46FDF7ACFB9A
:102A20000546002840F09A87B9F1610F00F07985DA
:102A3000B9F1410F00F09E86079B013300F08784B7
:102A40004AF48073B9F1670F0693139B00F0D386A5
:102A5000B9F1470F00F0CF860B90DDE91212002A82
:102A6000C0F2C18600231593DDE91223CDE91C23B2
:102A7000A9F14103252B00F2E383DFE813F00B07F4
:102A8000E103E103E1037004D804E103E103E1039E
:102A9000E103E103E103E103E103E103E103E10316
:102AA000E103E103E103E103E103E103E103E10306
:102AB000E103E103E103E103E103E103E1030B07C8
:102AC000E103E103E1037004D804B24D1AF0200FD2
:102AD00000F068810E9B073323F007031A465968FC
:102AE00052F8083B0E921AF0010040F06881079AF4
:102AF0008DF88F00002AC0F28A8153EA01022AF47D
:102B0000906A00F0938103F00F02AA5C8DF86F21A8
:102B10001B0943EA01730A0953EA11110DF26F16FA
:102B20000BD003F00F011B09695C06F8011D43EA95
:102B30000273120953EA0201F3D1079A5CAB4FF01A
:102B4000000C9B1B9A42CDE90FCCB8BF1A460C93E0
:102B50000692CDF82CC0CDF850C000283FF47FA8D5
:102B6000069BDDE93105023306931AF08403AE4675
:102B7000024604D1099F06997F1A002F06DCBCF19A
:102B8000000F3FF489A80227FFF774B80223C7E5B6
:102B9000814D9BE74AF0020A0E927F4D03F00F022F
:102BA0000220AA5C4FF07809B0E70E9B1B688DF8F5
:102BB0000C31012306930C9343AEFFF72BB90A990E
:102BC00030AA584601F018FC00287FF40CAC329D66
:102BD0000DF1CC08FFF7ADB940215846FDF73AFE9C
:102BE0000A9B18601861002800F0E5870A9A4023C4
:102BF0005361FEF735BF079B0E97062B324628BF61
:102C00000623CDE90B630796CDE90F22634E0693A9
:102C10001492FFF724B8102F319B40F3848760484B
:102C2000159042462946A0464FF010090A9C0546D9
:102C300004E00832103F102F40F3198201331031A5
:102C4000072BC2E90059CDE93131F2DD30AA214626
:102C5000584601F0D1FB00287FF4C5ABDDE93131E6
:102C600033AAE7E7119ADDF85090CDF854A01F463B
:102C7000109BDDF868A00F94B218002B079229462C
:102C800042461B9DDDF82880149631DDB9F1000F16
:102C900040F3028109F1FF393198199B0130294431
:102CA0000728C2E900353291319000F3A280083242
:102CB000079B9AF80000DE1B8642A8BF0646002E3E
:102CC0000CDD3198013031440728C2E90076329199
:102CD000319000F32B819AF800000832002EACBF2F
:102CE000841B0446002C15DC0744109B002BCDDC14
:102CF000B9F1000FCEDC149ECDF868A09046119A71
:102D00000F9CDDF854A0B21897423B460D4628BFF1
:102D100013468FE4102C3198214B1FDD10260C93A5
:102D200004E0103C102C02F1080216DD01301C4BAF
:102D300010310728C2E90036CDE93101F1DD30AAB2
:102D40004146584601F058FB00287FF44CAB103C3C
:102D5000102CDDE9310133AAE8DC0C9B1360013053
:102D600021440728CDE93101546000F36E839AF8BD
:102D7000000008320744B8E71AF4007740F04D82AB
:102D800007998DF88F7000291D46BFF61BAE0E9275
:102D9000FFF75BBAB48F0100A08F0100C88F01005C
:102DA0005C9701000E9A1AF0100F52F8043B0E9235
:102DB0001DD11AF0400F16D09BB2002193E653EAC2
:102DC00001022AD030228DF8902000228DF88F2029
:102DD000079A8DF89190002A16DB2AF4906242F04F
:102DE000020A02208FE61AF4007F40F01F820021C1
:102DF00079E630AA4146584601F0FEFA00287FF4F1
:102E0000F2AA329933AA53E74AF0020A022003F0E9
:102E10000F022AF4806AAA5C78E6079B00208342AE
:102E20008DF88F00C0F21B812AF4906A079A002A5D
:102E300000F0AC80012A2B788DF86F31B8BF0122E9
:102E4000002306920122CDE90F330B930C921493C9
:102E50000DF26F16FEF703BF079B0C93CDE90F33FE
:102E600014930B935CAEFEF7FABE0A99159330AA41
:102E7000584601F0C1FA00287FF4B5AA9DF88F20CA
:102E8000329D159B002A00F084801F460DF1CC086E
:102E900003463198FEF7EEBE109B013B0AF1FF3A64
:102EA0001093F9E60A9930AA584601F0A5FA0028CD
:102EB0007FF499AA329D0DF1CC08FFF727B80822BC
:102EC00000212EA82796FEF7C5FA079B002BC0F21B
:102ED000E180002506940B972C461F460EE043A97F
:102EE000584601F0DDFC411C204400F00385B84247
:102EF00009DC05F1040500F007850446279A5259BC
:102F00002EAB002AEBD10C940B9F069CCFE015460C
:102F10000133159AC8F800203544072BC8F804601F
:102F2000CDE931357EF7E2AEFFF79DBA30AA4146D2
:102F3000584601F061FA00287FF455AA9AF800007B
:102F4000329933AACAE60A9930AA584601F054FACF
:102F500000287FF448AA329D0DF1CC08FEF7AFBEE1
:102F60000E9A089912681160FFF7A4B9079C1546DC
:102F70000137159BC9F800304544072FCDE931755D
:102F8000C9F804807FF7B4AAFFF7BCBB079BFFF723
:102F90002EB9002B00F03781319813460DF1CC0883
:102FA000FEF77ABE169B17985A19C8E90003319BA1
:102FB00032920133072B319300F3BB8108F10808EB
:102FC0000029BFF644AA4F42103180F23384DFF863
:102FD0006492CDF85490102505E008F10808103FE0
:102FE000102F40F3298401331032072BC8E90095D4
:102FF000CDE93132F1DD0A9930AA584601F0FCF9E9
:1030000000287FF4F0A9DDE931320DF1CC08E6E7C4
:103010001AF4007F16BF45F3C017EF176DB23B4699
:10302000FFF701B91AF4007100F0FC80DBB20E92D8
:1030300050460021FFF755B82D23B9F1470F8DF801
:103040008F300B95079500F35B817B4E149503221F
:103050000423CDE90F550C920693FEF700BE2B78A2
:103060008DF86F312AF4806A0DF26F1665E54446DB
:103070000D4690460133159AC8F800203D44072BB1
:10308000CDE93135C8F8047000F3468108F108082D
:10309000FFF7CABA2EAB0093002327AA1946584659
:1030A00001F026FC0C90013000F0248427960C9B44
:1030B000002B7DD0632B00F3258100230B9343AEBF
:1030C000082200212EA8FEF7C5F90C9D2EAB009317
:1030D00027AA2B463146584601F00AFC854240F0AB
:1030E0006E850C9A0023B35422EAE27206929DF890
:1030F0008F20079312B1069A01320692CDE90F3361
:103100000E971493FEF7ABBD1B9A1999B61A304669
:10311000FEF7E4F999F801300BB109F10109474ACA
:10312000EB1943F10003A2FB030C2CF0030000EBAE
:103130009C001B1AEB1A4FF0CC3167F1000703FB20
:1031400001F102FB0711A3FB023001445B0843EAD3
:10315000C1754F08EB1943F10003A2FB031020F0E7
:10316000030101EB90015B1AEB1AA3FB023167F13B
:1031700000005B0802FB001243EAC27303EB830307
:10318000A5EB4303303306F8013C4FF0010E013E3E
:10319000FFF7AABB0A9930AA584601F02DF900287A
:1031A0007FF421A92599329D0DF1CC08FFF738B99C
:1031B0009DF88F300E97003B18BF012306930C9BA0
:1031C0000793CDE90F3314930B93FEF748BD9DF899
:1031D0008F3006920C925CAEFFF74AB8079B0E92B6
:1031E000CDE90F3314930C9306935CAE4FF078093E
:1031F0009C460B93B4E47718FF1A8E1AB742A8BF07
:103200003746FFF744BA0DF1CC08FEF758BD0E9AC9
:10321000089912681180FFF74DB88DF88F10DBB256
:10322000FFF7CABB0E925046FEF75BBFDBB2002130
:1032300059E400BF5C970100988F0100CDCCCCCC45
:10324000079B01932EAB049327AB039325AB02930B
:10325000022300935846DDE91C2301F0BDFC06461D
:103260001AF0010F40F08282259A2E9B0F929B1B31
:10327000D01C1193C0F2298207999142C0F2328189
:10328000934200F3A1820F9B0C931AF4806F03D03A
:103290000F9B002B00F396830C9BDDF818A023EA0C
:1032A000E37306934FF06709002314931093159B63
:1032B0000AF00200002B00F0BE804FF02D0C8DF8BC
:1032C0008FC0069B013306930023079345E40A9CB5
:1032D00030AA2146584601F08FF8A38903F0400335
:1032E000FEF798BC3046FEF7ABF99DF88F300C9096
:1032F00020EAE0720692002B3EF471AEFEF76DBE3E
:10330000A44EA3E6591C5846FDF7A4FA0646002829
:1033100000F05A840B90D3E60A9930AA584601F07F
:103320006BF800287FF45FA8329D0DF1CC08FFF701
:103330007BB90A9930AA584601F05EF800287FF45C
:1033400052A8DDE9313225990DF1CC0838E6062383
:1033500007934AF480730B900693FFF77EBB079B9D
:1033600001331193022300932EAB049327AB119DDD
:10337000039325AB019502935846DDE91C2301F028
:103380002BFC29F02007462F064605446BD0DDE9CB
:103390001C0100220023FCF7BDFE002840F0FD8246
:1033A0002E9B9D4288BF452740F2F58230215A1C52
:1033B0002E9219702E9BAB42F9D39B1B1193472F72
:1033C000259B0F9300F08680462F62D00F9B8DF8CF
:1033D000A090013B002B2593C0F27E812B22092B6C
:1033E0008DF8A12000F3818130228DF8A2200DF10B
:1033F000A302303302F8013B28ABD31A1893119B78
:10340000189A012B1A440C9240F36F820C9B169A67
:1034100013440C930C9A2AF4806343F4807A22EAD2
:10342000E2720023CDE90F33149306923FE7079B26
:103430001193032397E79DF88FC0BCF1000F7FF431
:1034400040AF159B0793FFF788BB30AA414658460B
:1034500000F0D2FF00287EF4C6AF9AF8000032993F
:1034600033AA074441E43378302B00F05382259B84
:103470001D44DDE91C0100220023FCF74BFE18BBB4
:103480002E9BAB4292D39B1B1193472F259B0F93EF
:1034900020D00F99079A0AF00103002943EA02039A
:1034A00040F32A83002B40F051820F9B0C934FF086
:1034B00066091AF4806F40F087820C9BDDF818A033
:1034C00023EAE3730693EFE6259B0F93AB1B472F8D
:1034D0001193DED10F9B0333C0F2F780079B0F9A45
:1034E000934210DA0F9B013BA9F10209002B8DF8E2
:1034F000A0902593BFF672AF0F9B2D22C3F101035D
:103500008DF8A12070E7119B0F9A934200F35C8124
:103510001AF0010F0F9B00F0AB82169A13440C9324
:10352000B3E647F63003ADF89030079B632B4AF0C3
:10353000020A00F3CB81DDE91212002AC0F2A28157
:1035400025AADDE9120101F021FA00224FF07F5394
:1035500004F058F802460B46CDE90C230022002364
:10356000FCF7D8FD002800F0A382012315952593D0
:1035700043AE0B95084B0693CDE90F48CDF8449028
:10358000DDE90C45DDF81890079FCDF850A018969E
:103590000CE000BF4C8F0100A08F0100002200232F
:1035A000FCF7B8FD002840F037825746AF4B0022A9
:1035B0002046294604F026F80D46044604F034FA65
:1035C0008046FCF7E7FC02460B4620462946FCF7FE
:1035D00093FB19F808303246044606F8013B0D46C5
:1035E00007F1FF3A002FD9D10792A14BDDF84490A3
:1035F000DDF850A00022CDE90C45474635460F9C2A
:10360000189EDDF84080FCF7ADFD40B9DDE90C0106
:10361000974B0022FCF77EFDE0B1FF071AD5079B10
:103620002E93069B15F8012CD97B91422B4609D18C
:10363000302003F8010C2E9B5A1E2E9213F8012CF9
:103640008A42F6D0392A0BBF069A0132927AD2B258
:1036500003F8012C259AAB1B1193B9F1610F02F10C
:10366000FF33259300F0338250214FF04109002BA6
:103670008DF8A010C0F222822B22092B8DF8A120F8
:1036800033DC0DF1A202B4E60A9930AA584600F0E4
:10369000B3FE00287EF4A7AE329D0DF1CC08FEF7F4
:1036A000BABF0A99079330AA584600F0A5FE002831
:1036B0007EF499AE259A329D079B0DF1CC08FEF75A
:1036C000CFBF6C481590FFF75AB80F9BA9F10209BC
:1036D000013B8DF8A09025930F9A2D238DF8A130F2
:1036E000C2F101030832BFF67FAE0DF1AF05624FA4
:1036F0002A461046A7FB0312D20802EB8201A3EB75
:1037000041013031632B00F8011C134600F1FF32F8
:10371000EFDC303302F8013C831EAB4280F01C82A8
:103720000DF1A10213F8011B02F8011FAB42F9D100
:1037300003F5B8736B44CC3B1B1A28AA9B1A189349
:103740005DE60A9930AA584600F056FE00287EF43D
:103750004AAE259E119B329D9E1B0DF1CC08FEF7B3
:1037600096BF00230C460793FEF7B8B9079B47277F
:10377000F5187EE645F63003ADF89030079B632BD5
:103780004AF0020A00F3A280DDE91212824279DBDC
:1037900025AADDE9120101F0F9F800224FF07F536C
:1037A00003F030FF02460B46CDE90C230022002334
:1037B000FCF7B0FC08B10123259300232F4A159391
:1037C00006920B9343AED7E6119B169A9A180F9B5D
:1037D0000C92002B40F3E4804FF0670969E6284B18
:1037E0001593FEF7E9BD02F100431D932D231C91B3
:1037F0001593FFF73DB9079A002A00F04E81002B80
:10380000C0F2B881DDE91223CDE91C231595079B91
:1038100001932EAB049327AB039325AB02930223B2
:1038200000935846DDE91C2301F0D6F90023064633
:103830000B9315E51249159101331599C8F800103D
:103840003A44072BCDE93132C8F804707EF7FDAD5C
:103850000A9930AA584600F0CFFD00287EF4C3AD87
:10386000DDE931320DF1CC08FEF7F1BD000030404A
:103870000000E03F6C970100CDCCCCCCB48F0100B0
:103880005C97010002F100431D932D231C910B95C1
:1038900043AE159325AADDE91C0101F077F800225B
:1038A0004FF07F5303F0AEFE02460B46CDE90C23EA
:1038B00000220023FCF72EFC08B101232593B9F167
:1038C000610F3FF457AEA64B069355E6079B58464B
:1038D000591CFCF7BFFF0646002800F028814AF477
:1038E00080730B900693FFF7B8B81AF0010F3FF4FE
:1038F00091AD8BE50A9B9B8900220B9243F040031C
:103900000A9A9381FEF76FBD079B069C0B9F0C9351
:10391000FFF7CDBBDDE91C0100220023FCF7FAFB19
:10392000002800F09580259B0F931D44CEE50E974F
:10393000002B00F09280079B0C935A1C0692079074
:10394000149010904FF07309FEF789B9169B02EBA3
:1039500001094B440C934FF06609AAE5139B13F041
:1039600000432AF0800A0F9300F084802D238DF805
:103970008F30B9F1470F4FF000030B93079340F3DB
:10398000A880784E03220C92CDE90F3314930423C0
:103990000693FEF764B99B1B1193259B0F9315E5C6
:1039A000C3F101031A4422EAE273DDF818A00C9275
:1039B00006934FF0670977E400230322CDE90B3229
:1039C0000793E1E74FF067091A990B78FF2B00F096
:1039D000DA8000250F9A284603E001300131FF2BE1
:1039E00008D0934206DAD21A4B78002BF5D10B7827
:1039F0000135F4E7CDE90F201A911495109A149B24
:103A00001B99DDF818A013440C9A01FB03230C93B7
:103A100023EAE37306934AE407975746002F354697
:103A2000DDE90F48DDF84490DDF850A0189EFFF660
:103A300011AE07992B462944302203F8012B8B4203
:103A4000FBD12F447D1C05E6474A1592FFF760BA6B
:103A5000119BC3F1010325930AE5079B0C93069381
:103A60000B9B1493109307934FF07309FEF7F7B86D
:103A70000C930AE49DF88F30B9F1470FCCBF394E53
:103A80003A4E002B40F08680032207930C92149349
:103A900010930B930692FEF7E2B8934251DB079B1B
:103AA000159301230793DDE91223CDE91C23AEE62C
:103AB0002F4B159006930B9043AE5DE52D238DF8AB
:103AC000A130C2F101030832FFF60FAED9E5702133
:103AD000CDE5264E56E7CDE90F330B931493FEF751
:103AE000BEB80E9A63780C4652F8041B0E9241EA57
:103AF000E1710791FDF7F0BFDDF818A033B901239C
:103B000006934FF066090C93FFF7CEBB169B03F1AB
:103B10000109079B4B440C9323EAE37306934FF090
:103B20006609FFF7C1BB104A1592FFF7A3BA0A9ABC
:103B3000938943F0400393814FF0FF330893FEF7DE
:103B40006CB8DDE9122303F100431D932D23159377
:103B500001231C9207935AE6022318934FE400BFF7
:103B6000B48F0100488F01005C9701009C8F010019
:103B7000A08F0100DDE9122303F100431D932D23E3
:103B80001C92159343E600231493109336E7534693
:103B9000FEF7F4BE00230793149310930B930323B3
:103BA0000C9304230693FEF75AB85146FEF7E9BA80
:103BB0005046FEF715BF0C23CBF80030BCE70A9B3C
:103BC0009B8943F040039BE60A9B0B909B8943F043
:103BD000400395E630B5436C83B005460C4653B1BF
:103BE00053F8240088B1026843F824200023C0E978
:103BF000033303B030BD2122042100F01DFF034632
:103C000068640028ECD10020F3E7012101FA04F3F5
:103C10005A1D92002846019300F00EFF0028F2D0B2
:103C2000019B44608360E1E731B1436C4A6853F81B
:103C30002200086043F82210704700BF2DE9F041D0
:103C40000E6917460D461C4601F114024FF0000E96
:103C500011688BB207FB03434FEA134C090C07FBB7
:103C600001CC0EF1010E9BB203EB0C43764542F8FA
:103C7000043B4FEA1C44EBDC3CB1AB68B34207DDCC
:103C800005EB860301365C612E612846BDE8F081B4
:103C9000696801318046FFF79DFF0746B0B12A6988
:103CA000023205F10C0192000C30F7F781FED8F8D2
:103CB00044306A6853F82210296043F822503D4688
:103CC00005EB860301365C612E61DEE7024B03489B
:103CD0003A46BA2100F090FED08F0100E48F010037
:103CE000B0F5803F034636BF030400201020B3F137
:103CF000807F3CBF1B020830B3F1805F06D3B3F175
:103D0000804F0FD29A0012D4033070471A01B2F1DB
:103D1000804F00F1040006D29B0108D45B00F3D46D
:103D2000202070471A46002AFBDB01307047023022
:103D3000704700BF0368590708D0DA071FD49907F6
:103D40002AD55B0803600122104670479AB282B9F7
:103D50001B0CDAB2B2B11022190701D104321B09CF
:103D6000990714D0D90701D401325B0803601046CB
:103D70007047DAB24AB11A0717D10422EFE70022DE
:103D80001046704718221B0AE6E70822FBE759078E
:103D900007D502329B08E9E79B0802220360104620
:103DA0007047DB0804D12022CEE7DB080322DDE7E1
:103DB0000332DBE738B5436C04460D464BB1586817
:103DC000B0B102685A6000220123C0E903234561B3
:103DD00038BD2122042100F02FFE03466064002834
:103DE000EDD1094B0948002240F2451100F004FED4
:103DF0001C220121204600F01FFE0028F1D00122E4
:103E00000223C0E90123DEE7D08F0100E48F010027
:103E10002DE9F04F0F691569AF4285B00E46904607
:103E200005DB2A4643463D46884617461E46D8F8D7
:103E30000830D8F80410EC19A342B8BF0131FFF7DD
:103E4000C9FE8446002800F09C80143000EB840EEC
:103E5000704505D20346002143F8041B9E45FBD85C
:103E6000143606EB870296427CD208F1140707EB62
:103E70008505A5EB080308F11508A845A3F115036E
:103E8000CDE902E44FEA930A8CBF00240124914655
:103E9000E34605E0090C34D1B14500F104005ED9D8
:103EA00056F8041B8AB2002AF4D0CDE90090B84637
:103EB0008646002358F8041BDEF800001FFA81F93B
:103EC0004FEA114C81B202FB0911000C194402FBAC
:103ED0000C0000EB114089B241EA004145454EF823
:103EE000041B4FEA1043E5D8DDE90090002C4FEAAF
:103EF0008A0208BF00220244536056F8041C090CD1
:103F0000CAD00368CDF800908846BC468646002299
:103F10001946BCF8009008FB092909EB11499BB22E
:103F200043EA09434EF8043B5CF8043BDEF800101A
:103F30001B0C8AB208FB032303EB194365454FEAC8
:103F40001342E6D8002C4FEA8A02DDF8009008BF41
:103F500000220244B145536000F10400A0D8DDE91D
:103F600002E4DC46002C02DC05E0013C03D05EF8F4
:103F7000043D002BF9D06046CCF8104005B0BDE8F8
:103F8000F08F034B034862464FF4B17100F034FDEB
:103F9000D08F0100E48F0100F8B512F0030314463E
:103FA00007462FD10E46A4102AD03D6C002D32D0EA
:103FB00004F0010364103BB92868B8B1054604F069
:103FC00001036410002BF7D02A4631463846FFF72C
:103FD0001FFF36B17B6C716853F82120326043F8C3
:103FE000216074B1064628680028E7D12A46294690
:103FF0003846FFF70DFF0023286003600546DEE723
:104000003046F8BD013B0F4A52F823200023FFF74A
:1040100015FE0646C7E701213846FFF7DBFD0546DA
:1040200040B1012340F27122C0E904320023386418
:104030000360BDE7044B05482A4640F2451100F0F5
:10404000DBFC00BF7C970100D08F0100E48F0100F2
:104050002DE9F0470D4691462E69AB68496806EB9D
:104060006216741C9C4207464FEA621804DD5B002E
:104070009C4201F10101FADC3846FFF7ABFD8446B2
:1040800000284FD0B8F1000F00F114000BDD08F14B
:1040900005010CEB81010346002243F8042B8B42FF
:1040A000FBD100EB8800296905F1140319F01F0802
:1040B00003EB810E2ED0C8F1200902464FF0000A12
:1040C000196801FA08F141EA0A0142F8041B53F8A1
:1040D000041B9E4521FA09FAF2D8AEEB0503153B05
:1040E00023F0030305F11502964538BF002304337E
:1040F00040F803A0BAF1000F00D134467B6C6A6827
:10410000CCF8104053F822102960604643F8225042
:10411000BDE8F087043853F8042B40F8042F9E457F
:10412000F9D8EAE7034B044862464FF4EF7100F018
:1041300063FC00BFD08F0100E48F010003690A69AE
:1041400000B5B3EB020E12D100F1140C14310CEBDC
:10415000820301EB820101E09C4508D253F8040D73
:1041600051F8042D9042F7D003D24FF0FF3E704635
:1041700000BD4FF0010E704600BD00BF2DE9F04FAD
:1041800017460A693B69A2EB0308B8F1000F83B038
:104190000C4615D1143107F1140505EB830501EB2D
:1041A000830302E0994280F0858053F8046D55F84E
:1041B000042D9642F6D080F08A804FF0010805E089
:1041C000FBDB3B464FF000080F461C467968FFF7C3
:1041D00001FD002800F086803A692669C0F80C804D
:1041E00007F1100107F11408834600F1140704F1E8
:1041F000140008EB820E944600EB86060023B946B5
:10420000C2460A46019450F8041B52F8045F8CB26F
:104210001FFA85F8A8EB0408090C9844C1EB154176
:1042200001EB28411FFA88F848EA0144864249F820
:10423000044B4FEA2143E6D8A146019C301B1538B8
:10424000153420F00300A64238BF00200AEB00011D
:104250000431C4198E4562460846DC4698BF2346A1
:104260001AD9A7EB0A070434C61950F8045B13FAED
:1042700085F82B442D0C05EB28459BB243EA0549F4
:104280008645C6F800904FEA2543EDD80EF1FF337E
:104290005B1A23F003032344B9F1000F04D153F850
:1042A000041D013A0029FAD06046CCF8102003B072
:1042B000BDE8F08F0021FFF78DFC844658B1012244
:1042C0000023C0E90423604603B0BDE8F08F3B46FD
:1042D00027461C467AE7074B0748624640F23721DB
:1042E00000F08AFB0246034B034840F2452100F0F0
:1042F00083FB00BFD08F0100E48F010030B50121A6
:1043000085B0CDE90023FFF765FCDDE90023054614
:10431000002844D0C3F30A54C3F313010CB141F491
:104320008011002A039114D103A8FFF703FD039B1A
:104330006B610121203029610CB3089BA4F2334446
:1043400004441C60099BC0F135001860284605B084
:1043500030BD02A80292FFF7EDFCDDE9022328B18F
:10436000C0F1200103FA01F10A43C340002B0CBF46
:1043700001210221C5E905232961002CDDD105EBCE
:104380008102A0F232431069089A1360FFF7A8FC7B
:10439000099BC0EB41101860284605B030BD034BA7
:1043A00003482A4640F20F3100F026FBD08F01006F
:1043B000E48F01002DE9F8430746884616464FF082
:1043C00000097568013D11D4B468A389012B08D98F
:1043D000B4F90E3001332146384602D0C04749EACD
:1043E0000009013D6B1C04F16804EED13668002E13
:1043F000E7D14846BDE8F8832DE9F04115469268BB
:1044000002B32C6807468846083401E00834C9B175
:104410006B68581E002B1146686013DD54F8046C5D
:10442000002EF3D0334654F8082C4146384602F0AB
:1044300083FD431C07D0AA68921B1146AA6008346A
:104440000029E5D100200023C5E90133BDE8F08152
:1044500049B1FF2A02D80A70012070478A230360FD
:104460004FF0FF3070470846704700BF70B5002915
:1044700041D006460C4610B1436B002B3ED0FCF7F2
:104480004BFF636EB4F90C20DD0730D4900538D5AE
:104490002146304600F04CF8E36A054633B1E16945
:1044A000304698470028B8BF4FF0FF35A3891A0659
:1044B00039D4216B41B104F14003994202D0304616
:1044C000FDF790F900232363616C21B13046FDF7BD
:1044D00089F900236364636E0022DB07A2811ED585
:1044E000A06DFDF79BF8FCF71DFF284670BD002A64
:1044F000CED1FCF717FF0025284670BDFCF7EEFE75
:10450000BDE7A06DFDF78CF8B4F90C30002BBFD1DE
:10451000636ED907EDD4A06DFDF784F8E9E7A06DCF
:10452000FDF780F8DCE721693046FDF75BF9C0E76D
:10453000B1F90C20F8B515070C4607464AD449686E
:1045400042F400630029A3815FDDA66A002E3FD0FC
:10455000002112F480523D68396061D1E169012384
:104560003846B0470246501C68D0B4F90C30A66AF1
:10457000590705D56368D21A236B0BB1E36BD21AC6
:104580000023E1693846B047421CB4F90C3049D1E8
:1045900039681D293ED82E4ACA40D6073AD5226925
:1045A000226023F40062A281D9044FF0000262600D
:1045B00002D53B68002B3FD0216B3D6041B104F137
:1045C0004003994202D03846FDF70CF900232363DB
:1045D0000020F8BD0E69002EFAD00D680E6092071B
:1045E0000CBF4B690023AD1B8B600BE02B463246A2
:1045F000E169D4F824C03846E0470028A5EB00055F
:10460000064406DD002DF1DCE2E7E16B00299CDCCD
:10461000DEE7A38943F04003A3814FF0FF30F8BDEC
:10462000226DA5E72269226023F40062A281DB04E7
:104630004FF000026260BFD52065BDE73B68002BEC
:1046400093D01D2B01D0162BE3D13D60C0E700BFF6
:104650000100402000B5034683B008B1426B52B35D
:10466000B1F90C0098B14A6ED20701D4820512D577
:1046700018460091FFF75CFF00994A6E0346D00789
:1046800002D48A8992050ED5184603B000BD0346B0
:10469000184603B000BD886D01930091FCF7C0FF80
:1046A000DDE90013E4E7886D0093FCF7BBFF009B96
:1046B000184603B000BDCDE90001FCF70FFEDDE9AF
:1046C0000031CDE710B50C46B1F90E1000F06EF8D0
:1046D000002803DB236D0344236510BDA38923F465
:1046E0008053A38110BD00BF2DE9F0411F46B1F9F1
:1046F0000C301646DA050C4605460BD423F48053DD
:10470000A381B4F90E103B4632462846BDE8F0417D
:10471000FCF732BF0223B1F90E10002200F030F88E
:10472000B4F90C30EAE700BF10B50C46B1F90E1031
:1047300000F026F8B4F90C30421C0EBF23F480536D
:1047400043F480532065A38110BD00BFB1F90E1062
:1047500000F004B800487047EC8EFF1F38B5074CD6
:104760000023054608462360F7F73CFA431C00D0B7
:1047700038BD2368002BFBD02B6038BD8CBDFF1FDC
:1047800038B58C46084C114605461A46604600234B
:104790002360F7F733FA431C00D038BD2368002BA1
:1047A000FBD02B6038BD00BF8CBDFF1F38B58C46D9
:1047B000084C114605461A46604600232360F7F769
:1047C0000FFA431C00D038BD2368002BFBD02B60B0
:1047D00038BD00BF8CBDFF1F38B5074D074C2C1BE3
:1047E000A41005D0013C55F8043D9847002CF9D1A0
:1047F000BDE8384005F05EB8000000000000000091
:1048000001F0FF01102A2BDB10F0070F08D010F881
:10481000013B013A8B422DD010F0070F42B3F6D185
:10482000F0B441EA012141EA014122F007047FF09E
:1048300000070023F0E80256083C85EA010586EAF5
:10484000010685FA47F5A3FA87F586FA47F6A5FA31
:1048500087F68EB9EED1F0BC01F0FF0102F007023D
:1048600032B110F8013B013A83EA010313B1F8D1E8
:104870000020704701387047002D06BF35460338C9
:10488000073815F0010F07D1013015F4807F02BF02
:10489000013015F4C03F0130F0BC0138704700BF53
:1048A00030B5044687B05BB110480193D0F8C851C9
:1048B00071B12046A847421C019B10D007B030BD03
:1048C00000F5827309480193D0F8C8510029F0D14E
:1048D0000A46204603A9A847421C019BEED10021AD
:1048E0008A221960226007B030BD00BF148DFF1FFF
:1048F00000B583B0DDF810C0CDE9003C4FF0FF33C8
:1049000002F060FC03B000BDF0B51D4C83B005465D
:104910002068019116461F46FCF782FE194A01994C
:10492000136823B35A6820681F2A23DC4DB9541C2E
:1049300002325C6043F82210FCF774FE002003B0E2
:10494000F0BD03EB820E0124CEF88860D3F888C155
:1049500094404CEA040C022DC3F888C1CEF80871CB
:10496000E5D1D3F88C512543C3F88C51DFE7064BD2
:104970001360D7E7FCF756FE4FF0FF30DFE700BFCC
:104980007091FF1F88BDFF1F90BDFF1F70B5174EB0
:10499000154621F0004C0022B44503460C462A601F
:1049A00020D85CEA00061DD02E46114D0D408E46E3
:1049B0004DB9104B002202F025FE6FF03502034680
:1049C0008E4621F0004C18466FF31E5E4FEA2C53C2
:1049D000A3F2FE334EF07F51134441F400113360D3
:1049E0000C4603461846214670BD00BFFFFFEF7F0F
:1049F0000000F07F0000504300B50B4C2468864651
:104A000085B0E0689C460C4652B108490094CDE957
:104A1000011273460649624601F008F9F7F7F2F809
:104A200004490A46F2E700BF688FFF1F4890010063
:104A3000589001004480010010B5A1FB021482B01F
:104A400074BBFBF707FF034670B350F8042C22F049
:104A50000302043A242A10D8132A16D91B2AC0E9C3
:104A600000441AD9242AC0E902440ABFC0E9044418
:104A700000F1100100F1180108E021460190FCF757
:104A8000E9FC019B184602B010BD01460022184601
:104A9000C1E900228A6002B010BD00F10801F5E70B
:104AA000FCF780FD0C2303600023184602B010BD04
:104AB0002DE9F04F03690C69A34283B0C0F28880EE
:104AC000013C01F1140500F1140855F8243058F8A0
:104AD0002420013308EB84069A4200964FEA840BA7
:104AE00005EB8407B2FBF3F63AD300230191C646E7
:104AF00029469C4651F8042BDEF800901FFA82FAF2
:104B000006FB0A334FEA134A120C06FB02A29BB2C1
:104B10001FFA89FAAAEB030363441FFA82FCCCEB69
:104B2000234C0CEB194C9BB243EA0C438F424EF8DA
:104B3000043B4FEA2C4C4FEA1243DBD258F80B30BF
:104B400001996BB9009B043B984504D307E0984555
:104B500004F1FF3403D21A68043B002AF7D0046141
:104B60008146FFF7EBFA00282EDB01364146002292
:104B700055F8040BD1F800C01FFA80FE1FFA8CF321
:104B8000A3EB0E031344020CC2EB234202EB1C42C4
:104B90009BB243EA0243AF4241F8043B4FEA224250
:104BA000E6D258F8242008EB84036AB9043B984500
:104BB00004D307E0984504F1FF3403D21A68043B9C
:104BC000002AF7D0C9F81040304603B0BDE8F08F96
:104BD000002003B0BDE8F08F2DE9F04F816BA1B04C
:104BE00016461F46CDE904672D9D044641B1C26BB0
:104BF0004A60012393408B60FFF716F80023A363FC
:104C0000B7F10009B4BF012300232B60B64BBCBF32
:104C100029F00049CDF8149033EA090300F0A4808C
:104C2000DDE904231046194600220023CDE90201E4
:104C3000FBF770FA824668B12C9A012313602E9B11
:104C400013B12E9AA94B1360A94B0793079821B073
:104C5000BDE8F08F1EAB01931FAB00932046DDE94A
:104C60000223FFF74BFB5FEA1955DDF87880834696
:104C700040F090801F9D454405F23243202B40F3C5
:104C80003282C3F1400309FA03F905F2124326FA0E
:104C900003F349EA0300FBF76DF90122013DA1F19D
:104CA000F873109219460022924BFBF725F888A35F
:104CB000D3E9002302F0A6FC87A3D3E90023FBF786
:104CC0001DF8064628460F46FBF764F984A3D3E98E
:104CD000002302F097FC02460B4630463946FBF7AC
:104CE0000DF806460F4602F09FFE002281460A900C
:104CF000002330463946FBF717FA002840F01981A7
:104D00000A9EA8EB050808F1FF35162E089500F25B
:104D1000FB80794A02EBC603D3E90023DDE90201F7
:104D2000FBF702FA002840F0D881804540F39585D2
:104D300035440E9008950D960B9000230C932A9BFA
:104D4000092B3BD8052BC4BF043B2A932A9BA3F114
:104D50000203CCBF00250125032B31D8DFE813F077
:104D6000390236022B02CC012C9AC9F3130942F204
:104D70000F7359EA0609136019D12E9B002B00F01E
:104D800039875E4B079308332E9A0798136021B03A
:104D9000BDE8F08FDDE90201C1F3130343F07F5357
:104DA000A5F2FF35CDF840A043F440137AE72E9BDF
:104DB000002B40F09D81524B079347E700232A9335
:104DC0000025E56329462046FEF704FF07900028EA
:104DD00000F0B486079BA3631F9B002BC0F2B78033
:104DE0000A9A0E2A00F3B380434B03EBC203D3E9C4
:104DF0000023DDE9028916461F4640464946CDE9B3
:104E0000086702F029FD02F00FFE0546FBF7C2F825
:104E100032463B4602F0F6FB0B4602464946404608
:104E2000FAF76AFF05F13003079D05F8013B4FF0E3
:104E3000FF3ACDF808B004944FF001095446DDE97B
:104E400008AB1DE052465B463046394602F004FD91
:104E500002F0EAFD8046FBF79DF852465B4602F001
:104E6000D1FB09F101090B46024639463046FAF7F3
:104E700043FF08F13003A14505F8013B00F05E85D2
:104E8000204B002202F0BEFB0022002306460F4604
:104E9000FBF740F90028D5D00A9BDDF808B0049C48
:104EA00001330493A94659462046FEF7BDFE002370
:104EB00089F800302C9B049A1A602E9B002B3FF43B
:104EC000C5AE0798C3F8009021B0BDE8F08F00BFD1
:104ED00061436F63A787D23FB3C8608B288AC63F00
:104EE000FB799F501344D33F0000F07F357F0100D2
:104EF000347F01000000F83FB09701008890010066
:104F0000949001000000244001230E93089B002B85
:104F1000C0F2DD8000230B930A9B002B80F2D2802D
:104F2000DDE90A32D21A5B420C9300230B920D93F7
:104F300005E74846FBF72EF832463B46FBF7EAF812
:104F400000287FF4DDAE09F1FF330A93D8E64FF075
:104F5000FF3A2B95CDF83CA0109A002A40F03C81F6
:104F60001E9BDDF83080C3F13603089A0B9F1A446C
:104F7000012120460892FD18FEF71CFF0646002F6F
:104F800040F0BB820C9B002B00F0F283B8F1000FC5
:104F900040F0D78359460C9A2046FEF7FDFF0123C7
:104FA00083460C9301212046FEF704FF0D9B0290DF
:104FB000002B40F05B822A9B012B40F3C58201202D
:104FC000089B184410F01F0000F00B811B2800F311
:104FD000D5820B9AC0F11C000244034405440B9295
:104FE0000893002D05DD59462A462046FFF730F884
:104FF0008346089B002B05DD02991A462046FFF7E1
:1050000027F802900E9B002B40F01282BAF1000F9D
:1050100040F3E8810C9B002B40F032810A9B013366
:105020000493079FDDF80890012507E05946002307
:105030000A222046FEF702FE0135834649465846BD
:10504000FFF736FD554500F1300807F8018BEDDB21
:10505000079BBAF1000F0AF1FF3503F10102D8BF37
:10506000002505EB020A0025594601222046FEF7DD
:10507000EFFF02998346FFF761F8002840F37B8336
:10508000079A02E0924500F0B383D1460AF1FF3A55
:1050900019F8013C392BF5D001338AF80030029918
:1050A0002046FEF7C1FD002E3FF4FDAE2DB1B54206
:1050B00003D029462046FEF7B7FD31462046FEF7CD
:1050C000B3FDF0E6089A0D931A44089235E6C8F14C
:1050D00001030B93002308931EE70A9B013B0A93ED
:1050E00000230E9312E7C3F1200306FA03F0D2E582
:1050F000AC4B0793033347E6012312932B9B0A9A89
:10510000134403F1010A5646012E0F93B8BF01263E
:10511000172E40F36685012204235B0003F114007F
:10512000B042114602F10102F7D9E1632046FEF7D1
:1051300051FD0790002800F00185BAF10E0FA06321
:1051400058D8002D56D00A9A002A40F35883964921
:1051500002F00F0301EBC303D605D3E900894FEA40
:10516000221540F10C84914BDDE90201D3E90823BB
:1051700002F072FBCDE9140105F00F050327002DA5
:1051800000F01F82894E01E06D100836E80703D455
:105190006D100836E907F7D540464946D6E90023A1
:1051A00002F030FA6D1007F101078046894600F0E1
:1051B00008820836EEE7012312932B9B002B40F365
:1051C000AC812B9B0F939A461E46A1E700231293B6
:1051D00094E700231293F0E7DDF8308003F23343C5
:1051E000C3E61C200B9B03440B93089B034405441C
:1051F0000893F6E61F9B002BC0F24E810A9A0E2AF6
:1052000000F34A81684B1C930A9A1C9B03EBC20370
:10521000D3E90023CDE908232B9B002B80F2B68332
:10522000BAF1000F00F3B28340F0D782604B002246
:10523000DDE9080102F0E6F902460B46DDE902016C
:10524000FAF77CFF5146002840F0C882DDF81C9038
:10525000312309F8013B2046FEF7E6FC0A9B0233A6
:10526000049320E6314600230A222046FEF7E6FC9E
:105270000F9B002B064640F3AB84DDF83CA00A955B
:105280000B9B002B05DD31461A462046FEF7E0FE5B
:1052900006460D9B002B40F03A833746079D6B1E58
:1052A00053440C93049B03F001030D930299584659
:1052B000FFF7FEFB3146824600F130085846FEF704
:1052C0003DFF029981463A462046FEF757FFC368E4
:1052D0000146002B36D10B905846FEF72FFF0B9955
:1052E00008902046FEF7A0FC089A002A62D12A9B6B
:1052F0001BB90D9B002B00F05384B9F1000F42DB6A
:105300000C9BAA469D420AF8018B00F06283594625
:1053100000230A222046FEF791FCBE428346314616
:105320004FF000034FF00A02204635D0FEF786FC0E
:105330003946064600230A222046FEF77FFC5546E2
:105340000746B3E72046FEF76FFCB9F1000F08DB14
:10535000049B03F001022A9B49EA030952EA09026D
:1053600036D1594601222046FEF772FE0299834645
:10537000FEF7E4FE002840F30484B8F1390F00F092
:10538000C9830AF13108A94609F8018B0A9B013348
:10539000354604933E4682E6FEF750FC55460646E7
:1053A000074683E794900100B097010088970100B9
:1053B00000001440B9F1000FC0F220842A9B49EA92
:1053C00003090D9B53EA090900F01884002A97DDB0
:1053D000B8F1390F00F09E83A94608F1010309F8DE
:1053E000013BD3E72A9B022B7FF714AEBAF1000FE3
:1053F00040F05F820299534605222046FEF71EFCCC
:10540000014602905846FEF799FE504540F35182FE
:10541000DDF81C900299312309F8013B2046FEF784
:1054200003FC0A9B02330493002E7FF446AE3AE558
:1054300002995846FEF782FE0028BFF6E7AD5946AE
:1054400000230A2220460A9DFEF7F8FB0C9B013D33
:105450008346002B7FF406AF0F9B002B40F3AB83FA
:105460000A9BDDF83CA004930A95DAE51A4601464A
:105470002046FEF791FD2A9B0290012B40F33A82D1
:1054800000230D93029A136902EB83031869FEF758
:1054900027FCC0F1200093E5129AAAB90B9B002BC0
:1054A00072D10C9B002B40F081801D461E4679E591
:1054B0001F9BDDF860B0DDF850A0129C002B03DBD1
:1054C0000A9A0E2A7FF7A0AE2A9A012A7FF744ADE6
:1054D0000C9B0AF1FF37BB42C0F2C881BAF1000F42
:1054E000A3EB070880F26483012120460B9DFEF7A1
:1054F00061FCA5EB0A0706460B97089B002B7FF77C
:1055000041AD0B99089881420B46A8BF0346CA1AC1
:10551000ED1AC31A0B92089334E50021E16320468B
:10552000FEF758FB0790002800F00883079BA36351
:10553000002D40F0DB811F9BAB42C0F22A83012289
:105540000F922B92924659E6049B002B7FF437ADC5
:10555000059BC3F31303002B7FF431AD059B23F0B0
:1055600000431B0D1B05002B3FF429AD089B0133A5
:105570000893012301350D93184621E51C283FF4BB
:1055800030ADC0F13C002DE6089B002B00F02882D6
:105590000B9908980C9E81420B46A8BF0346CD1A72
:1055A000C31A08930B95002E3FF4FCAC59460C9A95
:1055B0002046FEF7F1FC00230B9D0C9383461E460C
:1055C000F0E442464B46DDE9140102F045F980461D
:1055D00089460E9B43B1BE4B002240464946FAF72E
:1055E000A3FD002840F06F823846FAF7D3FC42460C
:1055F0004B4602F007F8B74B0022FAF77FFB05464F
:10560000A1F15076BAF1000F00F0CE800A9B1D93F5
:10561000CDF850A0B04B14991C9303EBC10353E990
:1056200002124046CDE91A124946CDE9185602F059
:10563000FBF900F13006FAF7ADFC02460B46404696
:105640004946FAF759FB079B894612995D1C80462B
:10565000CDE91689DDE91A232F46002900F0C7811C
:105660009E49002002F0F8F8DDE91823FAF744FB20
:10567000DDF81CC002460B46CDE912238CF8006011
:1056800042464B46FAF76EFD002840F06582DDF891
:105690005080CDF860B0CDF850A08146DDE912AB66
:1056A0001294DDE916452BE009F10109C145BFF669
:1056B000FFAE8B4B50465946002201F0A3FF884BAA
:1056C000002282468B462046294601F09BFF0D466C
:1056D000044602F0A9F900F13006FAF75BFC024635
:1056E0000B4620462946FAF707FB07F8016B52469E
:1056F0005B4604460D46FAF717FD002840F0298264
:1057000022462B4672490020FAF7F6FA52465B46CB
:10571000FAF70AFD0028C7D01D9EDDF860B0129C84
:10572000079A3D46013602E0954200F0F081A94615
:1057300015F8013D392BF7D001332B700496FFF794
:10574000B2BB314642462046FEF726FC5A46014689
:1057500006462046FEF75CFB594607462046FEF704
:1057600063FA0C9BB3EB0803BB460C937FF412ACBB
:1057700001230C9316E403D118F0010F7FF480ACE1
:10578000D1461AF8013D302BFAD088E43846FAF7B2
:1057900001FC42464B4601F035FF4E4B0022FAF722
:1057A000ADFA0546A1F150764E4B404649460022DF
:1057B000FAF7A2FA2A46334680468946FAF7D2FC1F
:1057C000002840F0B381404649462A4606F100438E
:1057D000FAF7AAFC00283FF40DAD00212046FEF7A1
:1057E00023FA2B9BDDF81C905B420493FFF75BBB15
:1057F0000A9B079A02330493312313704FE400F09D
:105800005E810A9B344A5D4205F00F0302EBC3033D
:10581000D3E90023DDE9020101F0F4FE2D118046F9
:10582000894600F0DC81304E022701E06D10083619
:10583000EA0703D46D100836EB07F7D54046494612
:10584000D6E9002301F0DEFE6D1007F10107804666
:1058500089463FF4BEAE0836EEE7C8F101030B936C
:105860000A9B0E9008930D93FFF767BA0C9B0D9A55
:10587000DDF82C80FB1A1A44089B0D925344012139
:1058800020460893FEF796FA08EB0A0506460C97A1
:10589000B8F1000F3FF47EAB0B99089881420B469C
:1058A000A8BF0346CA1AED1AC31A0B920893FFF752
:1058B00071BB02992046FEF7B7F92B9BDDF81C90CF
:1058C0005B420493002E7FF4F8ABFFF7ECBA00BF05
:1058D0000000F03F00001C40B09701000000E03FD6
:1058E0000000244000001440889701000F952B957C
:1058F000AA4628E4049B002B7FF4C2ADDDE9041224
:10590000C2F31303002B00F02D810D91BAE57168ED
:105910002046FEF75FF90546002800F074813369E0
:1059200002339A0006F10C010C30F6F741F82946D3
:1059300001222046FEF78CFB0746AFE4DDF808B0F5
:10594000049C02460B46FAF7D9F90A9B01330493EB
:105950001E46DDE9082381468A46FAF703FC48B96A
:10596000DDE9082348465146FAF7D4FB20B118F088
:10597000010F01D0079ADAE6A946FFF794BADDE9EC
:1059800002230227CDE91423FFF7F9BB079B5F1C15
:10599000DDE90256DDE908232846314601F05CFFC7
:1059A00002F042F88046FAF7F5FADDE9082301F043
:1059B00029FE02460B4628463146FAF79DF9079A1A
:1059C00008F13003BAF1010F3D4613707FF431AA9C
:1059D000B7E70A9B0133354604933E46FFF744BBC5
:1059E0000C9E002E7FF4E2AD0B9DFFF7DBBADDE9E4
:1059F000180101F007FE079B1E70149B012BCDE9D7
:105A0000100127D0079B149ACDF848B0DDE91601A4
:105A100003EB0209A846AB467E4B002201F0F2FDE3
:105A20000F46064602F000F800F13005FAF7B2FA28
:105A300002460B4630463946FAF75EF908F8015B34
:105A4000C845E9D15F46149BDDF848B0CDE91601A1
:105A50007D1E1D44704B0022DDE91001FAF74EF95E
:105A6000DDE9168942464B46FAF75EFB00286CD109
:105A7000DDE9102368490020FAF73EF942464B461B
:105A8000FAF770FB80B91F9B8342FFF607AD0A9BB4
:105A90000E2B3FF703AD1C9B0A9A03EBC206D6E917
:105AA0000023CDE9082373E7A946013D19F8013C1D
:105AB000302BF9D01D9B01330493FFF7F4B9DDE9D6
:105AC0000289022785E5BAF1000F3FF45FAE0F9B14
:105AD000002B7FF78FAB0A9A4E4B013A404649465E
:105AE0001D92002201F08EFD80468946781CFAF74F
:105AF00051FA42464B4601F085FD484B0022FAF729
:105B0000FDF80F9B14930546A1F1507682E501360E
:105B1000312312E6AA4639230AF8013B0A9B079A69
:105B20000133354604933E46FFF7AFBADDF81C90CB
:105B3000312309F8013B0021FFF78DBB384B394871
:105B4000002240F2AF11FEF757FF1D9E079A013663
:105B5000EDE5DDF860B0129C1D9B01330493B9465E
:105B6000FFF7A1B9059B23F000431B0D1B05002B7C
:105B70003FF487AC089B01330893012301350D9353
:105B800080E47FF400AC18F0010F7FF4F6ABFFF770
:105B9000FABB129B4BBB01230F932B939A467DE4D8
:105BA000B8F1390FB6D091453FF7EBABFFF7EBBB40
:105BB0005346FFF7DAB92A9A022A05DC0A9A0492B8
:105BC0009A460A95FFF72DBA0A95DDF83CA00DE438
:105BD0002A9A0A95022AF8DC9A46FFF751BB022757
:105BE000F7E40021E163FFF7A1BA129B2B939A46D9
:105BF0000F936DE40C4B0793FFF728B8002A3FF78B
:105C0000B0ABFFF7C0BB064B06482A4640F2EF2177
:105C1000FEF7F2FE000024400000E03F00001C40C0
:105C2000D08F010098900100889001000EB400B55B
:105C300082B003ABDFF81CC053F8042B019301467C
:105C4000DCF8000000F008F802B05DF804EB03B0E7
:105C5000704700BF688FFF1F2DE9F04FC5B00DF1F1
:105C6000500A8346049116460021082250461C46DD
:105C70000B93FBF7EFFBBBF1000F04D0DBF83430E4
:105C8000002B00F04587049B5A6EB3F90C30D00707
:105C900040F14281990400F1A585049943F4005331
:105CA00022F400528B814A66930401F1AA80049B7E
:105CB000B3F90C301D0740F1BD80049A1269002A27
:105CC00000F0B88003F01A020A2A00F0C280002314
:105CD000CDE91933CDE90E331BAADFF854920D93A9
:105CE000189217460793B0464546D9F8CC41FBF7C2
:105CF0002BFCCDF800A003462A4612A95846A0471F
:105D0000002800F0C580C0F2BB80129A252A034605
:105D100001D01D44E9E7B5EB0806044640F0BC801D
:105D200000231A468DF8433008934FF0FF316B780B
:105D3000059105F10108039208F101081946A1F146
:105D400020035A2B00F2F680DFE813F0E403F4009E
:105D5000F400DD03F400F400F400BD03F400F400EB
:105D60000B025702F4001602FC03F400EF035B0081
:105D70005B005B005B005B005B005B005B005B004B
:105D8000F400F400F400F400F400F400F400F40073
:105D9000F400DC019D03F400F400F400F400F400CE
:105DA000F400F400F400F400F4001D02F400F40028
:105DB000F400AE01F400F802F400F400B605F400BB
:105DC000F400F400F400F400F400F400F400F40033
:105DD000F400DC016C01F400F400F40093036C01A6
:105DE0006D00F4008903F4007B0368031D036D005C
:105DF000F400AE016A005D02F400F400F705F4005F
:105E00006A00A1F13003002218F8011B02EB8202A4
:105E100003EB4202A1F13003092BF5D908928EE77A
:105E200098F8003088E7039B43F02003039398F829
:105E3000003081E7049D5846294601F0E1F800282A
:105E400040F0F287B5F90C3003F01A020A2A7FF409
:105E50003EAF0499B1F90E20002AFFF638AF4A6E22
:105E6000D20702D49F0540F18C870499234632461D
:105E7000584601F011F80790079845B0BDE8F08F3B
:105E8000082200215046FBF7E5FA01231D442CE7C8
:105E9000B5EB0806044610D01A9B33441A93199B9D
:105EA0000133072BC7E90086199310DC0837079BDD
:105EB00033440793002C7FF433AF1A9B002B40F040
:105EC0006A87049B0022B3F90C30199218E00499F8
:105ED00018AA584601F020F878B91BAFE7E70499F3
:105EE00018AA584601F018F8002800F08780099B8E
:105EF0001BB109995846FBF775FC049BB3F90C30AC
:105F0000049A526ED00740F183805B0600F16187EE
:105F1000079845B0BDE8F08F9F0540F117819D04BB
:105F20007FF5BBAE90047FF5C5AE00F06CBF00BF3F
:105F3000148DFF1F0029C0D0002301228DF8AC1062
:105F40008DF8433009930A9205932BAD0692DDE953
:105F500019C0039B13F084060146624626D1089BB4
:105F6000069C1C1B002C00F3E5839DF8433003B313
:105F700000260C960132012301317B60072A0DF1C6
:105F80004303CDE919213B6000F37E8308370C9B66
:105F900063B1013211AB02313B60072A4FF00203BB
:105FA000CDE919217B6000F363830837802E00F070
:105FB000E682059B0A981C1A002C00F31E830A9B9C
:105FC0003D6001321944072ACDE919217B6000F3B5
:105FD00044830837039B5C0705D5089B069A9C1AE7
:105FE000002C00F35D83DDE9073206988242ACBFE6
:105FF0009B181B18079300297FF471AF0023199396
:10600000099B1BB109995846FBF7ECFB1BAF6BE6EC
:106010009A053FF57AAF049CA06DFBF703FBB4F93A
:106020000C3072E7039B980640F134840B9B0733D6
:1060300023F00702536852F8084B0B921E46002BC0
:10604000C0F23282059A002A07DB039B23F080030B
:10605000039354EA060300F084840A2C76F10003CB
:1060600080F0F7803034059A9DF843308DF80F4169
:10607000012AB8BF01220692002B00F0A783069BDD
:106080000133002506930123CDE909530DF20F15C5
:10609000DDE91921039B13F08406084694463FF47A
:1060A0005EAF00230C9365E70B9E00238DF8433011
:1060B00056F8043B0993002B00F04D85532900F05E
:1060C0006A84039B13F0100440F06584059A002A4B
:1060D000C0F20B8509982146FEF792FB9DF84330EC
:1060E000099D002800F08386421B0A9222EAE27290
:1060F0000692002B00F00685531C059406930B9620
:106100000994C5E7432903D0039BDD0640F11F84B2
:106110000822002116A8FBF79DF90B9A2BAD1268F7
:1061200016AB29465846FEF7BBFB0A90013000F03B
:1061300047860A9B23EAE37306930B9B04330B9376
:1061400000238DF843300993059300E7049DA86D63
:10615000FBF766FAB5F90C306A6E99043FF5A4AD09
:106160009BE50B9B53F8042B0892002A80F23583A1
:10617000089A0B9352420892039B43F00403039343
:1061800098F80030D8E5039B43F010009B0640F1DF
:1061900046830B9B073323F007031A46596852F8CE
:1061A000083B0B9200228DF84320059A002AC0F28A
:1061B000098320F49062039253EA010200F01683EF
:1061C00044AD03F00702DB0843EA4173C9083032EB
:1061D00053EA0104284605F8012DF2D1039B13F080
:1061E000010340F09682059A099344AB5B1B9A42E7
:1061F000B8BF1A460A930692A9E62B238DF84330BE
:1062000098F8003098E503998E0600F19D80039977
:106210000B9A11F0100052F8043B40F01F830399D1
:1062200011F0400100F0C2848DF843009BB2059943
:106230000026B1421C4606DB039921F08001039140
:10624000002B00F073850A2C76F100030B92FFF40B
:1062500009AF039B0697CDE9098B0020DDF834B028
:1062600044A903F4806725E0A319B44A43F100036D
:10627000A2FB032C2CF0030202EB9C029B1AE31AF4
:10628000A0464FF0CC3CAD4CB6460CFB03F266F199
:10629000000604FB0622B8F10A0FA3FB04431344D3
:1062A0004FEA54047EF1000E294644EAC3744FEAD3
:1062B00053062BD3DFF884C2A31943F10003ACFBD0
:1062C000032525F0030202EB95029B1AE31AA3FBB8
:1062D0000C3266F100050CFB05225B0843EAC27331
:1062E00003EB8303A4EB43033033013001F8013C9B
:1062F0004D1E002FB8D09BF800308342B4D1FF2848
:10630000B2D00A2C76F1000380F0AD8405999DF897
:106310004330069FCDF834B044AA521B9142B8BF17
:106320001146DDE9098B06910A92002B00F0ED83FE
:10633000069B0133069300230993A9E6039B43F0D0
:1063400010019B0640F188820B9B073323F0070264
:1063500000238DF84330059B566852F8084B0B928A
:10636000002BC0F2ED8221F08003039354EA060370
:106370007FF473AE059B002B40F0DD840A930693F7
:10638000099344ADE3E5059C0B990398002247F679
:1063900030039442ADF844308DF8432051F8043B6B
:1063A000C0F2D18220F0800040F002000390002B68
:1063B00000F0E48303F00F0461481B09045D8DF8CD
:1063C0000F410B9100F05585022106910DF20F153A
:1063D00003F00F011B09415C05F8011D43EA02733C
:1063E000120953EA0201F3D1059A44AB5B1B9A42AE
:1063F000B8BF1A460A931346069A002A00F037855A
:106400000233DDE919210693039B13F08406084645
:10641000944600F0E78200230993BAE503988606C4
:106420003FF5B7AE03990B9ACD0652F8043B00F145
:1064300012850398440640F1C6839BB20B9200215B
:10644000B0E603990B9A8C0602F1040340F1EE8149
:10645000126807991160C91751600B9344E498F8CA
:1064600000306C2B00F08D82039A42F010020392F0
:1064700062E498F80030682B00F07982039A42F0C9
:106480004002039258E4039A940642F0100300F18C
:10649000FE810B9A04320B9903930C680B92E6175A
:1064A0003346002BBFF6CEAD2D238DF84330059B30
:1064B000644266EB4606002BFFF6CFAD039B23F04C
:1064C00080030393C9E55846FEF744F943680F93E8
:1064D0001846FBF7B5F80E9004465846FEF73AF911
:1064E000816898F800300D91002C3FF425AC00290C
:1064F0003FF422AC0A78002A3FF41EAC039A42F41F
:106500008062039218E4039B43F00103039398F81D
:10651000003011E49DF8432098F80030002A7FF401
:106520000BAC20228DF8432006E4039B43F080034C
:10653000039398F80030FFF7FFBB00BFCDCCCCCC65
:10654000A08F0100404610F8011B2A2900F0778433
:10655000A1F13003092B98BF002200F2178410F834
:10656000011B02EB820203EB4202A1F13003092B73
:10657000F5D942EAE27305938046FFF7E0BB089B3A
:1065800006981C1A002C7FF714AD102C40F32684BB
:1065900038460C95AE4F049D102604E0103C102C9C
:1065A00000F1080015DD01321031072AC0E900763C
:1065B000CDE91921F2DD18AA2946584600F0ACFCB5
:1065C00000287FF494AC103C102CDDE919211BA8A5
:1065D000E9DC0C9D3B46074601322144072ACDE900
:1065E00019213B607C6000F3A482059B0A981C1A69
:1065F000002C07F108077FF7E2AC102C40F3ED8286
:1066000038461026924F04E0103C102C00F1080090
:1066100016DD01328E4B1031072AC0E90036CDE974
:106620001921F1DD049918AA584600F075FC0028DC
:106630007FF45DAC103C102CDDE919211BA8E8DCCF
:106640003B46074601322144072ACDE919213B6028
:106650007C6000F3AA800837B1E4049918AA584670
:1066600000F05AFC00287FF442AC1A991BAFB1E449
:10667000049918AA584600F04FFC00287FF437AC64
:10668000DDE919211BAF91E4049918AA584600F0DE
:1066900043FC00287FF42BACDDE919211BAF76E425
:1066A000102C199B40F381833A46049E694F1025B4
:1066B00004E0103C102C02F1080215DD013310310A
:1066C000072BC2E90075CDE91931F2DD18AA314670
:1066D000584600F021FC00287FF409AC103C102C37
:1066E000DDE919311BAAE9DC3E4617460133214496
:1066F000072BC7E90064CDE919317FF774AC049921
:1067000018AA584600F008FC00287FF4F0AB1A994C
:1067100069E4302A00F001823023059A05F8013C33
:10672000023844AB1B1A9A42B8BF1A460A93069223
:106730000546EFE000230C93102C464E624623DD05
:10674000394610232F46049D04E0103C102C01F123
:10675000080117DD01321030072AC1E90063CDE9D5
:106760001920F2DD18AA2946584600F0D5FB00286A
:106770007FF4BDAB103C102CDDE919201BA94FF0B4
:106780001003E7DC3D460F4601322118072ACDE908
:1067900019213E607C6000F37A819DF843600837E0
:1067A000002E36D00026FFF7E5BB049918AA5846FC
:1067B00000F0B2FB00287FF49AABDDE919211BAF92
:1067C000FFF7FDBB20F480620392F9E409930123F3
:1067D0000A930DF20F15FFF7BABB0B9398F8003030
:1067E000FFF7AABA92047FF565AAF2E2059A002A99
:1067F0007FF4E6AC10F00102069200F042813023F3
:106800008DF80F31059B0A9209930DF20F15FFF7D2
:106810009EBB0C9B002B7FF4BCABFFF7CABB0B9B52
:106820001A1D0B9B0B921B680021BBE4039AD00638
:1068300000F18C81039A510600F19582039A92052A
:1068400040F184810B9A07991268117005E600BF28
:1068500078980100889801000B9B1A1D0B9B0598E6
:106860001B680026B0428DF843601C4667DB21F0B0
:1068700080010391002B7FF4E6AC0B92002840F0DE
:106880005A820A900690099044ADFFF760BB0393CB
:10689000FFF7CCBB039B0B9AD90652F8044B3FF58C
:1068A000FAAD039B5E0640F1768144F3C0360B924D
:1068B00024B23346FFF7C3BBAD48039B9D0640F1AE
:1068C000B5800B9B073323F007031A465C6852F828
:1068D000083B0B92039A12F00102069240F08C8062
:1068E0008DF84320059A002AC0F2B780039A22F45B
:1068F0009062039253EA040240F0F380059A002A62
:1069000000F0F68103788DF80F31012306920A9387
:106910000DF20F15DDE91921039B13F084060846DB
:10692000944600F0A1829DF84330002B00F0AB822A
:10693000002309930C93FFF71DBB8E48BDE70B9214
:106940000391FFF78ABB40F00200039032E50B9BF6
:106950001B688DF8AC30012306930A932BADFFF72B
:10696000ECBB002A00F0D4813024FFF77CBB039BF2
:1069700043F40073039308F1010898F80030FFF71F
:10698000DBB9039B43F02003039308F1010898F857
:106990000030FFF7D1B9099B13930822002116A8F4
:1069A000FAF758FD059B002BC0F2198100240697C9
:1069B00025461F460EE02BA95846FDF771FF411CE6
:1069C000284400F0FD81B84209DC04F1040400F021
:1069D00008820546139A125916AB002AEBD1069F7E
:1069E00005950AE1089C069B0996E41A002C7FF79E
:1069F000D0AA02230C939FE653EA04025ED100233F
:106A00008DF84330059B002BC0F22181039B23F4BA
:106A10009063039300F0878103788DF80F31069B14
:106A20000A93059B06930DF20F1573E70B9A52F824
:106A3000043B0B92039AD40608D4520602D59BB2AB
:106A4000002447E7039A960500F18181002441E77D
:106A500042F00202039202220692039A22F480621A
:106A6000039203F00F02825C8DF80F211B0943EAA9
:106A70000473220953EA14147FF4A8AC0DF20F1525
:106A8000B2E4059B44ADCDE90933FFF760BA049940
:106A900018AA584600F040FA064600287FF427AAB4
:106AA0009DF84330DDE91921002B40F089800C9BD3
:106AB0001BAF002B7FF46DAAFFF77BBA30228DF855
:106AC000442000228DF84320059A8DF84510002AB5
:106AD000039ABDDB22F4906242F00202039202228A
:106AE000069203F00F02825CBEE7099D2846FAF782
:106AF000A7FD9DF843300A9020EAE0720692002B31
:106B00007FF4FAAA099D05930B960993FFF71FBA24
:106B10005846FAF7E3FBFFF7B6B8059A44AB5B1BA0
:106B20009A42B8BF1A460A93002306920993FFF7C8
:106B30000EBA049918AA584600F0EEF900287FF41E
:106B4000D6A9DDE919211BAFFFF733BA0B9A0799D4
:106B50001268116081E4059B074D0B96062B28BF38
:106B6000062306930A93099B0593FFF7F0B900BF2C
:106B7000B48F0100A08F0100C88F01000B91002C81
:106B800000F0DC80302301228DF80F310DF20F155B
:106B900023460A9234E4039B0B929D054ABF44F3BB
:106BA000C016E61764B23346FFF749BA039810F4EB
:106BB000007600F0CF808DF84310DBB2FFF737BBD3
:106BC0001BAFFFF7D7B9039810F4007100F0BB803A
:106BD000DBB20B920021FFF7E5BAAC4B32E516AB06
:106BE0000093002313AA19465846FDF781FE05902D
:106BF000013000F0E580099B1393059B002B7CD0AE
:106C0000632B00F3B680002309932BAD08220021EB
:106C100016A8FAF71FFC059C16AB009313AA23468F
:106C200029465846FDF764FE844240F016810599D6
:106C300000236B5421EAE17206929DF84320002A5A
:106C400040F0B580CDE90A160592FFF780B90378C8
:106C50008DF80F31039B23F480630393069B0A9303
:106C60000DF20F1556E60E9A0F99AD1A2846FAF74F
:106C700035FC9BF801300BB10BF1010B844AA319D1
:106C800043F10003A2FB030C2CF0030000EB9C007B
:106C90001B1AE31A4FF0CC3166F1000603FB01F139
:106CA00002FB0611A3FB023001445B0843EAC174F6
:106CB0004E08A31943F10003A2FB031020F00301C7
:106CC00001EB90015B1AE31AA3FB023166F10000AD
:106CD00002FB00125B0843EAC27303EB8303A4EBDD
:106CE0004303303305F8013C0120013DFFF703BBAE
:106CF000059B0A9344A805460CE69DF84330099D80
:106D00000B96003B18BF01230693059B0A9301E6EF
:106D10009DF843303BB1059BCDE90933012344ADD8
:106D20000693FFF7B5B9059BFFF728BB059B0B92B0
:106D3000002B3FF423AB0024FFF794B9059B0A9383
:106D400044ADFFF75DBB03980B92FFF72BBADBB2A4
:106D50000024BFE505998DF8436000291C46BFF665
:106D60006BAAFFF770BA0B9A079912681180FFF7A8
:106D700074BB591C5846F9F76DFD054600B30990E0
:106D800044E7886DFAF74EFCFFF76FB800238046A2
:106D90000593FEF7D4BF049918AA584600F0BCF832
:106DA00000283FF48EA8FFF7A8B83A4E9EE4059A53
:106DB0000A92069A0B96013206920593FFF768B97C
:106DC0000498B0F90C30426E43F04001D207818143
:106DD00009D54FF0FF330793FFF79AB82B4BFFF716
:106DE000FBBB069F09E79905F3D4FFF714B99BB1E4
:106DF000059B0B965A1C06920A9305900990FFF783
:106E000047B9D707E5D4049B9B899E05E1D4049B31
:106E1000986DFAF707FCDCE7059A0993CDE905328E
:106E20000B960A92FFF793B8049A536ED807D0D402
:106E300093899905CDD4906DFAF7F4FBC9E70B9AC5
:106E400098F8013052F8041B0B9241EAE171804638
:106E50000591FEF771BF0846E3E4049A938943F075
:106E600040039381FFF743B80996FFF778B806937C
:106E700050E5059B0122012BB8BF01230DF20F1530
:106E80000A92FFF7BDBA0993FFF790B8789801000E
:106E9000CDCCCCCC88980100F0B50D46ADF2744D48
:106EA000164689896A6E1B92EA89ADF8162021F090
:106EB0000201EA69ADF8141009921CA96A6A0291EC
:106EC000074606910B924FF48061002218A80193A7
:106ED000049107910892FAF79FFB3246019B02A9A1
:106EE0003846FEF7B9FE061E07DB02A93846FDF755
:106EF000B1FB002818BF4FF0FF36BDF814305B0619
:106F000003D5AB8943F04003AB811898FAF786FBB1
:106F100030460DF2744DF0BD936810B514461BB9A0
:106F200018460023636010BD00F060F90023A360E1
:106F30000023636010BD00BF2DE9F0438E681D463D
:106F4000AE420B6883B00C4617463AD8B1F90CC074
:106F50001CF4906F0FD13546184639462A46FAF789
:106F6000E7F9A3689E1B2368A6602B4400202360DA
:106F700003B0BDE8F0834A69096902EB42025E1A78
:106F800002EBD2726B1C52103344934294BF914671
:106F90009946934288BF1A461CF4806F804612D0EF
:106FA0001146F9F757FC00B3324621690190F4F716
:106FB000FFFCA289019B22F4906242F08002A28130
:106FC00005E02E46C8E7F9F71BFF034648B12361E9
:106FD0003344A9EB0606A660C4F8149023602E463D
:106FE000BAE721694046FAF7FDFBA3890C2243F07A
:106FF0004003C8F800204FF0FF30A381B8E700BF7E
:1070000010B5354B0446186882B00B4610B1426B80
:10701000002A53D0B3F90C20110711D51869C8B153
:10702000B3F90C2012F0010126D059694FF0000C81
:107030004942C3F808C0996120B3002002B010BDD6
:10704000D00640D5510723D4186942F008029A812E
:107050000028E5D19A8902F42072B2F5007FDFD0D2
:1070600019462046019300F035FA019BB3F90C2034
:10707000186912F00101D8D1940758BF5969996075
:107080000028DAD11106D9D542F040029A811FE0DA
:10709000196B61B103F14000814206D02046019393
:1070A000FAF7A0FB019BB3F90C20002119631869C2
:1070B0000021C3E9000122F02402C6E70191FAF79A
:1070C0000DF9019BA6E7092142F0400221609A8157
:1070D0004FF0FF30B2E700BF688FFF1F2DE9F04F80
:1070E00089B0DDE91389129F00901C46B8F1000FAA
:1070F0004FD00029C3461668019108BF4FF0FF37F3
:1071000000258846924604E056F8040B002832D049
:107110006546AF4239D9002C37D0DBF800300293F6
:10712000DBF80430039332680098D9F8C8C15B4695
:1071300004A9E047431C2FD000EB050CBC4536D812
:10714000019B013C002BDFD000280BDD08F1FF3252
:1071500004A900EB020E11F8013B02F8013F724551
:10716000F9D18044DAF8002056F8040B0432CAF84A
:1071700000200028CCD10199D84609B1CAF80000F6
:107180000022C8F800200CF1FF35284609B0BDE800
:10719000F08F00F58678ACE7009B05468A21002237
:1071A00028461960CBF8002009B0BDE8F08FD8461A
:1071B000DDF808A0DDF80CB02846C8E900AB09B03E
:1071C000BDE8F08F00B585B0DFF818C006980090D4
:1071D0000798019004480068CDF808C0FFF77EFFCB
:1071E00005B000BD148DFF1F688FFF1F9368002B33
:1071F00000F0B3802DE9F04FB1F90CC01CF0080F7E
:1072000083B00C46804617462BD00B694BB31CF05D
:1072100002033E6831D04FF0000ADFF8B4B25546A1
:107220005D452B46524628BF5B464046ADB1E169FD
:10723000D4F824C0E047002840F38780BB681B1ABD
:107240008244BB60002B77D02D1A5D452B465246F9
:1072500028BF5B464046002DE9D1D6E900A5083697
:10726000DEE721464046FFF7CBFE002872D1B4F995
:107270000CC03E681CF00203CDD11CF0010A6ED197
:1072800023685546002D53D01CF4007FD4F8089095
:10729000184600F0A780A945CB4600F2E0801CF418
:1072A000906F34D021696269A3EB010902EB4202BD
:1072B00002EBD27209F1010352102B44934294BFA6
:1072C00093469B46934288BF1A461CF4806F00F099
:1072D000E48011464046F9F7BDFA002800F0F2803C
:1072E0004A4621690190F4F763FBA289019B22F4CD
:1072F000906242F08002A28103EB09002361ABEBB4
:107300000903C4F814B0A3602060A946AB465146F7
:107310005A46FAF70DF8A2682368A2EB0902A260A8
:10732000B9685B44491B2360B96029B1B4F90CC04A
:10733000D6E900A50836A5E7002003B0BDE8F08F28
:1073400021464046FDF786F970B3B4F90C3043F09E
:107350004003A3814FF0FF30EFE7002070471D4648
:10736000B9469A4618461F465DB300282FD05246AC
:10737000D4E904132068AA4228BF2A46884204D9C7
:10738000A16803EB010B5A4579DC93426ADCE169A1
:10739000D4F824C03A464046E047B0F1000BD4DDB3
:1073A000BAEB0B0ACCD00120D9F80830A3EB0B03C1
:1073B000C9F80830002BBFD0A5EB0B055F44002DAA
:1073C000D3D1756833460836002DFAD01F682A4697
:1073D0000A213846FDF714FA002870D00130A0EBDE
:1073E000070AC4E722699A4221D36269AA421ED8D9
:1073F0006FF00043AB4228BF2B46E16993FBF2F3E9
:10740000D4F824C002FB03F340465246E047B0F1F3
:1074100000099ADDBB68A3EB0903A5EB0905BB6076
:10742000002B89D0B4F90CC02368CA442AE7A945C7
:1074300028BFA94618464A465146F9F779FFA2687F
:107440002368A2EB09024B44A2602360002AE1D129
:1074500021464046FDF7FEF80028DBD075E7A94637
:10746000AB4654E739460192F9F762FF019AA368E7
:107470009B1AA360236813442360934690E7394620
:107480005A46F9F755FF23685B442360214640467E
:10749000FDF7E0F8002883D057E74046F9F7B0FC45
:1074A000034600287FF428AF21694046FAF79AF98D
:1074B000A3890C22C8F8002023F0800347E76A1C48
:1074C000924655E70C22B4F90C30C8F800203EE78C
:1074D00000FCFF7FB1F90C20930706D501F14303AF
:1074E0000122C1E904320B60704730B50B46B1F997
:1074F0000E10002999B0044632DB02AA009300F076
:107500005BF80028009B29DB4FF480612046009344
:10751000039DF9F79FF9009BB3F90C20002839D09F
:1075200005F4704142F0800218601861B1F5005F07
:107530004FF480609A8158613AD1B3F90E100093EC
:10754000204600F04DF8009BB3F90C2080B322F0E8
:10755000030242F001024FF4006117E0B3F90C207E
:10756000019312F0800F0CBF4FF480614021204640
:107570000091F9F76FF9019B0099B3F90C2048B11C
:10758000C3E9040142F08002186000210A439A8195
:1075900019B030BD9105FBD422F0030203F1430181
:1075A00042F002020120C3E904109A811960EFE75A
:1075B0004FF40061EAE700BF38B5084C00230546E8
:1075C000084611462360F4F711FB431C00D038BD78
:1075D0002368002BFBD02B6038BD00BF8CBDFF1F84
:1075E00038B5074C0023054608462360F4F704FB32
:1075F000431C00D038BD2368002BFBD02B6038BD66
:107600008CBDFF1F70B54FF0FF0C4CF4E06C1CEA12
:1076100011541DBF1CEA135594EA0C0F95EA0C0F88
:1076200000F0DEF82C4481EA030621EA4C5123EAFB
:107630004C5350EA013518BF52EA033541F480112A
:1076400043F4801338D0A0FB02CE4FF00005E1FBDD
:1076500002E506F00042E0FB03E54FF00006E1FB27
:1076600003569CF0000F18BF4EF0010EA4F1FF046A
:10767000B6F5007F64F5407404D25FEA4E0E6D41AA
:1076800046EB060642EAC62141EA55514FEAC520BB
:1076900040EA5E504FEACE2EB4F1FD0C88BFBCF537
:1076A000E06F1ED8BEF1004F08BF5FEA500E50F1E8
:1076B000000041EB045170BD06F0004646EA0101AE
:1076C00040EA020081EA0301B4EB5C04C2BFD4EBE0
:1076D0000C0541EA045170BD41F480114FF0000ED9
:1076E000013C00F3AB8014F1360FDEBF002001F047
:1076F000004170BDC4F10004203C35DA0C341BDCC1
:1077000004F11404C4F1200500FA05F320FA04F092
:1077100001FA05F240EA020001F0004221F00041C6
:1077200010EBD37021FA04F642EB06015EEA430E39
:1077300008BF20EAD37070BDC4F10C04C4F1200569
:1077400000FA04F320FA05F001FA04F240EA02001C
:1077500001F0004110EBD37041F100015EEA430EED
:1077600008BF20EAD37070BDC4F1200500FA05F20D
:107770004EEA020E20FA04F301FA05F243EA02038C
:1077800021FA04F001F0004121FA04F220EA02009B
:1077900000EBD3705EEA430E08BF20EAD37070BDE1
:1077A00094F0000F0FD101F00046400041EB0101C1
:1077B00011F4801F08BF013CF7D041EA060195F0A3
:1077C000000F18BF704703F00046520043EB03035D
:1077D00013F4801F08BF013DF7D043EA060370474A
:1077E00094EA0C0F0CEA135518BF95EA0C0F0CD055
:1077F00050EA410618BF52EA4306D1D181EA03019B
:1078000001F000414FF0000070BD50EA410606BF94
:107810001046194652EA430619D094EA0C0F02D1D9
:1078200050EA013613D195EA0C0F05D152EA03361E
:107830001CBF104619460AD181EA030101F000413C
:1078400041F0FE4141F470014FF0000070BD41F085
:10785000FE4141F4780170BD70B54FF0FF0C4CF45F
:10786000E06C1CEA11541DBF1CEA135594EA0C0F7E
:1078700095EA0C0F00F0A7F8A4EB050481EA030ECB
:1078800052EA03354FEA013100F088804FEA0333B2
:107890004FF0805545EA131343EA12634FEA022280
:1078A00045EA111545EA10654FEA00260EF0004141
:1078B0009D4208BF964244F1FD0404F5407402D293
:1078C0005B084FEA3202B61A65EB03055B084FEA24
:1078D00032024FF480104FF4002CB6EB020E75EB21
:1078E000030E22BFB61A754640EA0C005B084FEA49
:1078F0003202B6EB020E75EB030E22BFB61A7546C6
:1079000040EA5C005B084FEA3202B6EB020E75EB10
:10791000030E22BFB61A754640EA9C005B084FEA88
:107920003202B6EB020E75EB030E22BFB61A754695
:1079300040EADC0055EA060E18D04FEA051545EA84
:1079400016754FEA06164FEAC30343EA52734FEA2D
:10795000C2025FEA1C1CC0D111F4801F0BD141EAA6
:1079600000014FF000004FF0004CB6E711F4801F0B
:1079700004BF01430020B4F1FD0C88BFBCF5E06FEB
:107980003FF6AFAEB5EB030C04BFB6EB020C5FEAFB
:10799000500C50F1000041EB045170BD0EF0004E50
:1079A0004EEA113114EB5C04C2BFD4EB0C0541EA82
:1079B000045170BD41F480114FF0000E013C90E67F
:1079C00045EA060E8DE60CEA135594EA0C0F08BF43
:1079D00095EA0C0F3FF43BAF94EA0C0F0AD150EA42
:1079E00001347FF434AF95EA0C0F7FF425AF1046D5
:1079F00019462CE795EA0C0F06D152EA03353FF4FD
:107A0000FDAE1046194622E750EA410618BF52EA79
:107A100043067FF4C5AE50EA41047FF40DAF52EA4D
:107A200043057FF4EBAE12E74FEA410212F5001274
:107A300015D211D56FF47873B3EB625212D94FEAB5
:107A4000C12343F0004343EA505311F0004F23FA9F
:107A500002F018BF404270474FF00000704750EAF4
:107A6000013005D111F0004008BF6FF000407047B1
:107A70004FF00000704700BF53656E64696E673A4F
:107A8000200000005265706C793A20004D6F6475DB
:107A90006C65202569202020616C657274733D251A
:107AA000582020206661756C74733D255820202075
:107AB000434F563D25582020204355563D2558001C
:107AC00053656E74204352433A20257820202020AD
:107AD0002043616C63756C61746564204352433A62
:107AE00020257800476F7420766F6C74616765207D
:107AF000616E642074656D70657261747572652065
:107B000072656164696E677300000000496E76619A
:107B10006C6964206D6F64756C6520726573706F3D
:107B20006E736520726563656976656420666F7241
:107B3000206D6F64756C6520256920206C656E3A38
:107B40002025692020206372633A202569202020A7
:107B500063616C633A20256900000000202D20003D
:107B6000207C20002D000000303020666F756E6490
:107B7000000000004164647265737320617373696F
:107B8000676E6564000000004D6F64756C652025AC
:107B900069206578697374732E2052656164696E1B
:107BA0006720766F6C7461676520616E6420746510
:107BB0006D70657261747572652076616C75657340
:107BC000000000004D6F64756C6520766F6C746109
:107BD00067653A20256600004C6F77657374204313
:107BE000656C6C20563A20256620202020204869AC
:107BF00067686573742043656C6C20563A2025666F
:107C00000000000054656D70313A20256620202068
:107C10002020202054656D70323A20256600000037
:107C20004F6E65206F72206D6F726520424D53203C
:107C30006D6F64756C6573206861766520656E7420
:107C40006572656420746865206661756C74207364
:107C50007461746521000000416C6C206D6F647567
:107C60006C65732068617665206578697465642049
:107C700061206661756C746564207374617465005D
:107C80004D6F64756C65733A2025692043656C6C93
:107C9000733A20256920537472696E67733A202500
:107CA000692020566F6C746167653A2025665620FE
:107CB00020204176672043656C6C20566F6C7461A0
:107CC00067653A2025665620204C6F772043656C07
:107CD0006C20566F6C746167653A202566562020CB
:107CE00020486967682043656C6C20566F6C74612E
:107CF00067653A202566562044656C746120566F8E
:107D00006C746167653A20257A6D56202020417693
:107D1000672054656D703A202566432000000000FE
:107D20004D6F64756C65733A20000000207C204321
:107D3000656C6C733A2000005600000056207C20D1
:107D40000000000056202D20000000006D560000AD
:107D50004176672054656D703A20000043000000B2
:107D60004D6F64756C652023000000002020436582
:107D70006C6C000020204E6567205465726D2054A5
:107D8000656D703A20000000432020506F7320542E
:107D900065726D2054656D703A2000002C00000063
:107DA00030780000306200005400000046000000FF
:107DB000545255450000000046414C534500000018
:107DC0004445425547000000494E464F0000000020
:107DD0005741524E494E47004552524F5200000003
:107DE000526573657474696E6720746F2066616391
:107DF000746F72792064656661756C74730000003D
:107E0000534F43203A20000020206675656C207097
:107E1000776D203A20000000424D53205374617466
:107E20007573203A20000000455353204D6F646560
:107E3000200000003A20556E646572566F6C7461C4
:107E4000676520003A204F766572566F6C746167E3
:107E5000652000003A2043656C6C20496D62616CBE
:107E6000616E6365200000003A204F7665722054F1
:107E7000656D7020000000003A20556E6465722028
:107E800054656D70200000003A204F766572566F81
:107E90006C746167652053746F72616765200000C0
:107EA0003A20554E68617070793A00003A20486176
:107EB000707079200000000020426F6F7420000075
:107EC0002052656164792000205072656368617298
:107ED0006765200020447269766520002043686150
:107EE0007267652000000000204572726F722000EA
:107EF0007C2041432050726573656E74207C0000C5
:107F00007C204B6579204F4E207C00007C20426114
:107F10006C616E63696E6720416374697665000009
:107F20004F75743A0000000020436F6E743A0000F1
:107F3000310000003000000020496E3A00000000CF
:107F4000204368617267652043757272656E7420A4
:107F50004C696D6974203A20000000002041207CAB
:107F60002044697343686172676520437572726566
:107F70006E74204C696D6974203A20002041000025
:107F8000207C204368617267652043757272656E5C
:107F900074204C696D697420496E616374697665FB
:107FA0000000000043686172676520437572726566
:107FB0006E74204C696D697420496E6163746976D2
:107FC00065000000207C204368617267652043756E
:107FD0007272656E74204C696D69742041637469B6
:107FE000766500004368617267652043757272654B
:107FF0006E74204C696D6974204163746976650004
:108000004C6F772052616E67653A200053696E6746
:108010006C6520496E3A200056616C7565204144BC
:1080200043303A2000000000206D41004869676835
:108030002052616E67653A20000000006D4100002B
:108040006D412020000000004C6F772052616E6768
:1080500065200000486967682052616E676500000E
:10806000416E616C6F6775652053696E676C652042
:108070000000000043414E62757320002520534FDD
:10808000432000006D41680070756C6C20696E20A3
:108090004F5554360000000070756C6C20696E20DE
:1080A0004F555437000000002043616C69627261D3
:1080B00074696E672043757272656E74204F6666D0
:1080C000736574203A3A3A3A3A2000002E000000D4
:1080D0002063757272656E74206F666673657420B6
:1080E000312063616C696272617465642000000014
:1080F0002063757272656E74206F66667365742096
:10810000322063616C6962726174656420000000F2
:1081100020436F6465642053657474696E677320CF
:108120004C6F616465642000206D41682052657366
:1081300065742000446F206E6F7420757365207520
:108140006E6C65737320796F75206B6E6F77207717
:1081500068617420697420646F6573212121212175
:108160000000000031202D2053656E64696E672089
:108170004578706572696D656E74616C20566963CF
:1081800074726F6E2043414E3A00000032202D2061
:1081900053657269616C20506F72742046756E630E
:1081A00074696F6E3A00000053657269616C204417
:1081B0006973706C6179000043616E2042757320B1
:1081C000457870616E73696F6E00000071202D201C
:1081D000476F206261636B20746F206D656E750060
:1081E00031202D2054656D702053656E736F7220A1
:1081F00053657474696E673A0000000032202D20C8
:10820000566F6C7461676520556E6465722057689F
:1082100069636820546F2049676E6F7265204365FB
:108220006C6C733A0000000031202D2043656C6CAB
:108230002043686172676520566F6C7461676520C2
:108240004C696D697420536574706F696E743A205F
:108250000000000032202D204368617267652048CD
:1082600079737465727369733A20000033202D208E
:108270005061636B204D61782043686172676520AF
:1082800043757272656E743A20000000342D2050E0
:1082900061636B20456E64206F662043686172677E
:1082A000652043757272656E743A2000352D204347
:1082B00068617267657220547970653A2000000029
:1082C00052656C617920436F6E74726F6C000000B0
:1082D0004272757361204E4C47357878000000007B
:1082E000566F6C742043686172676572000000000D
:1082F000456C74656B2043686172676572000000AD
:10830000456C636F6E2043686172676572000000A0
:1083100056696374726F6E2F534D4100436F6461F1
:1083200000000000362D20436861726765722043AB
:10833000616E204D7367205370643A200000000086
:108340006D530000372D2043616E204261756472C9
:108350006174653A200000006B62707300000000D9
:1083600038202D204368617267657220485620438B
:108370006F6E6E656374696F6E3A200020426568A7
:10838000696E6420436F6E746163746F7273000072
:1083900044697265637420546F204261747465721D
:1083A000792048560000000039202D204368617272
:1083B00067652043757272656E74206465726174BE
:1083C00065204C6F773A20002043000061202D206B
:1083D000416C7465726E617465205061636B204DF1
:1083E0006178204368617267652043757272656EBB
:1083F000743A2000416C61726D20616E6420576197
:10840000726E696E672053657474696E6773204D70
:10841000656E750031202D20566F6C746167652084
:108420005761726E696E67204F66667365743A2095
:108430000000000032202D2043656C6C20566F6CCC
:108440007461676520446966666572656E63652060
:10845000416C61726D3A200033202D2054656D709F
:10846000205761726E696E67204F66667365743A55
:108470002000000034202D2054656D70205761725B
:108480006E696E67204F66667365743A200000005F
:10849000206D5300436F6E746163746F7220616E60
:1084A000642047617567652053657474696E6773EE
:1084B000204D656E7500000031202D2050726543FF
:1084C00068617267652054696D65723A200000002A
:1084D00032202D20507265436861726765204669BD
:1084E0006E6973682043757272656E743A2000007D
:1084F00033202D2050574D20636F6E746163746F6D
:108500007220486F6C6420302D323535203A0000DF
:1085100034202D2050574D20666F722047617567BB
:1085200065204C6F7720302D323535203A00000021
:1085300035202D2050574D20666F7220476175679A
:1085400065204869676820302D323535203A0000B3
:108550004D454E5500000000446562756767696EC1
:108560006720506175736564000000004669726D94
:10857000776172652056657273696F6E203A2000CC
:1085800062202D2042617474657279205365747481
:10859000696E67730000000061202D20416C6172DC
:1085A0006D20616E64205761726E696E672053653D
:1085B0007474696E6773000065202D2043686172D2
:1085C00067696E672053657474696E677300000095
:1085D00063202D2043757272656E742053656E732F
:1085E0006F722043616C6962726174696F6E000022
:1085F0006B202D20436F6E746163746F7220616E07
:10860000642047617567652053657474696E67738C
:108610000000000069202D2049676E6F72652056AA
:10862000616C75652053657474696E677300000032
:1086300064202D2044656275672053657474696EEB
:108640006773000078202D204578706572696D652C
:108650006E74616C2053657474696E6773000000FA
:1086600052202D205265737461727420424D530064
:1086700071202D2065786974206D656E750000008D
:1086800044656275672053657474696E6773204D25
:10869000656E7500546F67676C65206F6E2F6F662F
:1086A0006600000031202D2043616E204465627514
:1086B00067203A0032202D2043757272656E742057
:1086C0004465627567203A0033202D204F75747021
:1086D000757420436865636B203A000034202D20B8
:1086E000496E70757420436865636B203A00000022
:1086F00035202D20455353206D6F6465203A0000CE
:1087000036202D2043656C6C732050726573656E46
:1087100074205265736574203A00000037202D20C4
:108720004761756765204465627567203A000000FF
:1087300038202D20435356204F7574707574203A9D
:108740000000000039202D20446563696D616C20B4
:10875000506C6163657320746F2053686F77203AA3
:108760000000000043757272656E742053656E736D
:108770006F722043616C6962726174696F6E204D23
:10878000656E750063202D20546F2063616C6962F3
:10879000726174652073656E736F72206F666673A5
:1087A0006574000073202D2043757272656E74200D
:1087B00053656E736F722054797065203A20000003
:1087C00020416E616C6F677565204475616C204354
:1087D000757272656E742053656E736F722000003F
:1087E00020416E616C6F6775652053696E676C65BB
:1087F0002043757272656E742053656E736F7220BC
:10880000000000002043616E627573204375727230
:10881000656E742053656E736F722000556E6465CB
:1088200066696E656400000031202D20696E7665F2
:1088300072742063757272656E74203A00000000D5
:1088400032202D205075726520566F6C74616765FB
:1088500020626173656420534F43203A000000009A
:1088600033202D2043757272656E74204D756C74C3
:1088700069706C69636174696F6E203A0000000072
:1088800034202D20416E616C6F677565204C6F77C9
:108890002052616E676520436F6E763A00000000DB
:1088A000206D562F4100000035202D20416E616C57
:1088B0006F67756520486967682052616E6765203B
:1088C000436F6E763A00000036202D204375727299
:1088D000656E742053656E736F72204465616462C7
:1088E000616E643A00000000206D560038202D2093
:1088F00043757272656E74204368616E6E656C209C
:108900004368616E67654F7665723A0037202D4384
:10891000616E2043757272656E742053656E736F5D
:1089200072203A00204C454D20434142207365722D
:108930006965732000000000204973615363616C16
:1089400065204956542D53200000000020566963CD
:1089500074726F6E204C796E782056452E43414ECE
:10896000205368756E7400004261747465727920DA
:1089700053657474696E6773204D656E75000000F1
:1089800072202D20526573657420414820636F75F5
:108990006E7465720000000066202D2052657365BC
:1089A0007420746F20436F64656420536574746928
:1089B0006E67730031202D2043656C6C204F766507
:1089C0007220566F6C7461676520536574706F69AF
:1089D0006E743A200000000032202D2043656C6C3C
:1089E00020556E64657220566F6C74616765205304
:1089F0006574706F696E743A2000000033202D207A
:108A00004F7665722054656D70657261747572651C
:108A100020536574706F696E743A200034202D20E5
:108A2000556E6465722054656D70657261747572FF
:108A30006520536574706F696E743A200000000001
:108A400035202D2043656C6C2042616C616E63653E
:108A500020566F6C7461676520536574706F696E22
:108A6000743A200036202D2042616C616E636520CF
:108A7000566F6C74616765204879737465727369A9
:108A8000733A200037202D204168204261747465BC
:108A900072792043617061636974793A2000000043
:108AA0004168000038202D205061636B204D6178B3
:108AB000204469736368617267653A2000000000B2
:108AC00039202D2043656C6C2044697363686172A2
:108AD000676520566F6C74616765204C696D6974B9
:108AE00020536574706F696E743A200030202D2019
:108AF000536C61766520737472696E677320696E5A
:108B000020706172616C6C656C3A200061202D20D0
:108B100043656C6C7320696E2053657269657320C0
:108B200070657220537472696E673A20000000000D
:108B300062202D20736574706F696E7420313A2045
:108B40000000000063202D20534F43207365747094
:108B50006F696E7420313A002500000064202D20DA
:108B6000736574706F696E7420323A2000000000E3
:108B700065202D20534F4320736574706F696E74A8
:108B800020323A200000000067202D2053746F72BD
:108B900061676520536574706F696E743A200000D8
:108BA00068202D204469736368617267652043758E
:108BB0007272656E74205461706572204F666673C0
:108BC00065743A20000000006A202D204469736318
:108BD00068617267652043757272656E74205465B2
:108BE0006D7065726174757265204465726174653B
:108BF000203A20006B202D2043656C6C2044697363
:108C000063686172676520566F6C746167652048A0
:108C10007973746572657369733A20006D41200041
:108C2000457874656E6465642049443A203078253F
:108C30002E386C582020444C433A202531642020A3
:108C4000446174613A0000002C3078252E336C5852
:108C50002C66616C73652C25316400002052454DF3
:108C60004F54452052455155455354204652414D8D
:108C7000450000002C203078252E325800000000DE
:108C8000496E7075743A200031204F4E202000004C
:108C900031204F464620000032204F4E2020000059
:108CA00032204F464620000033204F4E2020000047
:108CB00033204F464620000034204F4E2020000035
:108CC00034204F4646200000737461742E7478740B
:108CD0003D000000204163746976652000000000BB
:108CE000736F632E76616C3D00000000736F63311B
:108CF0002E76616C3D00000063757272656E742E95
:108D000076616C3D0000000074656D702E76616CBC
:108D10003D00000074656D706C6F772E76616C3D60
:108D20000000000074656D70686967682E76616C7C
:108D30003D000000766F6C742E76616C3D00000083
:108D40006C6F7763656C6C2E76616C3D0000000083
:108D50006869676863656C6C2E76616C3D00000025
:108D60006669726D2E76616C3D00000063656C6C07
:108D700064656C74612E76616C3D000063656C6C9B
:108D800062616C2E76616C3D000000004745542006
:108D9000444154412046524F4D2049443A2000005E
:108DA00020202021212120536572696573204365AD
:108DB0006C6C73204661756C7420212121000000C9
:108DC0005374617274696E67207570210000000031
:108DD00053696D70424D53205632205465736C6157
:108DE00000000000526561736F6E20666F72206C28
:108DF0006173742052657365743A200053746F7008
:108E0000204D6F64652041636B6E6F776C6564679E
:108E100065204572726F72205265736574000000A0
:108E20004D444D2D41502052657365740000000083
:108E3000536F6674776172652052657365740000C4
:108E4000436F7265204C6F636B7570204576656E5D
:108E50007420526573657400506F7765722D6F6E64
:108E6000205265736574000045787465726E616C9C
:108E70002050696E205265736574000057617463F9
:108E800068646F6728434F502920526573657400EA
:108E90004C6F7373206F662045787465726E616CD9
:108EA00020436C6F636B2052657365740000000093
:108EB0004C6F7373206F66204C6F636B20696E205C
:108EC000504C4C2052657365740000004C6F772D38
:108ED000766F6C74616765204465746563742052B5
:108EE00065736574000000005374617274656420DA
:108EF00073657269616C20696E7465726661636521
:108F000020746F20424D532E0000000041626F72AA
:108F10007420696E2043414E20626567696E2E2081
:108F2000436F756C646E27742066696E64206120DF
:108F30007375697461626C65206261756420636F2A
:108F40006E666967210000006E616E00696E6600E2
:108F50006F7666004C435F434F4C4C4154450000D4
:108F60004C435F4354595045000000004C435F4D53
:108F70004F4E4554415259004C435F4E554D45525A
:108F8000494300004C435F54494D45004C435F4DFD
:108F90004553534147455300494E46004E414E000C
:108FA000303132333435363738396162636465665F
:108FB0000000000030313233343536373839414221
:108FC0004344454600000000286E756C6C29000083
:108FD00042616C6C6F63207375636365656465647F
:108FE000000000002F566F6C756D65732F646174FF
:108FF000612F6A656E6B696E732F776F726B73701A
:109000006163652F474E552D746F6F6C636861699E
:109010006E2F61726D2D31352F7372632F6E6577F0
:109020006C69622D63796777696E2F6E65776C69FD
:10903000622F6C6962632F7374646C69622F6D7048
:109040007265632E630000002C2066756E63746980
:109050006F6E3A2000000000617373657274696F6F
:109060006E2022257322206661696C65643A206651
:10907000696C6520222573222C206C696E65202581
:1090800064257325730A0000496E66696E697479F8
:10909000000000004E614E002F566F6C756D6573B9
:1090A0002F646174612F6A656E6B696E732F776FC1
:1090B000726B73706163652F474E552D746F6F6CC3
:1090C000636861696E2F61726D2D31352F73726324
:1090D0002F6E65776C69622D63796777696E2F6E85
:1090E00065776C69622F6C6962632F7374646C6955
:1090F000622F64746F612E6300FFFFFF00070E098B
:109100001C1B1215383F363124232A2D70777E79A7
:109110006C6B6265484F464154535A5DE0E7EEE997
:10912000FCFBF2F5D8DFD6D1C4C3CACD90979E9987
:109130008C8B8285A8AFA6A1B4B3BABDC7C0C9CE77
:10914000DBDCD5D2FFF8F1F6E3E4EDEAB7B0B9BE67
:10915000ABACA5A28F88818693949D9A2720292E57
:109160003B3C35321F18111603040D0A5750595E47
:109170004B4C45426F68616673747D7A898E878037
:1091800095929B9CB1B6BFB8ADAAA3A4F9FEF7F027
:10919000E5E2EBECC1C6CFC8DDDAD3D4696E676017
:1091A00075727B7C51565F584D4A4344191E171007
:1091B00005020B0C21262F283D3A33344E494047F7
:1091C00052555C5B7671787F6A6D64633E393037E7
:1091D00022252C2B0601080F1A1D1413AEA9A0A7D7
:1091E000B2B5BCBB9691989F8A8D8483DED9D0D7C7
:1091F000C2C5CCCBE6E1E8EFFAFDF4F300070E09B7
:109200001C1B1215383F363124232A2D70777E79A6
:109210006C6B6265484F464154535A5DE0E7EEE996
:10922000FCFBF2F5D8DFD6D1C4C3CACD90979E9986
:109230008C8B8285A8AFA6A1B4B3BABDC7C0C9CE76
:10924000DBDCD5D2FFF8F1F6E3E4EDEAB7B0B9BE66
:10925000ABACA5A28F88818693949D9A2720292E56
:109260003B3C35321F18111603040D0A5750595E46
:109270004B4C45426F68616673747D7A898E878036
:1092800095929B9CB1B6BFB8ADAAA3A4F9FEF7F026
:10929000E5E2EBECC1C6CFC8DDDAD3D4696E676016
:1092A00075727B7C51565F584D4A4344191E171006
:1092B00005020B0C21262F283D3A33344E494047F6
:1092C00052555C5B7671787F6A6D64633E393037E6
:1092D00022252C2B0601080F1A1D1413AEA9A0A7D6
:1092E000B2B5BCBB9691989F8A8D8483DED9D0D7C6
:1092F000C2C5CCCBE6E1E8EFFAFDF4F3220324800B
:10930000228024031F1F08091F1F1F1F1F1F031F69
:1093100000131F1F08091F1F1F1F1F1F1F1F850569
:10932000040607841F1F435F40531A121F1B1D1E94
:10933000050E08090D0C06070F040013031F050E88
:1093400008090D0C06070F041F1F1F1F1F1F1F1FDB
:109350001F1F4053435F1A16171B1D1E00FFFFFF00
:10936000000000000000000099AF0000C1AF000045
:109370004DB0000049B0000045B0000041B0000011
:109380003DB0000061AF000025B0000021B000003A
:1093900019B0000011B0000009B00000F9AF0000E2
:1093A000E9AF0000E5AF0000DDAF0000D5AF000081
:1093B00041AF000049AF000051AF000059AF0000BD
:1093C000A5AF00008DAF000000000000000000000D
:1093D00089B00000B1B0000049B1000045B1000003
:1093E00041B100003DB1000039B1000051B00000B2
:1093F00015B1000011B1000009B1000001B1000079
:10940000F9B00000E9B00000D9B00000D5B000000C
:10941000CDB00000C5B00000ADB100008DB10000BE
:109420006DB100004DB1000095B000007DB00000AE
:10943000000000000000000005B200002DB2000096
:10944000C5B20000C1B20000BDB20000B9B2000058
:10945000B5B20000CDB1000091B200008DB20000A5
:1094600085B200007DB2000075B2000065B2000058
:1094700055B2000051B2000049B2000041B20000F4
:1094800029B3000009B30000E9B20000C9B200002E
:1094900011B20000F9B100006FF07F030370037890
:1094A00013F0800FFBD070474008FE4340A00440FB
:1094B0004408FE4344A004400018FE4300C004409A
:1094C0003000FE43309004403400FE4334900440AA
:1094D0001C18FE431CC004401018FE4310C004407A
:1094E0000818FE4308C004400C18FE430CC004409A
:1094F0000C10FE430CB004401010FE4310B00440AA
:109500001810FE4318B004401C10FE431CB0044069
:109510001410FE4314B004400418FE4304C0044079
:109520000010FE4300B004400008FE4300A00440C9
:109530000408FE4304A004400C08FE430CA00440B1
:109540000808FE4308A004401418FE4314C0044059
:109550001818FE4318C004400410FE4304B0044031
:109560000810FE4308B004401400FE431490044069
:109570004C08FE434CA004400420FE4304D00440A9
:109580002410FE4324B004402010FE4320B00440C9
:109590002810FE4328B004402C10FE432CB0044099
:1095A0000020FE4300D004404808FE4348A0044089
:1095B0001000FE4310900440000000000000000076
:1095C000CDE60000C5E60000C1E60000BDE60000F3
:1095D000B9E60000B5E60000B1E60000ADE6000027
:1095E0000015191500010000E088FF1F120000009F
:1095F000000200009C88FF1F4300000000030000E1
:109600009888FF1F00000000010309048088FF1FE5
:1096100000000000020309046888FF1F000000002A
:10962000030309045088FF1F000000000000000031
:109630000000000000000000D1F71737D1F717B77E
:109640008071313F807131BF0000003F000000BFDA
:109650006042A20D0000803F00202020202020201A
:1096600020202828282828202020202020202020D2
:1096700020202020202020202088101010101010E2
:10968000101010101010101010040404040404042E
:1096900004040410101010101010414141414141C8
:1096A00001010101010101010101010101010101AA
:1096B00001010101101010101010424242424242BA
:1096C000020202020202020202020202020202027A
:1096D0000202020210101010200000000000000022
:1096E000000000000000000000000000000000007A
:1096F000000000000000000000000000000000006A
:109700000000000000000000000000000000000059
:109710000000000000000000000000000000000049
:109720000000000000000000000000000000000039
:109730000000000000000000000000000000000029
:109740000000000000000000000000000000000019
:10975000000000000000000000FFFFFF303030304C
:109760003030303030303030303030302020202039
:109770002020202020202020202020200500000064
:10978000190000007D0000000080E03779C34143EC
:10979000176E05B5B5B89346F5F93FE9034F384D57
:1097A000321D30F94877825A3CBF737FDD4F157503
:1097B000000000000000F03F000000000000244016
:1097C00000000000000059400000000000408F40F1
:1097D000000000000088C34000000000006AF8405C
:1097E0000000000080842E4100000000D012634180
:1097F0000000000084D797410000000065CDCD41F6
:10980000000000205FA00242000000E876483742D6
:10981000000000A2941A6D42000040E59C30A24274
:109820000000901EC4BCD64200003426F56B0C43E9
:109830000080E03779C3414300A0D8855734764390
:1098400000C84E676DC1AB43003D9160E458E143F1
:10985000408CB5781DAF154450EFE2D6E41A4B4466
:1098600092D54D06CFF08044F64AE1C7022DB544AB
:10987000B49DD9794378EA443030303030303030DC
:109880003030303030303030202020202020202058
:109890002020202020202020F8B500BFF8BC08BCE4
:1098A0009E46704719170100350400008997000093
:0498B00051AD0000B6
:0498B400F8B500BF44
:0898B800887DFF7F0100000024
:1098C0000100000002000000010000000100000093
:1098D00038060000180600000A0000001000000012
:1098E000640000000100000053494D502045434FE3
:1098F00053494D5020424D53640000003200000097
:109900003200000050460000640000000000A0404B
:109910000D0E03000000010100010101010201011F
:109920000202010203010203020204020205020212
:1099300005030206030207030207040307040307E3
:1099400005040705040706050706060706060707B8
:10995000070707006893010000000000E80300000B
:109960000000000091DC0000D09301000000000026
:10997000E80300000000000095DC000038940100BE
:1099800000000000E80300000000000099DC000077
:10999000040A000020BFFF1F08010000280000008B
:1099A0001A00000040000000400000000A0900000A
:1099B000280000001A0000004000000028000000FD
:1099C00008000000280000001A000000400000000D
:1099D0002800000001010100C09501000000000006
:1099E000E803000000000000FFFFFFFF010000008F
:1099F0000C03000000000000000000000000000058
:109A00000000000000000000160355005300420053
:109A10002000530065007200690061006C000000C6
:109A200018035400650065006E007300790064003F
:109A3000750069006E006F00040309040902430009
:109A4000020100C0320904000001020201000524E5
:109A5000001001052401010104240206052406006A
:109A6000010705820310004009040100020A0000FA
:109A700000070503024000000705840240000000C3
:109A80001201100102000040C01683047502010299
:109A900003010000FFFFFFFF0000020000000000C4
:109AA00000000000000000000089FF1F0089FF1F68
:109AB0000889FF1F0889FF1F1089FF1F1089FF1FDA
:109AC0001889FF1F1889FF1F2089FF1F2089FF1F8A
:109AD0002889FF1F2889FF1F3089FF1F3089FF1F3A
:109AE0003889FF1F3889FF1F4089FF1F4089FF1FEA
:109AF0004889FF1F4889FF1F5089FF1F5089FF1F9A
:109B00005889FF1F5889FF1F6089FF1F6089FF1F49
:109B10006889FF1F6889FF1F7089FF1F7089FF1FF9
:109B20007889FF1F7889FF1F8089FF1F8089FF1FA9
:109B30008889FF1F8889FF1F9089FF1F9089FF1F59
:109B40009889FF1F9889FF1FA089FF1FA089FF1F09
:109B5000A889FF1FA889FF1FB089FF1FB089FF1FB9
:109B6000B889FF1FB889FF1FC089FF1FC089FF1F69
:109B7000C889FF1FC889FF1FD089FF1FD089FF1F19
:109B8000D889FF1FD889FF1FE089FF1FE089FF1FC9
:109B9000E889FF1FE889FF1FF089FF1FF089FF1F79
:109BA000F889FF1FF889FF1F008AFF1F008AFF1F27
:109BB000088AFF1F088AFF1F108AFF1F108AFF1FD5
:109BC000188AFF1F188AFF1F208AFF1F208AFF1F85
:109BD000288AFF1F288AFF1F308AFF1F308AFF1F35
:109BE000388AFF1F388AFF1F408AFF1F408AFF1FE5
:109BF000488AFF1F488AFF1F508AFF1F508AFF1F95
:109C0000588AFF1F588AFF1F608AFF1F608AFF1F44
:109C1000688AFF1F688AFF1F708AFF1F708AFF1FF4
:109C2000788AFF1F788AFF1F808AFF1F808AFF1FA4
:109C3000888AFF1F888AFF1F908AFF1F908AFF1F54
:109C4000988AFF1F988AFF1FA08AFF1FA08AFF1F04
:109C5000A88AFF1FA88AFF1FB08AFF1FB08AFF1FB4
:109C6000B88AFF1FB88AFF1FC08AFF1FC08AFF1F64
:109C7000C88AFF1FC88AFF1FD08AFF1FD08AFF1F14
:109C8000D88AFF1FD88AFF1FE08AFF1FE08AFF1FC4
:109C9000E88AFF1FE88AFF1FF08AFF1FF08AFF1F74
:109CA000F88AFF1FF88AFF1F008BFF1F008BFF1F22
:109CB000088BFF1F088BFF1F108BFF1F108BFF1FD0
:109CC000188BFF1F188BFF1F208BFF1F208BFF1F80
:109CD000288BFF1F288BFF1F308BFF1F308BFF1F30
:109CE000388BFF1F388BFF1F408BFF1F408BFF1FE0
:109CF000488BFF1F488BFF1F508BFF1F508BFF1F90
:109D0000588BFF1F588BFF1F608BFF1F608BFF1F3F
:109D1000688BFF1F688BFF1F708BFF1F708BFF1FEF
:109D2000788BFF1F788BFF1F808BFF1F808BFF1F9F
:109D3000888BFF1F888BFF1F908BFF1F908BFF1F4F
:109D4000988BFF1F988BFF1FA08BFF1FA08BFF1FFF
:109D5000A88BFF1FA88BFF1FB08BFF1FB08BFF1FAF
:109D6000B88BFF1FB88BFF1FC08BFF1FC08BFF1F5F
:109D7000C88BFF1FC88BFF1FD08BFF1FD08BFF1F0F
:109D8000D88BFF1FD88BFF1FE08BFF1FE08BFF1FBF
:109D9000E88BFF1FE88BFF1FF08BFF1FF08BFF1F6F
:109DA000F88BFF1FF88BFF1F008CFF1F008CFF1F1D
:109DB000088CFF1F088CFF1F108CFF1F108CFF1FCB
:109DC000188CFF1F188CFF1F208CFF1F208CFF1F7B
:109DD000288CFF1F288CFF1F308CFF1F308CFF1F2B
:109DE000388CFF1F388CFF1F408CFF1F408CFF1FDB
:109DF000488CFF1F488CFF1F508CFF1F508CFF1F8B
:109E0000588CFF1F588CFF1F608CFF1F608CFF1F3A
:109E1000688CFF1F688CFF1F708CFF1F708CFF1FEA
:109E2000788CFF1F788CFF1F808CFF1F808CFF1F9A
:109E3000888CFF1F888CFF1F908CFF1F908CFF1F4A
:109E4000988CFF1F988CFF1FA08CFF1FA08CFF1FFA
:109E5000A88CFF1FA88CFF1FB08CFF1FB08CFF1FAA
:109E6000B88CFF1FB88CFF1FC08CFF1FC08CFF1F5A
:109E7000C88CFF1FC88CFF1FD08CFF1FD08CFF1F0A
:109E8000D88CFF1FD88CFF1FE08CFF1FE08CFF1FBA
:109E9000E88CFF1FE88CFF1FF08CFF1FF08CFF1F6A
:109EA000F88CFF1FF88CFF1F00000000030000006B
:109EB00040BCFF1F43000000000000000000000045
:109EC0000000000000000000000000000000000092
:109ED000000000004300000000000000000000003F
:109EE0000000000000000000000000000000000072
:109EF000000000004300000000000000000000001F
:109F00000000000000000000000000000000000051
:109F100000000000430000000000000000000000FE
:109F20000000000000000000000000000000000031
:109F300000000000430000000000000000000000DE
:109F40000000000000000000000000000000000011
:109F500000000000430000000000000000000000BE
:109F600000000000000000000000000000000000F1
:109F7000000000004300000000000000000000009E
:109F800000000000000000000000000000000000D1
:109F9000000000004300000000000000000000007E
:109FA00000000000000000000000000000000000B1
:109FB00000000000000000000000000000000000A1
:109FC0000000000000000000000000000000000091
:109FD0000000000000000000000000000000000081
:109FE0000000000000000000000000000000000071
:109FF0000000000000000000000000000000000061
:10A000000000000000000000000000000000000050
:10A010000000000000000000000000000000000040
:10A020000000000000000000000000000000000030
:10A030000000000000000000000000000000000020
:10A040000000000000000000000000000000000010
:10A050000000000000000000000000000000000000
:10A0600000000000000000000000000000000000F0
:10A07000000000000000000000000000514401004A
:10A08000FD1901000000000058960100CC8001007D
:10A0900044800100448001004480010044800100AC
:10A0A000448001004480010044800100448001009C
:10A0B00044800100FFFFFFFFFFFFFFFFFFFFFFFFE7
:10A0C000FFFF000001004153434949000000000028
:10A0D0000000000000000000000000000000000080
:10A0E0000000000000004153434949000000000007
:10A0F0000000000000000000000000000000000060
:10A100000000000000000000708FFF1F0000000032
:10A110000000000040BCFF1FA8BCFF1F10BDFF1FB8
:10A12000000000000000000000000000000000002F
:10A13000000000000000000000000000000000001F
:10A14000000000000000000000000000000000000F
:10A1500000000000000000000000000000000000FF
:10A1600000000000000000000000000000000000EF
:10A1700000000000000000000000000000000000DF
:10A1800000000000000000000000000000000000CF
:10A1900000000000000000000000000000000000BF
:10A1A00000000000000000000100000000000000AE
:10A1B0000E33CDAB34126DE6ECDE05000B00000073
:10A1C000000000000000000000000000000000008F
:10A1D000000000000000000000000000000000007F
:10A1E000000000000000000000000000000000006F
:10A1F000000000000000000000000000000000005F
:10A20000000000000000000000000000000000004E
:10A21000000000000000000000000000000000003E
:10A22000000000000000000000000000000000002E
:10A23000000000000000000000000000000000001E
:10A24000000000000000000000000000000000000E
:10A2500000000000000000000000000000000000FE
:10A2600000000000000000000000000000000000EE
:10A2700000000000000000000000000000000000DE
:10A2800000000000000000000000000000000000CE
:10A2900000000000000000000000000000000000BE
:10A2A00000000000000000000000000000000000AE
:10A2B000000000000000000000000000000000009E
:10A2C000000000000000000000000000000000008E
:10A2D000000000000000000000000000000000007E
:10A2E000000000000000000000000000000000006E
:10A2F000000000000000000000000000000000005E
:10A30000000000000000000000000000000000004D
:04A3100080BDFF1FEE
:00000001FF
