:1000000000800020BD01000041B80000F9B70000E9
:10001000F9B70000F9B70000F9B70000F9B7000020
:10002000F9B70000F9B70000F9B7000041B80000C7
:1000300041B80000F9B7000085E3000089E3000043
:1000400041B8000041B8000041B8000041B80000CC
:1000500041B8000041B8000041B8000041B80000BC
:1000600041B8000041B8000041B8000041B80000AC
:1000700041B8000041B8000041B8000041B800009C
:1000800041B8000041B8000041B8000041B800008C
:1000900041B8000041B8000041B8000041B800007C
:1000A00041B8000041B8000041B8000041B800006C
:1000B00041B8000075B3000081B3000085B30000B3
:1000C00091B3000095B3000099B3000041B800005F
:1000D00041B8000041B8000041B8000041B800003C
:1000E00041B8000041B8000041B8000041B800002C
:1000F00041B80000F1C4000041B8000049CC000044
:1001000041B80000CDD1000041B8000041B8000066
:1001100041B8000041B8000041B8000041B80000FB
:1001200041B8000041B8000041B8000041B80000EB
:1001300041B8000041B8000041B8000041B80000DB
:1001400041B8000041B8000041B8000041B80000CB
:1001500041B8000041B8000041B8000041B80000BB
:1001600041B800005DD4000041B8000041B8000073
:1001700041B8000041B8000041B8000041B800009B
:1001800041B8000041B8000041B8000041B800008B
:1001900041B8000041B8000041B8000041B800007B
:1001A00041B8000041B8000041B8000041B800006B
:1001B00041B8000041B8000041B80000564B4CF275
:1001C000205210B51A804DF628121A8000BF00BFC9
:1001D0000BF03AFB514B4FF010621A60504A9A6094
:1001E000504ADA60504A136813F4807304D14F49BF
:1001F0000B604FF4A85313604D4B1A78110703D5C9
:100200001A7842F008021A704A4B4B492A221A7097
:100210004A4A4B4B8B4204D252F8040F43F8040B6A
:10022000F8E7484B484900228B4202D243F8042B9E
:10023000FAE74649464A002352F8230041F82300D2
:1002400001336F2BF8D1434B434A802103F8011B44
:100250009342FBD1414B3D4A1A60414B8A221A70AE
:10026000A3F5805324225A70A0221A709A7992071B
:10027000FCD59A79D406FCD43A4A937903F00C035E
:10028000082B384BF9D103221A7140225A719A79FE
:100290009006FCD5334A9179324B4906FBD5324A58
:1002A000324911600221516020221A709A7902F0BD
:1002B0000C020C2AFAD12E4B2E4A1A602E4B2F4AD2
:1002C0001A6000225A60072243F8042C2C4AC3F813
:1002D0000C2D62B60BF06EFD144B1B68DA0705D5CA
:1002E00028480BF04BFB284B284A1A60284B1B78F8
:1002F0005B0609D5244C254B22689A4204D121483B
:100300000BF03CFB0023236010F0A8FF0BF0A2FAD7
:100310000EF0B8FBFEE700BF0E2005403080044021
:10032000823F04000100002B10D0034014D0034092
:1003300002D0074000E007406892FF1F947101005F
:100340002087FF1F6892FF1F18BDFF1F0082FF1F3D
:100350000000000000E400E05FE400E008ED00E0E1
:100360000050064000400640448004400000030165
:1003700004800440C010050014E000E0FF76010096
:100380000000202097F235611CE00340A5C3945A79
:1003900000F00740FFFFFFFFFFFFFFFFFFFFFFFF32
:1003A000FFFFFFFFFFFFFFFFFFFFFFFFFFFFFFFF5D
:1003B000FFFFFFFFFFFFFFFFFFFFFFFFFFFFFFFF4D
:1003C000FFFFFFFFFFFFFFFFFFFFFFFFFFFFFFFF3D
:1003D000FFFFFFFFFFFFFFFFFFFFFFFFFFFFFFFF2D
:1003E000FFFFFFFFFFFFFFFFFFFFFFFFFFFFFFFF1D
:1003F000FFFFFFFFFFFFFFFFFFFFFFFFFFFFFFFF0D
:10040000FFFFFFFFFFFFFFFFFFFFFFFFDEF9FFFF23
:1004100010B5054C237833B9044B13B10448AFF33E
:1004200000800123237010BD6892FF1F00000000B0
:1004300090710100084B10B51BB108490848AFF393
:1004400000800848036803B910BD074B002BFBD0A0
:10045000BDE81040184700BF000000006C92FF1F6D
:10046000907101006892FF1F00000000F0B400F1DD
:1004700014060F4F00243146031F00F12C0243F8ED
:10048000044FB34241F8047F4FF0000542F8044F97
:10049000F5D1084B084985640022C56405654565AA
:1004A000456683650366C16580F88420F0BC7047AB
:1004B0000000A040000048430000C8C200230360C1
:1004C00043608360C3600361436183640365436584
:1004D000836570472DE9F04190F8844084B0002393
:1004E00064008DF80530E4B2012380468DF80440A5
:1004F0008DF80630032720460CF0BCFD02210DF1DB
:1005000005000CF0C1FD8DF8044002F06DFD30B324
:100510000921C9480DF010FE002310222146C748CA
:100520000EF02AF90121C6480DF006FE0023102224
:100530009DF80510C1480EF01FF90121C0480DF0CB
:10054000FBFD002310229DF80610BC480EF014F9A4
:100550000121BB480DF0F0FDB8480EF0FDF8022077
:100560008DF804400BF0D8FB02F03EFD002840F06F
:10057000778102AE00240CF0BBFD002800F026813C
:10058000042C40F0158101E00CF0C2FD0CF0B0FD30
:100590000028F9D102F028FD10B1A8480EF0DCF8CF
:1005A00098F884406400E4B2202204238DF80440CB
:1005B0008DF805208DF80630032720460CF05AFDF3
:1005C00002210DF105000CF05FFD8DF8044002F0F2
:1005D0000BFD30B3092198480DF0AEFD0023102229
:1005E000214696480EF0C8F8012195480DF0A4FD6B
:1005F000002310229DF8051090480EF0BDF801214F
:100600008F480DF099FD002310229DF806108B48AD
:100610000EF0B2F801218A480DF08EFD87480EF0E9
:100620009BF802208DF804400BF076FB02F0DCFC16
:10063000002840F00B8102AE00240CF059FD002888
:1006400000F0A980072C40F0988001E00CF060FDDC
:100650000CF04EFD0028F9D102F0C6FC10B177482D
:100660000EF07AF898F884409DF80B209DF80C3035
:100670009DF80D00C8F870206400E4B29DF80E10DB
:10068000C8F87430332201238DF80440C8F878008C
:10069000C8F87C108DF805208DF806300327204619
:1006A0000CF0E8FC02210DF105000CF0EDFC8DF8DA
:1006B000044002F099FC30B309215F480DF03CFD85
:1006C0000023102221465D480EF056F801215C48B7
:1006D0000DF032FD002310229DF8051057480EF052
:1006E0004BF8012156480DF027FD002310229DF8FC
:1006F000061052480EF040F8012151480DF01CFD43
:100700004E480EF029F802208DF804400BF004FB4F
:1007100002F06AFC002840F09E8002AE00240CF03B
:10072000E7FCF8B1042C0FD101E00CF0F1FC0CF067
:10073000DFFC0028F9D102F057FC10B13F480EF061
:100740000BF804B0BDE8F0810CF0E2FC054606F8B9
:10075000010B02F049FC00285AD101340CF0C8FC0E
:100760000028DFD1042CE2D002F03EFC00285ED14C
:10077000013FE6D09DF8044091E70CF0C9FC054626
:1007800006F8010B02F030FC60BB01340CF0B0FC49
:1007900000287FF457AF072C3FF45AAF02F024FC37
:1007A00000284FD1013F3FF45DAF9DF8044004E7BE
:1007B0000CF0AEFC054606F8010B02F015FCE0B9A2
:1007C00001340CF095FC00287FF4DAAE042C3FF4E1
:1007D000DDAE02F009FC30BB013F3FF4E1AE9DF815
:1007E000044088E6E9B20023102214480DF0C4FF4B
:1007F000012113480DF0A0FCC7E7E9B20023102245
:100800000E480DF0B9FF01210D480DF095FCD7E71A
:10081000E9B20023102209480DF0AEFF012108487B
:100820000DF08AFC99E705480DF096FFD4E70348E0
:100830000DF092FF9CE700BF185401000888FF1FCD
:10084000385A010009480DF087FFABE70721084837
:100850000DF072FCEFE6072105480DF06DFC5CE73A
:10086000072103480DF068FC83E600BF0888FF1FDE
:100870002454010090F87400704700BF90F8700095
:10088000704700BF90F87800704700BF90F87C0078
:10089000704700BF2DE9F04390F8848085B04FEA9F
:1008A00048085FFA88F8322200238DF804808DF81A
:1008B00005208DF8063003250DF1060748F00109E3
:1008C00048460CF0D7FB01AE0DF1050002210CF0FB
:1008D000DBFB8DF804904A46334600205040082444
:1008E00010F0800F4FEA400018BF80F00700013C75
:1008F000C0B2F5D1BB4202D013F8012FEEE70CF0E5
:10090000B9FB02F071FB00284AD102208DF8048067
:100910000BF002FA02F068FB002840F081800DF134
:10092000080800240CF0E4FB08B3042C12D101E009
:100930000CF0EEFB0CF0DCFB0028F9D102F054FBCC
:1009400010B13A480DF008FF02200BF0E5F905B0B0
:10095000BDE8F0830CF0DCFB08F8010B064602F062
:1009600043FB70B901340CF0C3FB0028DDD1042C2B
:10097000E0D002F039FB78B9013DE5D09DF8048064
:100980009CE7F1B20023102228480DF0F5FE01216A
:1009900027480DF0D1FBE5E724480DF0DDFEEBE73D
:1009A000092124480DF0C8FB2346102249461F4860
:1009B0000DF0E2FE01211E480DF0BEFB2346102281
:1009C0009DF8051019480DF0D7FE012118480DF0CB
:1009D000B3FB102223469DF8061014480DF0CCFE00
:1009E000012113480DF0A8FB21460DF1070216F86E
:1009F000014B6140C9B2082311F0800F4FEA410159
:100A000018BF81F00701013BC9B2F5D1B242EED166
:100A1000102206480DF0B0FE04480DF09DFE74E76C
:100A2000072105480DF088FB79E700BF0888FF1F04
:100A3000385A010018540100245401002DE9F04FE8
:100A4000074691B097F8843002205B008DF808309B
:100A50000BF062F997F8843038465B008DF8083067
:100A6000FFF738FDB86FFC6F7B6F3A6F97F8841013
:100A70008DE81100C94802F0BDFB30223D238DF8FE
:100A800009208DF80A3003260DF10A059DF808901B
:100A900049F0010840460CF0EDFA0DF10900022181
:100AA0000CF0F2FA8DF80880424602AB002050406C
:100AB000082410F0800F4FEA400018BF80F00700B4
:100AC000013CC0B2F5D1AB4202D013F8012FEEE7E2
:100AD0000CF0D0FA02F088FA002840F07D82022063
:100AE0008DF808900BF018F902F07EFA002840F01B
:100AF000B9820DF10C0AD14600240CF0F9FA002855
:100B000043D0032C34D101E00CF002FB0CF0F0FADE
:100B10000028F9D102F068FA10B1A1480DF01CFECE
:100B2000312303268DF809308DF80A609DF808906E
:100B300049F0010840460CF09DFA0DF10900022130
:100B40000CF0A2FA8DF80880424602AB002050401B
:100B5000082410F0800F4FEA400018BF80F0070013
:100B6000013CC0B2F5D19D4228D013F8012FEEE729
:100B70000CF0CEFA09F8010B804602F035FA68B99C
:100B800001340CF0B5FA0028BBD1032CBED002F022
:100B90002BFA78B9013E7FF479AFC1E75FFA88F1AB
:100BA000002310227E480DF0E7FD01217D480DF065
:100BB000C3FAE5E77A480DF0CFFDEBE70CF05AFAFF
:100BC00002F012FA002840F0C68102208DF8089049
:100BD0000BF0A2F802F008FA002840F03E820DF176
:100BE0000C0900240CF084FA002844D0032C35D1E1
:100BF00001E00CF08DFA0CF07BFA0028F9D102F03C
:100C0000F3F910B166480DF0A7FD342201238DF8E9
:100C100009208DF80A3003269DF8089049F0010854
:100C200040460CF027FA0DF1090002210CF02CFAD5
:100C30008DF80880424602AB00205040082410F096
:100C4000800F4FEA400018BF80F00700013CC0B29F
:100C5000F5D1AB4228D013F8012FEEE70CF058FA8B
:100C600009F8010B804602F0BFF968B901340CF0B5
:100C70003FFA0028BAD1032CBDD002F0B5F978B9FB
:100C8000013E7FF453AFC0E75FFA88F100231022E2
:100C900043480DF071FD012142480DF04DFAE5E7A2
:100CA0003F480DF059FDEBE70CF0E4F902F09CF938
:100CB000002840F00F8102208DF808900BF02CF8EE
:100CC00002F092F9002840F0D7810DF10C090024C0
:100CD0000CF00EFA002800F08580032C73D101E09F
:100CE0000CF016FA0CF004FA0028F9D102F07CF9A5
:100CF00010B12B480DF030FD012212238DF8092090
:100D00008DF80A304FF003089DF8084020460CF09B
:100D1000B1F902210DF109000CF0B6F98DF8084087
:100D200002F062F930B309211F480DF005FA0023E3
:100D3000102221461A480DF01FFD012119480DF01F
:100D4000FBF9002310229DF8091015480DF014FD41
:100D5000012114480DF0F0F9002310229DF80A102B
:100D60000F480DF009FD01210E480DF0E5F90C4882
:100D70000DF0F2FC06208DF808400AF0CDFF02F0DD
:100D800033F9002840F0738103AD00260CF0B0F970
:100D9000002840D0162E30D10AE000BF2C540100AC
:100DA0000888FF1F385A0100185401000CF0B0F9F0
:100DB0000CF09EF90028F9D102F016F91626002849
:100DC0007DD1152035E00CF0A3F909F8010B804620
:100DD00002F00AF900285BD101340CF089F90028EF
:100DE0007FF47BAF032C3FF47DAF02F0FDF80028C9
:100DF0006CD1013E7FF410AF7EE70CF089F905F865
:100E0000010B044602F0F0F800284DD101360CF039
:100E10006FF90028BED1162ECAD002F0E5F80028DE
:100E20004DD1B8F101087FF46FAF701E002840F378
:100E30003582002303AA1C4612F8011B08254C40EA
:100E400014F0800F4FEA440418BF84F00704013DFA
:100E5000E4B2F5D101338342EEDB9DF8218089486D
:100E60004146224602F0C6F9162EC146A34602D1DB
:100E7000A04500F0138197F884108348CDF800B0A6
:100E80004B46324602F0E4F9002011B0BDE8F08F85
:100E90005FFA88F1002310227C480DF06DFC0121DF
:100EA0007B480DF049F997E7E1B20023102277481B
:100EB0000DF062FC012176480DF03EF9A6E773487B
:100EC0000DF04AFC162EACD11520B2E76F480DF09C
:100ED00043FC8EE709216F480DF02EF923461022BE
:100EE00041466A480DF048FC012169480DF024F99B
:100EF000234610229DF8091064480DF03DFC0121A5
:100F000063480DF019F9102223469DF80A105F4836
:100F10000DF032FC01215E480DF00EF921460DF175
:100F20000B0002AA12F8014B6140C9B2082311F06C
:100F3000800F4FEA410118BF81F00701013BC9B2A0
:100F4000F5D19042EED1102250480DF015FC4F48DB
:100F50000DF002FCAFE609214E480DF0EDF82346F6
:100F60001022414649480DF007FC012148480DF088
:100F7000E3F8234610229DF8091044480DF0FCFBCD
:100F8000012143480DF0D8F8102223469DF80A109D
:100F90003E480DF0F1FB01213D480DF0CDF8214612
:100FA0000DF10B0002AA12F8014B6140C9B20823EF
:100FB00011F0800F4FEA410118BF81F00701013B9A
:100FC000C9B2F5D19042EED1102230480DF0D4FBD9
:100FD0002E480DF0C1FBF8E509212E480DF0ACF8C4
:100FE00023461022414629480DF0C6FB012128481E
:100FF0000DF0A2F8234610229DF8091023480DF0A9
:10100000BBFB012122480DF097F8102223469DF8E2
:101010000A101E480DF0B0FB01211D480DF08CF8A0
:1010200021460DF10B0002AA12F8014B6140C9B232
:10103000082311F0800F4FEA410118BF81F007012A
:10104000013BC9B2F5D19042EED110220F480DF00C
:1010500093FB0E480DF080FB41E507210E480DF093
:101060006BF8BCE507210C480DF066F841E5072157
:1010700009480DF061F887E6072107480DF05CF894
:1010800023E600BF60540100AC5401000888FF1F34
:10109000385A010018540100245401009DF80C3006
:1010A00097F88420B3EB420F7FF4EEAE9DF80D303D
:1010B000012B7FF4E9AE9DF80E30122B7FF4E4AEE5
:1010C0009DF810309DF80F0003EB00200FF04AFE52
:1010D0008B490FF09BFE796EF864044610F052F8CD
:1010E00000B17C66396E204610F02EF800B13C66E7
:1010F0003D1FAB4607F1180807F130064FF0000915
:101100009AF806309AF8050003EB00200FF02AFE4B
:101110007C490FF07BFE4BF8040FD8F80010044612
:1011200010F012F809F101090AF1020A30B1B96EA2
:10113000204610F01DF808B1C8F80040316820467C
:1011400010F020F808F1040800B13460B9F1060F7E
:1011500006F10406D4D10020B86407F1140455F850
:10116000041F0FF04BFDAC42F9D19DF81D209DF8F6
:101170001E30B86403EB022002300FF0F3FD624929
:101180000FF0F8FE014661480FF0F4FE60490FF0E1
:1011900033FD60490FF03AFE05460DF0A5FE04460A
:1011A00028460DF0A1FE5C490DF010FF5B49054695
:1011B00020460FF02BFE5A490FF020FD59490446F6
:1011C00028460FF023FE014620460FF017FD01468A
:1011D0004FF07E500FF0CEFE53490FF00DFD9DF8FD
:1011E0001F209DF82030386503EB022009300FF0F6
:1011F000B9FD4E490FF0BEFE014644480FF0BAFE5D
:1012000043490FF0F9FC43490FF000FE05460DF08D
:101210006BFE044628460DF067FE3F490DF0D6FEF2
:101220003E49054620460FF0F1FD3D490FF0E6FC32
:101230003C49044628460FF0E9FD014620460FF0E0
:10124000DDFC01464FF07E500FF094FE36490FF062
:10125000D3FCD7F8808078650446B8F1000F3BD105
:101260003D6D29462E460FF08DFF68B32946B86DB7
:101270000FF088FFE0B1BD65B8F1000F17D008F19D
:10128000130657F82640F96D20460FF07BFF00B19A
:10129000FC65274801F0AEFF0120F6E59DF821909E
:1012A000244849464246C34601F0A4FFE3E53E6DAB
:1012B000314620460FF066FFC8B1F96D20460FF0A9
:1012C00061FF0028E4D1E4E7B96D20460FF03CFF50
:1012D0000028EDD02546CEE708F11306B96D57F882
:1012E000265028460FF030FF0028C4D1C9E7314608
:1012F000F86D0FF029FF0028CBD03446C8E700BFB7
:101300006B57053B2003C839001601470AD7E33F56
:10131000E17A644000007A4400004040A40D8F3917
:101320005A80473A46A6DB3333938843002C014763
:101330008454010060540100052994BF50F8210035
:10134000002070472DE9F0410B4E8046041F00F14C
:10135000140754F8045F314628460FF0F5FE30B10B
:10136000D8F8681028460FF00DFF00B12E46BC4299
:10137000EFD13046BDE8F08100002041F8B50026ED
:10138000041F00F1140754F8045F314628460FF09B
:10139000F9FE00B12E46BC42F5D13046F8BD00BF83
:1013A0002DE9F047876E82464FF00009041F00F1D7
:1013B00014064FF0000854F8045F394628460FF031
:1013C000E1FE0D4950B128460FF0BEFE30B148464F
:1013D00029460FF013FC08F101088146B442EAD116
:1013E000CAF8888040460FF0BDFC014648460FF021
:1013F000C1FDBDE8F08700BF00007042D0F8880052
:10140000704700BF38B5D0F8803043B9456D046DE2
:10141000294620460FF098FE30B1204638BD1333E0
:1014200050F82340204638BD2C46204638BD00BF2A
:1014300038B5D0F8803043B9446D056D2146284653
:101440000FF082FE30B1204638BD133350F82340F0
:10145000204638BD2C46204638BD00BF08B5D0F820
:1014600080301BB1133350F8230008BD416D006D6F
:101470000FF0C4FB4FF07C510FF0C8FC08BD00BF5B
:10148000806C704701299ABF143150F82100002068
:10149000704700BF3E2998BF80F88410704700BF96
:1014A00090F86C00704700BFC0F88010704700BF14
:1014B00080F86C10704700BF8166704770B500F50A
:1014C0000A5506461C3500F1280420468C34FEF7E8
:1014D000CDFFAC42F9D106F1B40501242846002124
:1014E000FFF7E6FF214628460134FFF7D3FF3F2CE4
:1014F00005F18C05F2D142F2A42400250548064AE4
:10150000064B3555002130617161B261F36130469F
:1015100070BD00BF00007A44000048430000C8C20C
:1015200038B500F50A551C3500F1B40402E08C34DE
:10153000AC420AD02046FFF7B3FF0028F7D0204680
:101540008C34FEF7BBFFAC42F4D138BD2DE9F0413D
:1015500042F2A82300F50A56374600228046C250C0
:101560001C36283700F1B40402E08C34B4420DD0AC
:101570002046FFF795FF0028F7D020463D68FFF78B
:101580003DFF8C342844B4423860F1D142F2A823A4
:1015900058F80300BDE8F0812DE9F04F93B0814683
:1015A00042F2AC231046019201284FF0000206914E
:1015B00049F8032000F0038209F50A532C330793FE
:1015C00009F1B40A4FF0010B5046FFF769FFC0B1B3
:1015D00000263446012531465046D9F80870FFF7F9
:1015E000ABFE014638460FF0AFFD18B105FA06F321
:1015F0001C43E4B20136062EEDD1019B012B0AD02B
:10160000F4B90BF1010BBBF13F0F0AF18C0ADBD1EE
:1016100013B0BDE8F08F5946BD480DF0EDF8032139
:10162000BC480CF089FD214600230222B8480DF089
:10163000A3F80321B8480CF07FFD002C00F01881BE
:101640004FEA4B03DBB21946029343F001039DF8C6
:10165000182003931D46184633238DF826208DF855
:1016600025308DF824100BF005FD0DF12500022129
:101670000BF00AFD09AA05928DF824502A4609AB01
:101680000DF1260600205040082510F0800F4FEA8B
:10169000400018BF80F00700013DC0B2F5D19E4266
:1016A00002D013F8012FEEE70BF0E4FC01F09CFCF4
:1016B000002840F0EC809DF808308DF8243002209E
:1016C0000AF02AFB01F090FC002840F06E810AAB82
:1016D00004931F4600250BF00BFD002844D01E2D5F
:1016E00035D101E00BF014FD0BF002FD0028F9D11B
:1016F00001F07AFC00283DD1019B012B40D0039DD5
:101700009DF808208DF82420322328468DF82530B6
:101710008DF826400BF0AEFC0DF1250002210BF0F8
:10172000B3FC8DF8245009AB2A4600205040082510
:1017300010F0800F4FEA400018BF80F00700013D15
:10174000C0B2F5D19E423BD013F8012FEEE70BF06B
:10175000DFFC07F8010B804601F046FC20BB013599
:101760000BF0C6FC0028BAD11E2DBDD001F03CFC08
:101770000028C1D066480CF0EFFF019B012BBED1C1
:10178000049D0BAF15F8011B6148002310220CF0DB
:10179000F3FF012161480CF0CFFCAF42F2D10321ED
:1017A0005D480CF0C9FCAAE75FFA88F1002310221B
:1017B00057480CF0E1FF012159480CF0BDFCCEE781
:1017C0000BF058FC01F010FC002840F0AD809DF8B3
:1017D00008308DF8243002200AF09EFA01F004FC53
:1017E000002840F0E780049E00250BF081FC00B348
:1017F0001E2D11D101E00BF08BFC0BF079FC0028C1
:10180000F9D101F0F1FBD0B9019B012B1DD0079A52
:1018100013681C441460F4E60BF07AFC06F8010B24
:10182000074601F0E1FB38BB01350BF061FC0028F5
:10183000DED11E2DE1D001F0D7FB0028E4D03448E2
:101840000CF08AFF019B012BE1D1049E0BAD16F831
:10185000011B2F48002310220CF08EFF01212F487E
:101860000CF06AFCAE42F2D1079A1368234413606D
:1018700027480CF071FFC4E6F9B200231022244877
:101880000CF07AFF012126480CF056FCCCE7092128
:1018900024480CF051FC2B46102203991C480CF0F4
:1018A0006BFF01211E480CF047FC2B4610229DF8CF
:1018B000251017480CF060FF012119480CF03CFC82
:1018C00010222B469DF8261011480CF055FF0121DF
:1018D00013480CF031FC29460DF1270009AA12F833
:1018E000013B5940C9B2082311F0800F4FEA410172
:1018F00018BF81F00701013BC9B2F5D19042EED18A
:10190000102203480CF038FF01480CF025FFD2E606
:101910000888FF1FFC540100005501000455010018
:10192000385A010018540100092127480CF004FC22
:101930002B461022039925480CF01EFF0121244854
:101940000CF0FAFB2B4610229DF825101F480CF0D6
:1019500013FF01211E480CF0EFFB10222B469DF8CF
:1019600026101A480CF008FF012119480CF0E4FB7E
:10197000059829460DF1270210F8013B5940C9B2DC
:10198000082311F0800F4FEA410118BF81F00701D1
:10199000013BC9B2F5D18242EED110220B480CF0C6
:1019A000EBFE0A480CF0D8FE11E7072109480CF0BD
:1019B000C3FB8CE6072107480CF0BEFB13E7034886
:1019C0000CF0CAFEF8E500BF185401000888FF1F9C
:1019D000385A0100245401002DE9F04F824685B0A9
:1019E0004FF0000901238DF800908DF801908DF8DB
:1019F00002304FF00308002420460BF03BFB02218D
:101A00000DF101000BF040FB8DF8004001F0ECFA05
:101A100030B30921B5480CF08FFB0023102221467A
:101A2000B3480CF0A9FE0121B2480CF085FB00235D
:101A300010229DF80110AE480CF09EFE0121AD4829
:101A40000CF07AFB002310229DF80210A8480CF03D
:101A500093FE0121A7480CF06FFBA5480CF07CFE1B
:101A600002208DF800400AF057F901F0BDFA002875
:101A700040F0898001AF3E4600240BF039FB00287E
:101A800067D0042C58D101E00BF042FB0BF030FB87
:101A90000028F9D101F0A8FA10B195480CF05CFECD
:101AA0009DF80430802B40F01E819DF80530002BFE
:101AB00040F019819DF80640012C40F014818E48B9
:101AC00001F098FB0AF1B406254604E001353F2DEC
:101AD00006F18C0686D03046FFF7E2FC83460028EC
:101AE000F4D13B2265F07F0301208DF801208DF8B1
:101AF00002308DF800B00BF0BDFA0DF101000221AB
:101B00000BF0C2FA01228DF80020E84658466B46D9
:101B10000DF102026040C0B2082410F0800F4FEABD
:101B2000400018BF80F00700013CC0B2F5D19342DD
:101B30002ED013F8014FEDE70BF0EAFA06F8010B8F
:101B4000054601F051FA98B901340BF0D1FA00289A
:101B500097D1042C9AD001F047FA10B164480CF0E8
:101B6000FBFDB8F1010800F0BE809DF8004043E79E
:101B7000E9B2002310225E480CF0FEFD01215D4811
:101B80000CF0DAFAE0E707215C480CF0D5FA71E7CF
:101B90000BF070FA01F028FA00285AD103208DF8D2
:101BA00000900AF0B9F801F01FFA002840F0968082
:101BB00000240BF09DFAB0B30A2C27D101E00BF002
:101BC000A7FA0BF095FA0028F9D101F00DFA0028D8
:101BD0007FD19DF80430812B7FF404AF9DF8053050
:101BE0003B2B7FF4FFAE9DF806308035AB427FF48F
:101BF000F9AE30460121FFF75BFC0AF50A53404875
:101C00001A6A01321A6201F0F5FAEBE60BF080FA7B
:101C100007F8010B804601F0E7F970B901340BF0C9
:101C200067FA0028C8D10A2CCBD001F0DDF90028D2
:101C300050D1022C7FF7D6AECBE75FFA88F10023B4
:101C400010222B480CF098FD01212A480CF074FA60
:101C5000E4E7092125480CF06FFA23461022012100
:101C600023480CF089FD012122480CF065FA234637
:101C700010229DF801101E480CF07EFD01211D4828
:101C80000CF05AFA102223469DF8021018480CF066
:101C900073FD012117480CF04FFA21460DF10302A4
:101CA00018F8014B6140C9B2082311F0800F4FEAC8
:101CB000410118BF81F00701013BC9B2F5D142458E
:101CC000EED110220A480CF057FD09480CF044FDF3
:101CD00064E70A2406480CF03FFDAAE707210748FD
:101CE0000CF02AFA64E705B0BDE8F08F1854010043
:101CF0000888FF1F385A01000855010024540100CC
:101D0000145501002DE9F04742F2A02284B00023CF
:101D10000127835082468DF804308DF8053000F19C
:101D2000B4088DF806704FEA47095FFA89F400217C
:101D30004046FFF7BDFB20468DF804400BF09AF9B2
:101D400002210DF105000BF09FF98DF8044001F020
:101D50004BF930B3092149480CF0EEF90023102269
:101D6000214647480CF008FD012146480CF0E4F9F3
:101D7000002310229DF8051041480CF0FDFC0121C4
:101D800040480CF0D9F9002310229DF806103C4879
:101D90000CF0F2FC01213B480CF0CEF938480CF075
:101DA000DBFC14208DF8044009F0B6FF01F01CF9AB
:101DB00000285DD102AE00240BF09AF940B3082C44
:101DC00019D101E00BF0A4F90BF092F90028F9D138
:101DD00001F00AF9002846D19DF808304B4522D081
:101DE0000137052009F098FF3F2F08F18C089AD1A0
:101DF00004B0BDE8F0870BF08BF9054606F8010B3F
:101E000001F0F2F820BB01340BF072F90028D6D1B2
:101E1000082CD9D001F0E8F830BB042CE0DD9DF8A7
:101E200008304B45DCD19DF80930002BD8D19DF806
:101E30000A100129D4D19DF80C30002BD0D0404697
:101E4000FFF736FB0AF50A531A6A01321A62C7E72E
:101E5000E9B2002310220A480CF08EFC0121094847
:101E60000CF06AF9CFE7082405480CF075FCD4E7BC
:101E7000072105480CF060F99CE700BF18540100E9
:101E80000888FF1F385A0100245401002DE9F0474B
:101E900000F50A56354684B080461C36203500F1E0
:101EA000B4040027204600218C34FFF701FBB44224
:101EB0002F60F7D102270DF106064FF07F093C2273
:101EC000A5237E217F208DF805208DF806308DF822
:101ED000041001AD0BF0CEF80DF1050002210BF05E
:101EE000D3F88DF804902B467F2200205040082420
:101EF00010F0800F4FEA400018BF80F00700013C4F
:101F0000C0B2F5D1B34202D013F8012FEEE70BF0C7
:101F1000B1F801F069F800285AD17E2364208DF8C9
:101F2000043009F0F9FE01F05FF8002840F09080DD
:101F30000DF1080A00240BF0DBF820B3082C15D1B2
:101F400001E00BF0E5F80BF0D3F80028F9D101F02F
:101F50004BF8F0B99DF808307F2B21D0013FAED16E
:101F60004046FFF739FD04B0BDE8F0870BF0D0F82C
:101F700005460AF8010B01F037F8F0B901340BF00F
:101F8000B7F80028DAD1082CDDD001F02DF80028B0
:101F9000E0D032480CF0E0FB9DF808307F2BDDD11B
:101FA0009DF809303C2BD9D19DF80A30A52BD5D10D
:101FB0009DF80B30572BD1D1D2E7E9B20023102284
:101FC00026480CF0D9FB012125480CF0B5F8D5E7DF
:101FD000092124480CF0B0F8234610227F211F4825
:101FE0000CF0CAFB01211E480CF0A6F82346102273
:101FF0009DF8051019480CF0BFFB012118480CF0A2
:102000009BF8102223469DF8061014480CF0B4FBF0
:10201000012113480CF090F821460DF1070215F844
:10202000014B6140C9B2082311F0800F4FEA410112
:1020300018BF81F00701013BC9B2F5D1AA42EED128
:10204000102206480CF098FB04480CF085FB64E76E
:10205000072105480CF070F86AE700BF0888FF1FE9
:10206000385A010018540100245401002DE9F043AE
:1020700085B04FF07F082022FF2381468DF8048031
:102080008DF805208DF8063003260DF1060548F081
:10209000010738460AF0EEFF0DF1050002210AF0B3
:1020A000F3FF8DF804703A4601AB0020504008243D
:1020B00010F0800F4FEA400018BF80F00700013C8D
:1020C000C0B2F5D1AB4202D013F8012FEEE70AF00F
:1020D000D1FF00F089FF002840F0768202208DF8C1
:1020E000048009F019FE00F07FFF002840F0B28262
:1020F0000DF1080800240AF0FBFF002843D0042C4F
:1021000034D101E00BF004F80AF0F2FF0028F9D115
:1021100000F06AFF10B1C1480CF01EFB4FF07F08C1
:1021200000238DF804808DF80630032648F001075F
:1021300038460AF09FFF0DF1050002210AF0A4FFC6
:102140008DF804703A4601AB00205040082410F08E
:10215000800F4FEA400018BF80F00700013CC0B27A
:10216000F5D1AB4228D013F8012FEEE70AF0D0FFEB
:1021700008F8010B074600F037FF70B901340AF088
:10218000B7FF0028BBD1042CBED000F02DFF78B9DA
:10219000013EC3D09DF8048079E7F9B200231022F4
:1021A0009E480CF0E9FA01219D480BF0C5FFE5E7D8
:1021B0009A480CF0D1FAEBE70AF05CFF00F014FF4C
:1021C000002840F0C08102208DF8048009F0A4FDB1
:1021D00000F00AFF002840F038820DF108080024C2
:1021E0000AF086FF002846D0042C37D101E00AF01F
:1021F0008FFF0AF07DFF0028F9D100F0F5FE10B145
:1022000086480CF0A9FA4FF07F082122FF238DF8B1
:1022100004808DF805208DF80630032648F001076C
:1022200038460AF027FF0DF1050002210AF02CFFC5
:102230008DF804703A4601AB00205040082410F09D
:10224000800F4FEA400018BF80F00700013CC0B289
:10225000F5D19D4228D013F8012FEEE70AF058FF80
:1022600008F8010B074600F0BFFE70B901340AF010
:102270003FFF0028B8D1042CBBD000F0B5FE78B9E0
:10228000013EC0D09DF8048050E7F9B2002310222F
:1022900062480CF071FA012161480BF04DFFE5E74F
:1022A0005E480CF059FAEBE70AF0E4FE00F09CFE01
:1022B000002840F0078102208DF8048009F02CFDF1
:1022C00000F092FE002840F0CF810DF108080024B4
:1022D0000AF00EFF002843D0042C34D101E00AF0AC
:1022E00017FF0AF005FF0028F9D100F07DFE10B1BC
:1022F0004A480CF031FA4FF07F0800238DF8048033
:102300008DF80630032648F0010738460AF0B2FE81
:102310000DF1050002210AF0B7FE8DF804703A466F
:1023200001AB00205040082410F0800F4FEA40001D
:1023300018BF80F00700013CC0B2F5D19D4228D003
:1023400013F8012FEEE70AF0E3FE08F8010B074649
:1023500000F04AFE70B901340AF0CAFE0028BBD171
:10236000042CBED000F040FE78B9013EC3D09DF8E9
:10237000048053E7F9B20023102228480CF0FCF93E
:10238000012127480BF0D8FEE5E724480CF0E4F9DA
:10239000EBE70AF06FFE00F027FE002851D1022083
:1023A0008DF8048009F0B8FC00F01EFE002840F013
:1023B00056810DF1080800240AF09AFE18B3042C87
:1023C00014D101E00AF0A4FE0AF092FE0028F9D12F
:1023D00000F00AFE10B111480CF0BEF942F2A4233D
:1023E000002209F8032005B0BDE8F0830AF090FE52
:1023F00008F8010B074600F0F7FD98B901340AF020
:1024000077FE0028DBD1042CDED000F0EDFDA0B972
:10241000013EE3D09DF8048075E700BF0888FF1FE8
:10242000385A0100F9B20023102292480CF0A4F9A6
:10243000012191480BF080FEE0E78E480CF08CF90A
:10244000E6E709218D480BF077FE23461022394636
:1024500088480CF091F9012187480BF06DFE234666
:1024600010229DF8051083480CF086F9012182485E
:102470000BF062FE102223469DF806107D480CF0FA
:102480007BF901217C480BF057FE21460DF1070036
:1024900001AA12F8014B6140C9B2082311F0800F64
:1024A0004FEA410118BF81F00701013BC9B2F5D1E4
:1024B0009042EED110226F480CF05EF96D480CF09E
:1024C0004BF96CE709216D480BF036FE23461022CC
:1024D000394668480CF050F9012167480BF02CFE92
:1024E000234610229DF8051062480CF045F90121A1
:1024F00061480BF021FE102223469DF806105D482E
:102500000CF03AF901215C480BF016FE21460DF162
:10251000070001AA12F8014B6140C9B2082311F06B
:10252000800F4FEA410118BF81F00701013BC9B29A
:10253000F5D19042EED110224E480CF01DF94D48D5
:102540000CF00AF9B7E609214C480BF0F5FD2346DB
:102550001022394647480CF00FF9012146480BF08C
:10256000EBFD234610229DF8051042480CF004F9BB
:10257000012141480BF0E0FD102223469DF8061092
:102580003C480CF0F9F801213B480BF0D5FD214601
:102590000DF1070001AA12F8014B6140C9B20823EE
:1025A00011F0800F4FEA410118BF81F00701013B94
:1025B000C9B2F5D19042EED110222E480CF0DCF8D1
:1025C0002C480CF0C9F8FEE509212C480BF0B4FDAD
:1025D00023461022394627480CF0CEF80121264820
:1025E0000BF0AAFD234610229DF8051021480CF09F
:1025F000C3F8012120480BF09FFD102223469DF8CF
:1026000006101C480CF0B8F801211B480BF094FD93
:1026100021460DF1070001AA12F8014B6140C9B231
:10262000082311F0800F4FEA410118BF81F0070124
:10263000013BC9B2F5D19042EED110220D480CF009
:102640009BF80C480CF088F848E507210C480BF083
:1026500073FDC2E507210A480BF06EFD48E507212E
:1026600007480BF069FDA4E6072105480BF064FD5F
:102670002BE600BF0888FF1F385A010018540100DC
:102680002454010038B500F50A551C3500F1B40496
:1026900002E08C34AC420AD02046FEF701FF00284D
:1026A000F7D020468C34FEF7F5F8AC42F4D138BDB3
:1026B0002DE9F04F00218C4A8C4B016000F1B405EC
:1026C00000F50A5783B08246426203622C461C37EB
:1026D00002E08C34BC420AD02046FEF7E1FE00281E
:1026E000F7D020468C34FEF7D5F8BC42F4D1C82090
:1026F00009F012FB2C46012604E001363F2E04F1BE
:102700008C046ED02046FEF7CBFE0028F5D078482A
:1027100000F070FD3146774800F06CFD2046FEF772
:102720008DF92046FEF7ACFE0DF0C6FE02460B46C4
:10273000714800F05FFD2046FEF704FE804620460B
:10274000FEF71CFE834640460DF0B6FE8046584616
:1027500089460DF0B1FE42464B46CDE9000167487F
:1027600000F048FD00212046FEF78CFE0121804646
:102770002046FEF787FE834640460DF09DFE8046CC
:10278000584689460DF098FE42464B46CDE9000179
:102790005B4800F02FFD2046FEF772FE0146DAF896
:1027A00000000EF02BFACAF800002046FEF72AFEC1
:1027B000DAF818100EF0C8FC00287BD12046FEF78E
:1027C00037FEDAF81C100EF0DDFC002895D020460C
:1027D000FEF72EFE01363F2ECAF81C0004F18C04D1
:1027E00090D1DAF804000EF0BDFA0146DAF80000E4
:1027F0000EF0C0FBDAF81410CAF8000004460EF020
:10280000C1FC08B1CAF81440DAF8101020460EF0E6
:102810009BFC08B1CAF810400B2009F047FA42F2BD
:10282000A4231AF8033000284AD1002B58D042F2D2
:10283000A42301220AF803200023CAF80C302C46F6
:1028400002E08C34BC4215D02046FEF729FE002859
:10285000F7D02046FEF792FDDAF80C100EF092FC4D
:102860000028EED02046FEF789FD8C34BC42CAF821
:102870000C00E9D1234BCAF8083002E08C35BD4288
:1028800015D02846FEF70CFE0028F7D02846FEF7A4
:1028900059FDDAF808100EF057FC0028EED0284653
:1028A000FEF750FD8C35BD42CAF80800E9D103B0EF
:1028B000BDE8F08F2046FEF7A5FDCAF818007DE7B9
:1028C0002BB942F2A42300220AF80320B4E70E48F1
:1028D00000F0A8FC42F2A42300220AF80320ABE790
:1028E0000A4800F0B5FCA2E700C0794400C079C4F2
:1028F000685C01002855010064550100785501000D
:10290000A45501000000A040F8550100C055010089
:1029100042F2AC23C058704780687047C068704767
:102920000068704741607047F8B500F50A550F46DA
:1029300016461C3500F1B40402E08C34AC420FD0D2
:102940002046FEF7ADFD0028F7D020463946FEF7B9
:10295000ABFD204631468C34FEF7AEFDAC42EFD1E4
:10296000F8BD00BF2DE9F041274A284B426200F52F
:102970000A5507464FF0000803621C3500F1B40405
:10298000002602E08C34A54210D02046FEF788FDD8
:102990000028F7D02046FEF761FD1D490EF0F2FB3E
:1029A00080B98C34A54206F10106EED142F2A02393
:1029B000F858801B0EF0D6F9014640460EF0DAFAC0
:1029C000BDE8F0812046FEF749FD014640460EF085
:1029D00015F980462046FEF741FD396A0EF0D2FB1C
:1029E00060B92046FEF73AFD796A0EF0ADFB00288B
:1029F000C8D02046FEF732FD7862C3E72046FEF7D6
:102A00002DFD3862EDE700BF00C0794400C079C4F5
:102A100000008CC2006A7047406A7047F8B500F544
:102A20000A55074600261C3500F1B40402E08C3438
:102A3000AC420FD02046FEF733FD0028F7D02046E9
:102A4000FEF7AEFC014630460EF0D8F88C34AC42AE
:102A50000646EFD142F2A023F8580EF083F9014662
:102A600030460EF087FAF8BD2DE9F04F91B00446DC
:102A7000B8480F9100F066FBB64800F063FB42F2E5
:102A8000A026B44800F05EFB2046A559FEF75EFD87
:102A900081462068D4F804B00DF00EFDCDE90C019C
:102AA0002046FFF7BBFF82462046A768D4F80C807B
:102AB000FFF758FF0DF000FDCDE90A013946404609
:102AC0000EF09AF8A4490EF0A1F90DF0F5FCCDE94D
:102AD000080140460DF0F0FCCDE9060138460DF046
:102AE000EBFCCDE9040150460DF0E6FCDDE90C23DA
:102AF000CDE90201CDE9002329465B464A469748C5
:102B000000F020FB934800F01DFB0921944809F0D8
:102B1000EBFBA15993480BF06FFE0A21924809F094
:102B2000E3FB2046FEF712FD01468E480BF064FEE3
:102B30008C480BF011FE20680DF0BEFC0326024607
:102B40000B46009687480BF05FFE0121874809F08D
:102B5000CBFB84480BF000FE2046FFF75FFF0DF033
:102B6000ABFC009602460B467E480BF04DFE04215E
:102B70007F4809F0B9FBA0680DF09EFC0096024664
:102B80000B4678480BF040FE04217A4809F0ACFB74
:102B9000E0680DF091FC009602460B4671480BF080
:102BA00033FE0421724809F09FFBA168E0680EF033
:102BB00023F869490EF02AF90DF07EFC0027024641
:102BC0000B46009767480BF01FFE02216A4809F088
:102BD0008BFB64480BF0C0FD0A21684809F084FBB8
:102BE0002046FFF7BFFE0DF067FC009602460B463D
:102BF0005C480BF009FE0121614809F075FB59485A
:102C00000BF0AAFDBA46B4344FF00108DDF83CB031
:102C100007E008F10108B8F13F0F04F18C0400F05F
:102C200091802046FEF73CFC0028F2D02046FDF7BC
:102C300021FE2046FDF722FE2046FDF723FE20461A
:102C4000FDF724FE08214F480BF076FA41464E4826
:102C50000BF0D2FDB8F1090F77DD02214B480BF0E4
:102C60006BFA2046FEF70CFC0DF026FC5FFA8BF9A0
:102C700002460B46CDF8009043480BF0C5FD0121FC
:102C80003A480BF059FA5646002520E00621404804
:102C90000BF052FA31463C480BF0AEFD02213D48A4
:102CA0000BF04AFA29462046FEF746FB0DF004FCDD
:102CB000CDF8009002460B4633480BF0A5FD0135D8
:102CC00001212A480BF038FA062D09D03E46092E7C
:102CD00006F10107DADC01212F480BF02DFAD5E7C8
:102CE00011212E480BF028FA00212046FEF7CAFBDE
:102CF0000DF0E2FB022502460B46009522480BF040
:102D000083FD122126480BF017FA01212046FEF719
:102D1000B9FB0DF0D1FB009502460B461A480BF0AB
:102D200073FD012116480BF007FA08F10108164857
:102D30000BF012FDB8F13F0F0AF1060A04F18C0402
:102D40007FF46FAF11B0BDE8F08F012112480BF096
:102D5000F3F982E7685C010000007A44A0580100A2
:102D600040590100C887FF1F4C5901005859010004
:102D70005C590100645901006C590100705901004F
:102D80007C590100805901000888FF1FB8680100C4
:102D90008C590100285A0100385A01009459010049
:102DA000A85901002DE9F04F85B000F1B4058A461D
:102DB00003929B462E464FF0010806E008F10108F9
:102DC000B8F13F0F06F18C067BD03046FEF768FB6A
:102DD0000028F3D000230A2251467D480BF0CCFC9A
:102DE00001217C480BF0A8F903980DF065FB002346
:102DF0000246009376480B460BF006FD012175480C
:102E00000BF09AF9594672480BF0F6FC0121714813
:102E10000BF092F941466E480BF0EEFC01216D4833
:102E20000BF08AF900244FF0020921463046FEF7E4
:102E300083FA0DF041FBCDF8009002460B46644842
:102E40000BF0E2FC0134012162480BF075F9082C0B
:102E50004FF00207E9D100213046FEF713FB0DF0D9
:102E60002BFB009702460B4659480BF0CDFC012185
:102E700058480BF061F901213046FEF703FB0DF0D5
:102E80001BFB009702460B4651480BF0BDFC01218D
:102E900050480BF051F939463046FEF7F3FA0DF081
:102EA0000BFB009702460B4649480BF0ADFC08F1BE
:102EB000010847480BF050FCB8F13F0F06F18C06B3
:102EC00083D101274FF0000904E001373F2F05F1BE
:102ED0008C0579D02846FEF7E3FA0028F5D00023C8
:102EE0000A2251463C480BF047FC0121394809F0C1
:102EF000A7FD03980DF0E0FACDF8009002460B46CE
:102F000035480BF081FC0121324809F099FD594602
:102F100031480BF071FC01212E4809F091FD394632
:102F20002D480BF069FC01212A4809F089FD002495
:102F30004FF0020821462846FEF7FEF90DF0BCFAD4
:102F4000CDF8008002460B4623480BF05DFC0134AF
:102F50000121204809F074FD082C4FF00206E9D148
:102F600000212846FEF78EFA0DF0A6FA00960246DA
:102F70000B4619480BF048FC0121164809F060FD8A
:102F800001212846FEF77EFA0DF096FA00960246D9
:102F90000B4611480BF038FC01210E4809F050FD9A
:102FA00031462846FEF76EFA0DF086FA0096024684
:102FB0000B4609480BF028FC013707480BF0CCFB07
:102FC0003F2F05F18C0585D105B0BDE8F08F00BF1E
:102FD0000888FF1FBC590100DC87FF1F014B1870D8
:102FE000704700BF2087FF1F024B1878B0FA80F0AF
:102FF000400970472087FF1F0278002A00F0908068
:1030000070B5034682B00D46252A2AD158785C1C3B
:1030100008B325282FD0732831D0642824D06928FC
:1030200022D066284FD07A2859D0782835D0582811
:103030002FD062283ED0422838D06C2814D0632884
:1030400012D0742857D054285FD00BF0F9F862786A
:10305000631C002AD8D1344802B0BDE870400BF0A0
:103060007BBB18781C46F0E72B1D29682E481D46AF
:103070000BF0C2FBEBE710460BF0E2F8E7E72E6837
:1030800030460EF0DDFE0146304604350BF054F8B4
:10309000DDE7022125480BF04FF82E1D2968224854
:1030A0000023102235460BF067FBD0E702212048B1
:1030B0000BF042F82E1D29681B48002302223546DA
:1030C0000BF05AFBC3E7073525F007050321D5E9C7
:1030D00000231548009108350BF096FBB7E707353C
:1030E00025F007050021D5E900230F480091083598
:1030F0000BF08AFBABE7296801290EBF0D480E488B
:10310000012104350BF018F8A1E72B68012B07BF4C
:1031100004210A480A48052104350BF00DF896E70A
:1031200001480BF019BB00BF0888FF1FC059010000
:10313000C4590100C8590100CC590100D0590100FF
:10314000D85901000FB400B583B004A951F8040B9D
:103150000191FFF751FF03B05DF804EB04B0704735
:1031600070B51B4B1B4C1B6882B00D460193019B35
:103170002360194604460023164617480A220BF01E
:10318000FBFA032115480AF0D7FF032C07D8DFE824
:1031900004F01A151002052111480AF0CDFF022192
:1031A00010480AF0C9FF31462846FFF725FF02B054
:1031B00070BD07210C480AF0BFFFF0E704210B485F
:1031C0000AF0BAFFEBE7052109480AF0B5FFE6E788
:1031D00018BAFF1F8492FF1F0888FF1FFC540100CC
:1031E000F8590100285A0100F0590100E85901007E
:1031F000E05901000FB400B5094B187883B020B135
:1032000003B05DF804EB04B0704705AB1A460499AF
:103210000193FFF7A5FF03B05DF804EB04B070471E
:103220002087FF1F0FB4094B00B51B78012B83B01B
:1032300004D903B05DF804EB04B0704705AB1A463F
:10324000049901930120FFF78BFFF2E72087FF1F0E
:103250000FB40B4B00B51B78032B83B004D903B01C
:103260005DF804EB04B0704705AB1A46049901936E
:103270000320FFF775FF03B05DF804EB04B070475F
:103280002087FF1F30B4074D074C084900232B70DF
:10329000236003654365836580F85C300B6030BC58
:1032A000704700BF9092FF1F8C92FF1F8892FF1FF4
:1032B0000A4A0B49D06D936D03FB00F34FF47A700B
:1032C00000FB03F0642310B50B600DF04BFD0549C6
:1032D000054C0DF04FFE206010BD00BFA093FF1FF6
:1032E0004087FF1FE4388E3E6093FF1F10B5074CE8
:1032F00020460BF031FA064B204619680BF07CFA99
:1033000003210448BDE810400AF016BF0888FF1FDB
:103310001495FF1F005A010038B5044608460D46B3
:103320000EF08EFD2368024629465B6820469847CA
:10333000054620460BF010FA284438BD2DE9F84325
:103340004C484D4C4D4E4E4F4E4DFFF7FBFE4E4BF5
:103350004E4A5A6014224E494E481A70DC604E4A5A
:103360001E6100244D4E9F61DD624D4F4D4D9962AF
:10337000D8614FF07C514C481A635C630C224B4C73
:103380009E63DF634A4E1D6596274A4D9964D86453
:10339000022101205A655C6200223224C3F8C46015
:1033A000A3F8627064264FF496771D625D611D6418
:1033B0004FF41675597059721872986583F8442045
:1033C000C3F8A440A3F86440DE65A3F86670A3F8D0
:1033D0006070A3F8CC50D967C3F8B8104FF47A7175
:1033E00040F61C49A3F8D0504FF00A089A67C3F87A
:1033F0008000C3F88420C3F88C40C3F8AC4041F28D
:10340000040CC3F8A820C3F8B4004FF05A0EC3F858
:10341000BC60294F83F8C92083F8CA20274EC3F81F
:10342000901041F2883240F2D66144F62065FF24C4
:103430000520C3F86890C3F86C80C3F870C0C3F867
:1034400074E0C3F89470C3F89860C3F89C50C3F854
:10345000B040A3F8C200A3F8CE20A3F8D220C3F84E
:103460008820A3F8C020A3F8A010A3F8A210BDE8FC
:10347000F88300BF045A01006666864000004040A1
:103480003333834000008242A093FF1F20A1070036
:10349000CDCCCC3DCDCC4C40000020C10000204222
:1034A0000000A0400AD7233D9A99794033337340F6
:1034B0009A99993ECDCC4C3E0000114400F0C8458D
:1034C00070B5464C464D4748E66800232B70FFF721
:1034D00025FA014630460DF037FE08B104232B7063
:1034E0004048FFF719FA21690DF02EFE18B12B782C
:1034F00043F010032B703B48FFF78CFAE16A0DF0A4
:1035000041FE18B12B7843F040032B70002335485F
:103510006B70FFF781FA216B314E0DF015FE08B18B
:103520000123737000232F48EB70FFF7F7F905466E
:103530002C482B4EFFF7F0F9014628460DF05CFBB6
:10354000216C0DF01FFE08B10123F370264D2548B4
:1035500000232B70FFF7E2F9A16A0646E0680DF040
:103560004BFB014630460DF00DFE08B104232B70D5
:103570001C48FFF7D1F9A16A064620690DF03EFB11
:10358000014630460DF0E0FD18B12B7843F01003F2
:103590002B701448FFF73EFAE16B0646E06A0DF027
:1035A0002BFB014630460DF0EDFD18B12B7843F0B2
:1035B00040032B7000230B486B70FFF72DFAE16B73
:1035C0000546206B084C0DF019FB014628460DF00E
:1035D000BBFD08B10123637070BD00BFA093FF1F46
:1035E0009C93FF1FC095FF1F1095FF1F2DE9F0430F
:1035F000A14C2368012B83B02FD0022B5ED0032B6C
:103600007ED03BBB9D4B9E4AD3F8AC10D3F8B03074
:1036100012685B1A632B0EDD9A4803FB02F380FBF2
:103620000302DB17C3EB62131944062003B0BDE8A5
:10363000F04308F0B5B9944803FB022380FB030272
:10364000DB17C3EB22121144062003B0BDE8F043A0
:1036500008F0A6B903B0BDE8F0838C4E33680A3396
:10366000B3F57A7F6EDC184633600DF07BFB88493A
:103670000DF0CCFB8046814DD5F8AC000DF072FB0F
:103680000746D5F8B0000DF06DFB39460DF0B4FAE1
:1036900041460DF0BBFB7F490DF06CFC39460DF047
:1036A000ADFA0DF08FFD0146062008F079F97A4B4E
:1036B0001B68002B4BD12368022BA0D1734B6F4E9C
:1036C00000221A60D6F8AC000DF04CFB0546D6F887
:1036D000B0000DF047FB29460DF08EFA00210DF0E9
:1036E00095FB6C490DF046FC29460DF087FA0DF06C
:1036F00069FD0146062008F053F92368032B80D1A9
:10370000624B5E4E4FF47A721A60D6F8AC000DF040
:1037100029FB0546D6F8B0000DF024FB29460DF034
:103720006BFA5C490DF072FB5A490DF023FC2946F7
:103730000DF064FA0DF046FD0146062008F030F960
:1037400023685EE700234FF00008336093E702210F
:1037500052480AF0F1FC52480AF0FEFF0621514897
:103760000AF0EAFC30680DF0FDFA49490DF04EFB15
:103770000CF0A2FE022702460B46009748480BF0C9
:1037800043F80D2148480AF0D7FCD5F8AC000DF0FD
:10379000E9FA804630680DF0E5FA3D490DF036FB58
:1037A0008146D5F8B0000DF0DDFA41460DF024FA5F
:1037B000014648460DF02AFB36490DF0DBFB414639
:1037C0000DF01CFA0CF078FE009702460B463448C8
:1037D0000BF01AF8394631480AF0AEFC30480AF0CE
:1037E000BBFF39462D4808F07FFD30480AF0B4FF92
:1037F00006212C4808F078FD30680DF0B3FA244912
:103800000DF004FB0CF058FE009702460B462748CB
:103810000AF0FAFF0D21244808F066FDD5F8AC0047
:103820000DF0A0FA804630680DF09CFA18490DF0B2
:10383000EDFA0646D5F8B0000DF094FA41460DF0C9
:10384000DBF9014630460DF0E1FA12490DF092FB2A
:1038500041460DF0D3F90CF02FFE009702460B46BF
:1038600012480AF0D1FF39460C4808F03DFD0F48D8
:103870000AF072FF1FE700BFF894FF1FA093FF1F1D
:103880004087FF1F1F85EB51CBF08D28AC92FF1FA7
:10389000CDCCCC3D0000C8424887FF1FB86801006E
:1038A0000888FF1F245A01002C5A0100C887FF1FF7
:1038B00030B51C481C4C83B00AF04EFF19480AF082
:1038C0004BFF18480AF048FF0D2118480AF034FC55
:1038D00017480AF041FF16480AF03EFF14480AF064
:1038E0003BFF0D21114808F0FFFCD4F8A830012B54
:1038F00022D0104D0B48297800230A220AF03CFF01
:10390000002329780A480A220AF036FF2B78052B73
:1039100000F29080DFE813F0390242024B025402B9
:103920005D0266020888FF1FA093FF1F3C5A01003A
:10393000C887FF1F0C95FF1F0921C7480AF0FCFB31
:103940000921C54808F0D0FCC448FEF7E5FF21690D
:103950000DF0FAFB38B10F21C1480AF0EDFB0F2141
:10396000BF4808F0C1FCBD48FEF7D8FFE1680DF084
:1039700009FC38B10E21BB480AF0DEFB0E21B94824
:1039800008F0B2FCB548FEF7C9FF0546B348FEF79C
:10399000C3FF014628460DF02FF9216C0DF0F2FB14
:1039A00038B11121B0480AF0C7FB1121AE4808F028
:1039B0009BFCAA48FEF7D6FFE16A0DF0E3FB38B1A5
:1039C0000C21AA480AF0B8FB0C21A84808F08CFC8E
:1039D000A248FEF7C7FF216B0DF0B6FB38B10D21F1
:1039E000A3480AF0A9FB0D21A14808F07DFCA14BDA
:1039F0009A481B68012B00F02982FEF78DFF216990
:103A00009D4D0DF0BFFB002800F0BD819348FEF7EF
:103A100085FFE968994D0DF097FB58B12B78052B80
:103A200000F02E82082196480AF086FB082194486F
:103A300008F05AFC022193480AF07EFB02219148CB
:103A400008F052FC122008F031F9012800F0DA8168
:103A5000112008F02BF9012800F0E2818A4B1B6845
:103A6000012B00F0EA8102218648884C0AF064FBB1
:103A7000874B884819680AF0BFFE86480AF06CFE3A
:103A8000042185480AF058FB0B2008F00FF90023A9
:103A900001460A227F480AF06FFE0C2008F006F962
:103AA000002301460A227B480AF066FE142008F033
:103AB000FDF8002301460A2276480AF05DFE152033
:103AC00008F0F4F800230A22014672480AF054FE76
:103AD000062172480AF030FB71480AF03DFE0421CD
:103AE0006D4808F001FC0B2008F0E0F800230146C7
:103AF0000A226B480AF040FE0C2008F0D7F8002399
:103B000001460A2266480AF037FE142008F0CEF873
:103B1000002301460A2262480AF02EFE152008F012
:103B2000C5F8002301460A225D480AF025FE062159
:103B30005A4808F0D9FB2368DB074FF0010140F138
:103B4000E18058480AF0F8FA0121564808F0CCFB09
:103B5000236898074FF0010140F1E18051480AF0D5
:103B6000EBFA01214F4808F0BFFB23685A074FF0DA
:103B7000010140F1E1804B480AF0DEFA0121494899
:103B800008F0B2FB23681B074FF0010140F1E18010
:103B900044480AF0D1FA0121424808F0A5FB04216B
:103BA00041480AF0C9FA112008F080F800230146C4
:103BB0000A2238480AF0E0FD102008F077F80023C8
:103BC00001460A2233480AF0D7FD122008F06EF8A9
:103BD000002301460A222F480AF0CEFD132008F0E8
:103BE00065F800230A2201462A480AF0C5FD04218F
:103BF0002D4808F079FB112008F058F80023014601
:103C00000A2227480AF0B8FD102008F04FF80023D8
:103C100001460A2222480AF0AFFD122008F046F8B9
:103C2000002301460A221E480AF0A6FD132008F0D0
:103C30003DF80A220023014619480AF09DFD184864
:103C40000AF08AFD182119480AF076FA184B1888EC
:103C50000DF088F82EE000BF4C5A0100C095FF1F00
:103C6000585A0100685A0100785A01008C5A010024
:103C70009C5A01004093FF1FA093FF1F0C95FF1F4C
:103C8000D05A0100B86801002895FF1F7494FF1FE7
:103C9000FC94FF1F0888FF1F445B01004C5B010080
:103CA000C887FF1F545B01005C5B0100645B01007F
:103CB0009C92FF1F77490DF0A9F80CF0FDFB002442
:103CC00002460B46009474480AF09EFD1F2173487B
:103CD0000AF032FA724B18880DF044F86D490DF075
:103CE00095F80CF0E9FB00940B4602466A480AF08E
:103CF0008BFD02216B480AF01FFA2B78032B30D082
:103D000003B030BD68480AF017FA0121664808F090
:103D1000EBFA236898074FF001013FF51FAF6248A7
:103D20000AF00AFA0121604808F0DEFA23685A070F
:103D30004FF001013FF51FAF5B480AF0FDF901218B
:103D4000594808F0D1FA23681B074FF001013FF5ED
:103D50001FAF55480AF0F0F90121534808F0C4FAA2
:103D60001DE7524B1B78002B45D01E2150480AF00E
:103D7000E3F950481B2108F0B7FA4F4803B0BDE8FB
:103D800030400AF0E9BC4D4D54E606214C480AF09B
:103D9000D3F906214A4808F0A7FA4BE6072149481B
:103DA0000AF0CAF90721474808F09EFA42E60721BF
:103DB00045480AF0C1F90721434808F095FA39E669
:103DC000082142480AF0B8F90821404808F08CFA66
:103DD00030E60B213E480AF0AFF90B213C4808F0D1
:103DE00083FA27E607213B480AF0A6F9072139485C
:103DF00008F07AFA1EE6202137480AF09DF91D21C5
:103E00003648B8E70E2136480AF096F90E213448B4
:103E100008F06AFA112007F049FF01287FF41EAE6E
:103E20000A2130480AF088F90A212E4808F05CFA85
:103E30002D4B1B68012B7FF416AE12212B480AF084
:103E40007BF91221294808F04FFA0CE6FEF764FDD1
:103E5000616A0DF097F988B116212548174D0AF0CF
:103E60006BF90A2123480AF067F91621204808F067
:103E70003BFA0A211F4808F037FADBE50F4DD1E580
:103E80000A211C480AF058F90A211A4808F02CFAAD
:103E9000D0E500BFCDCCCC3D0888FF1F805B010082
:103EA0001895FF1FA05B0100585B0100A892FF1F3F
:103EB000E85B0100085C0100C887FF1F0C95FF1F2D
:103EC000DC5A0100E45A0100F85A0100005B0100CD
:103ED000EC5A01000C5B0100A45B0100C85B01000F
:103EE000145B0100245B01002895FF1F305B01007B
:103EF000AC5A0100C45A01002DE9F04F7C4CE56F2B
:103F0000012D8DB000F0D181032D00F01181DFF87B
:103F10001882784F784EA36F7848012B09BF31681B
:103F2000316801F10041316007F086FA3B68002BEF
:103F300040F0AB807148DFF8F09107F053FA3B682E
:103F4000C8F800000546002B43D1E36F684A012BF7
:103F500060D06B4928460DF015F9C0B9694928466B
:103F60000DF0F2F898B9684A684B12680B920B9AF8
:103F70001A60D4F8B4000CF0F5FE29460CF046FFA8
:103F80000023C8F8000033600DB0BDE8F08FDFF803
:103F900078A15E4FDAF800300A930A983B68DFF8A0
:103FA0008C91C01A0CF0DAFE29460CF02FFF58490C
:103FB0000CF0E0FF56490CF0DDFFD9F800100CF0D2
:103FC0001DFEDAF800300993099BC9F800003B6038
:103FD000CFE70CF071FA022502460B4600954D48DA
:103FE0000AF012FC04214C480AF0A6F8D9F80000A7
:103FF0000CF062FA009502460B4648480AF004FCB1
:104000000421454808F070F9E36FD9F80050384AA8
:10401000012B9ED1424B1B68012B00F09382022B97
:10402000A7D1D2F89C7038460CF09CFE29460DF0C2
:104030008BF840B978420CF095FE29460DF0A2F8B5
:10404000002800F0B282DFF8C0A0304FDAF800306C
:10405000079307983B68DFF8D490C01A0CF07EFEF7
:1040600029460CF0D3FE2A490CF084FF28490CF0B5
:1040700081FFD9F800100CF0C1FDDAF8003006938A
:10408000069BC9F800003B6073E71C4807F0AAF9DB
:104090000CF012FA022502460B4600951D480AF064
:1040A000B3FB03211F480AF047F8D4F89C101948C5
:1040B0000AF0A2FB03211B480AF03EF80F4807F064
:1040C00091F90CF0F9F9009502460B4613480AF0F5
:1040D0009BFB0321134808F007F9D4F89C100F4804
:1040E0000AF08AFB03210F4808F0FEF822E700BF20
:1040F000A093FF1F4C95FF1F7493FF1F7893FF1F22
:104100000000FA430000FAC318BAFF1F1C95FF1FF6
:1041100000007A440888FF1F645C0100C887FF1F05
:104120005C87FF1F005501005493FF1F6093FF1F22
:10413000DFF85493CA4ED9F80030DFF85083D3F833
:1041400054010F210123336006F0DCFB3368C54FB7
:10415000012B3B6800F0D280002B40F09981D9F808
:104160000030C14DD3F85401036C19688EB22E6033
:1041700006F0E8F8B4F8A22040F6E44303FB06F1A9
:10418000B1FBF0F0801A00B20CF0ECFDB749B84E6C
:104190008246D4F894000CF039FE014650460CF0EB
:1041A000E9FE2B683060632BDFF8BCA200F34B8183
:1041B000002333603B68002B3FF4ADAE0221AD48D5
:1041C00009F0BAFFD9F800202B68D2F8540140F664
:1041D000E44B0BFB03FA06F0B5F8BAFBF0F00CF079
:1041E000BDFD8246B4F8A2000CF0BCFD014650466D
:1041F0000CF002FD0CF060F94FF0020A02460B468B
:10420000CDF800A09C480AF0FFFA5146994809F001
:1042100093FF30680CF050F9CDF800A002460B4631
:1042200095480AF0F1FA5146944809F085FF514645
:10423000904809F081FF51468E4808F055F8D9F8AA
:1042400000202B68D2F854010BFB03FB06F07AF830
:10425000BBFBF0F00CF082FD0546B4F8A2000CF0B8
:1042600081FD014628460CF0C7FC0CF025F9CDF87D
:1042700000A002460B4682480AF0C6FA51467D4825
:1042800008F032F830680CF017F9CDF800A00246BB
:104290000B467B480AF0B8FA5146784808F024F8F3
:1042A0005146744808F020F835E6DFF8E081D4F88C
:1042B0009C70D8F80060DFF8D09138460CF052FDC1
:1042C00031460CF05FFF48B178420CF04BFD0146DF
:1042D00030460CF057FF002840F06E81D9F80020DE
:1042E0005F4ED2F854015F4F02230E21336006F077
:1042F00009FB3368012B3B687FF42EAF002B40F0A5
:104300006581D9F80030584DD3F85401036C196811
:104310001FFA81FBC5F800B006F014F8B4F8A0301D
:10432000534E40F6E44A0AFB0BFBBBFBF0F0C01A0D
:1043300000B20CF017FD4D498346D4F898000CF0FC
:1043400065FD014658460CF015FED9F800202B6893
:104350003060D2F854010AFB03FA05F0F3FFB4F819
:10436000A030BAFBF0F00FFA80FAC3EB0A03002B7F
:10437000B4F8C220B8BF5B429342BCBF0023336095
:104380003B68002B3FF4C7AD02213A4809F0D4FE48
:10439000D9F800202B68D2F8540140F6E44A0AFB11
:1043A00003FB05F0CFFFB4F8A010BBFBF0F003B2A5
:1043B000591A31480AF020FA02212E4809F0BCFEB1
:1043C00030680CF079F84FF0020B02460B46CDF83E
:1043D00000B029480AF018FA03212A4809F0ACFE77
:1043E0005946244809F0A8FE5946224807F07CFFA8
:1043F000D9F800202B68D2F854010AFB03FA05F023
:10440000A1FFB4F8A010BAFBF0F00FFA80FAC1EBEC
:104410000A011B480AF0F0F95946164807F064FFF4
:1044200030680CF049F8CDF800B002460B4614484D
:104430000AF0EAF90321134807F056FF59460D48E0
:1044400007F052FF67E5D9F80030D3F8540105F0C2
:1044500079FFDAF8003064389842FFF4A9AEA9E693
:104460005C87FF1F4C95FF1F9893FF1FACC5273734
:104470007493FF1FB86801000888FF1F605C01008B
:10448000C887FF1F4C5C01002095FF1F5493FF1F3E
:104490008148824DDFF834A20AF05EF90C21804891
:1044A00009F04AFE0C217F4809F046FE7E480AF0DA
:1044B00053F90C217A4807F017FF0C21794807F0CF
:1044C00013FFD9F800203B68D2F85401026C116840
:1044D0008EB22E60002B3FF44BAE05F033FF40F65A
:1044E000E44B0A2200230BFB06F1B1FBF0F16A4812
:1044F0000AF042F902216D4809F01EFEB4F8A2103C
:1045000065480AF079F9DAF800302968D3F85401DF
:104510000BFB01FB05F016FF0023BBFBF0F10A22A9
:1045200061480AF029F90221604807F0DDFEB4F87D
:10453000A2105D480AF060F9DAF800302E68D3F86E
:10454000540115E65A4928460CF01CFE58B9594941
:1045500028460CF0F9FD30B9574A584B12680592BD
:10456000059A1A6005E5DFF850A1544FDAF80030DB
:10457000049304983B68DFF86091C01A0CF0EEFBDE
:1045800029460CF043FC4E490CF0F4FC4C490CF06D
:10459000F1FCD9F800100CF031FBDAF8003003938D
:1045A000039BC9F800003B60E3E4434A434B1268B5
:1045B0000892089A1A60DCE4D9F80030414ED3F82A
:1045C000540135600F2106F09DF9BFE532480AF02D
:1045D000C3F835480AF0C0F8E36F012B4FF00B0128
:1045E00052D0394809F0A8FD0B21374807F07CFE6E
:1045F0000C212C48294D354E09F09EFD0C212948EF
:1046000007F072FED9F800203B68D2F85401026C22
:1046100011681FFA81FBC5F800B0002B3FF47CAE97
:1046200005F090FE40F6E44A0A2200230AFB0BF153
:10463000B1FBF0F118480AF09FF80121244809F075
:104640007BFDB4F8A01014480AF0D6F83368296846
:10465000D3F854010AFB01FA05F074FE0023BAFBFB
:10466000F0F10A2210480AF087F80121184807F0F3
:104670003BFEB4F8A0100C480AF0BEF83368D5F839
:1046800000B0D3F8540147E6124809F055FD0B215C
:10469000104807F029FEABE70888FF1F9893FF1F1B
:1046A000505C01003C5C0100C887FF1FB868010036
:1046B0000000FA430000FAC318BAFF1F1C95FF1F41
:1046C00000007A445C87FF1F305C01002095FF1FCB
:1046D000385A0100245C01006093FF1F2DE9F04768
:1046E000B64D2B6882B0002B00F0B180B44CB54FB2
:1046F000D4F88430DFF81483B34EB14D012B00F0B1
:10470000E080D5F85CA0D6F80090AD6D05FB0AF509
:104710004FF47A7000FB05F00CF024FBAB49DFF896
:10472000A4A2054648460CF071FB29460CF022FC79
:10473000A7490CF06BFB0CF045FD632838607ADD6F
:104740002846A2490CF016FC6423CAF80030D8F8B9
:1047500000303060002B77D0E36F994D012B00F0D3
:10476000E080032B00F01681022B00F00A81994DA6
:104770009948022109F0E0FC28680BF09DFE022414
:1047800002460B46009495480AF03EF821469448AC
:1047900009F0D2FC2146904809F0CEFC39688F48D8
:1047A0000AF02AF806218F4809F0C6FC30688749CC
:1047B0000CF02CFB0BF080FE009402460B46874861
:1047C0000AF022F80321884809F0B6FC834809F072
:1047D000C3FF2146804807F087FD28680BF06CFE78
:1047E000009402460B4681480AF00EF821467C48A8
:1047F00007F07AFD7D4809F0AFFF39687B4809F082
:10480000FBFF0621774807F06FFD30686F490CF019
:10481000FDFA0BF051FE009402460B46734809F076
:10482000F3FF0321704807F05FFD704802B0BDE858
:10483000F04709F091BF0028BCBF0023CAF8003040
:10484000D8F80030002B87D102B0BDE8F087684867
:104850005B4CFEF7E3F86749A76EE66E0CF0D6FAFC
:104860000CF0D6FC226F636FD21B9B1B80B29A4266
:10487000A0EB070064DC03FB00F393FBF2F31E44A0
:10488000DFF888814F4FD8F800303E60002B5ED1B2
:104890003346E06DA26D4C4E00FB03F002FB00F0CE
:1048A00000EB800040000CF05DFA48490CF062FB20
:1048B00001232B60D4F884303060012B404D7FF40D
:1048C00020AF4B48FEF7AAF84A49D5F868A0D5F8BA
:1048D0006C900CF09BFA0CF09BFC2A6F6B6FA56D33
:1048E000CAEB0202C9EB030380B29A42CAEB000092
:1048F000D4F85CA0C6BF03FB00000132584390FB14
:10490000F2F0484400FB0AF005FB00F000EB8000E9
:1049100040000CF027FA2D490CF02CFB814630604A
:10492000F4E6354B1B68012B4FF00A013CD03348AD
:1049300009F002FC0A21314807F0D6FCEB6F10E7C2
:1049400003FB0000531C90FBF3F0064498E70221A0
:10495000214809F0F1FB3968204809F04DFF022198
:104960001D4809F0E9FB02211B4807F0BDFC39682E
:104970001E4809F041FF0221174807F0B5FC3B68CB
:1049800087E707211E4809F0D7FB07211C4807F0DD
:10499000ABFCECE610211B4809F0CEFB10211948B6
:1049A00007F0A2FCE36FDFE6174809F0C5FB0A2118
:1049B000154807F099FCEB6FD3E600BFB892FF1FD4
:1049C000A093FF1F4087FF1F6093FF1FE4388E3EB8
:1049D0000000C8425493FF1FB86801000888FF1FF9
:1049E000605C0100A05C0100A85C0100C887FF1F9B
:1049F000C095FF1F00007A445C87FF1F785C0100B0
:104A0000985C0100845C01006C5C01004887FF1F1A
:104A100030B5112083B007F049F9012818D01220D1
:104A200007F044F9012813D000210B2007F038F9D2
:104A300000210C2007F034F90021152007F030F98F
:104A40002649274B0120002208701A6003B030BDB0
:104A50000121152007F024F9224A234C234B126828
:104A6000D4F8881001921B68019A1D4D0B449342A3
:104A70004FF00201296005D901210C2007F010F93F
:104A800003B030BDD4F890000CF06CF9184B1968E5
:104A90000CF05AFB0028EFD101210B2007F000F9A0
:104AA00094F8C8300324012B2C600DD0122007F09D
:104AB000FDF8012808BF094B4FF0110008BF1C701A
:104AC00007F0F4F8012802D1044B02221A700021E9
:104AD0000C2007F0E5F803B030BD00BF0C95FF1FB8
:104AE0004895FF1F18BAFF1FA093FF1F5495FF1F83
:104AF0005493FF1FF0B56D4E6D4D34682B689C428A
:104B000087B03AD014F0010156D014F002014AD017
:104B100014F004013ED0E3070FD52B68DF070CD457
:104B2000644F3A68002A00F09E80634B1B68019333
:104B3000019B934200F289803468A0070DD52B6851
:104B400099070AD45D4F3A68002A3ED05A4B1B6839
:104B50000393039B93425AD8346862070DD52B68A0
:104B60005B070BD4564F3A68002A3FD0524B1B6864
:104B70000593059B934258D834680CB107B0F0BD3B
:104B80002146162006F00CFF2146172006F008FFEC
:104B900007B0F0BD052006F003FF2B68346803F072
:104BA000FB032B60B7E7172006F0FAFE2B6834688A
:104BB00003F0FD032B60ABE7162006F0F1FE2B6837
:104BC000346803F0FE032B609FE73E4B1B68002B0D
:104BD00056D1FF21172006F0E3FE374B3A4A1968F9
:104BE0000291029912680A443A60B0E7354B1B689B
:104BF000002B50D1FF21052006F0D2FE2E4B324A69
:104C000019680491049912680A443A60AFE72F4B7F
:104C10001720D3F88C1006F0C3FE2B68346843F0DD
:104C2000020300222B603A6097E7284B0520D3F857
:104C30008C1006F0B5FE2B68346843F004030022A4
:104C40002B603A60002C99D19AE7204B1620D3F8BC
:104C50008C1006F0A5FE2B68346843F00103002297
:104C60002B603A6069E7FF21162006F099FE124B8F
:104C7000154A19680091009912680A443A6055E78C
:104C8000134809F069FD0C21124809F055FA104843
:104C900009F062FD9DE70E4809F05EFD0C210E480B
:104CA00009F04AFA0A4809F057FDA3E74895FF1FA3
:104CB0007494FF1FEC94FF1F18BAFF1FF094FF1F9E
:104CC000F494FF1F4887FF1F7087FF1FA093FF1FEB
:104CD0000888FF1FAC5C0100BC5C01002DE9F047B7
:104CE0006B4EDFF8D4813368DFF8D091D3F85401EC
:104CF000684D0F2105F006FE00230122222166489F
:104D0000C8F80030C9F8002009F016FA22216248DC
:104D100007F0EAFAD8F80030132B24DC40F6E44719
:104D20003368B5F8A0A0D3F85401036C1C6805F0F3
:104D300009FBA4B2012107FB04F4B4FBF0F45748CB
:104D40005444A5F8A04009F0F7F90121534807F0B1
:104D5000CBFA642006F0E0FFD8F800300133132BC3
:104D6000C8F80030DCDDB5F8A0304D4A4D48A2FB54
:104D700003129B1A02EB5303C3F30F131946A5F852
:104D8000A03009F039FD1D21474809F0D5F902216D
:104D9000464809F0D1F9434809F0DEFCB5F8A01007
:104DA000434809F029FD1D213F4807F09DFA0221E3
:104DB0003E4807F099FA3E4809F0CEFC32680023DD
:104DC000D2F85401C8F800300E2105F09BFD0223F3
:104DD00022213148C9F8003009F0AEF922212E48CD
:104DE00007F082FAD8F80030132B24DC40F6E447B1
:104DF0003368B5F8A290D3F85401036C1C6805F031
:104E0000A1FAA4B2012107FB04F4B4FBF0F4234897
:104E10004C44A5F8A24009F08FF901211F4807F082
:104E200063FA642006F078FFD8F800300133132BC2
:104E3000C8F80030DCDDB5F8A230194A1948A2FBE9
:104E400003129B1A02EB5303C3F30F131946A5F881
:104E5000A23009F0D1FC1D21164809F06DF902219C
:104E6000124809F069F90F4809F076FCB5F8A2106C
:104E70000F4809F0C1FC1D210E4807F035FA0B4818
:104E8000022107F031FA0A48BDE8F04709F064BC96
:104E90002095FF1FA093FF1FCC5C0100105D010057
:104EA000876118860888FF1FF05C0100B868010060
:104EB000C887FF1F145D01005093FF1F5C87FF1F11
:104EC0002DE9F843C04BC14CC14E1B68706D40F2D8
:104ED000513108222160E271002B40F06F810BF00C
:104EE00041FFB16905460BF091FFBA49B84F0BF08D
:104EF0008DFF0CF08DF980B203126372B64AB74B86
:104F000012881B882072A37228461B121512E372A6
:104F10002273F16965730BF079FFAE49AB4D0BF06D
:104F200075FF0CF075F983B21A122946AC48A373C9
:104F3000E27306F0BFF8AB4AAB4B12681988A17256
:104F4000D3B2237203EB83035B00237302EB820370
:104F500043F3D7134FEA212E12124FF008084FF0F7
:104F60000009294663739E4884F80BE040F25533EC
:104F70006272236084F8078084F80E9084F80F90A2
:104F800006F098F840F256339848236084F807807A
:104F9000FDF7C6FC96490BF039FF0CF039F9207289
:104FA0009248FDF7BDFC92490BF030FF0CF030F950
:104FB000904A8F49C0F30723637210680BF0DAFF41
:104FC0000CF000F940FA08F3A0728848E372FDF78C
:104FD000C9FC80490BF01AFF0CF0F4F820738348E9
:104FE000FDF7C0FC7B490BF011FF0CF0EBF840F330
:104FF0000720294660737A4884F80E9084F80F9051
:1050000006F058F8022006F087FE7B4A7B4B1178A9
:105010002172517890786172D178A0721A7898785C
:10502000E172597822736173DA78A07340F25A33CF
:1050300029466B48E273236084F8078006F03AF84B
:105040006F4B67481A7822725A7862729A78A27205
:10505000DA78E2721A7922735A7962739A79DB7973
:10506000E373294640F25E33A273236084F807801D
:1050700006F020F8022006F04FFE624B58481A78DE
:1050800022725A7862729A78A272DA78E2721A7987
:1050900022735A7962739A79DB79E37329464FF464
:1050A0005C73236084F80780A27306F003F8564B04
:1050B0001B68012B00F0AE80022006F02DFEF36D80
:1050C0002373022500221B12284640F2733808275A
:1050D00063732272012362729922A273E372E373F3
:1050E000A572C4F80080E77106F016FE3F48C4F8C8
:1050F0000080E771FDF710FC44490BF087FE0CF0CF
:1051000087F820723948FDF707FC40490BF07EFE16
:105110000CF07EF8C0F3072334486372FDF7FEFB02
:105120003A490BF073FE0CF073F8A0722F48FDF7AC
:10513000F5FB36490BF06AFE0CF06AF8C0F3072362
:105140002A48E372FDF768FC31490BF057FD0CF07B
:105150005FF820732548FDF75FFC2D490BF04EFDED
:105160000CF056F8C0F3072320486373FDF752FC98
:1051700027490BF043FD0CF04BF8A0731B48FDF7DB
:1051800049FC23490BF03AFD0CF042F80F49C0F3FB
:1051900007231348E37305F08DFF284606F0BCFD96
:1051A000B26DF36DE57112FB03F3C3F3072140F217
:1051B0007932237261722260BDE8F8830BF0D2FD70
:1051C000716A05468FE600BF4093FF1F3895FF1FA9
:1051D000A093FF1F000020411895FF1F9C92FF1F06
:1051E00070B8FF1F4087FF1F4487FF1FC095FF1F38
:1051F0000000C8425493FF1F9C93FF1F1095FF1F90
:105200002C87FF1F6087FF1F2895FF1F00007A442F
:10521000339388432648FDF77FFB396D0BF0EEFC96
:1052200081462348FDF77AFB014648460BF08CFF88
:1052300000283FF441AF40F2C3331D4885F8078092
:105240002B60FDF769FBFF6C39460BF07DFFC8B1A1
:10525000184938460BF0DAFD0BF0DAFF80B240FA5D
:1052600008F368722B7200230127042503221249D8
:105270001248A772E57222736373A373E37305F098
:1052800019FF19E70A48FDF747FB0A490BF0BEFD75
:105290000BF0BEFFC0F3072305482B72FDF73CFB64
:1052A00004490BF0B3FD0BF0B3FF6872DBE700BFFE
:1052B000C095FF1F00007A443895FF1F70B8FF1F8C
:1052C0002DE9F04F83B008F0D1FE384D286007F08B
:1052D0008DF8002840F36881354F07F097F83B6858
:1052E0002860042B00F06681092B00F07C83022BE0
:1052F0004CD1A0F13103422B52D8DFE813F09E0DC0
:105300006B0D190D310D4E0D5B00700C7F0C5100B3
:105310005100510051005100510051005100510005
:1053200051005100510051005100510051005100F5
:1053300051005100510051005100510051005100E5
:1053400051005100510051005100510051005100D5
:1053500051005100510051005100510051005100C5
:1053600051004300510051005100510051005100C3
:105370005100510051005100510051005100810075
:105380005100960CFFF7AAFC3B682868082B2AD12D
:10539000322800F00984712832D0312801F0F081E0
:1053A000732831D003B0BDE8F08F00BF9892FF1F83
:1053B0005895FF1F01233B6008F094FE002805DD8F
:1053C000C148C24C09F05AFBA4F8C20007F00EF81D
:1053D000002805DDBE48BD4C09F050FBA4F8C20012
:1053E00063203B682860072B40F09681332802F049
:1053F000798640F37383342802F0FE857128CFD17B
:10540000002273233A602B603B68002BCAD1B14E57
:10541000AD48B14C09F0A0F90421B04808F08CFE69
:10542000A94809F099F91021AD4808F085FEA64871
:1054300009F092F91321AB4808F07EFE2168A248DA
:1054400009F0DAF9A04809F087F91421A64808F014
:1054500073FE9D4809F080F91E21A44808F06CFEF7
:10546000994809F079F91521A14808F065FE964898
:1054700009F072F91E219F4808F05EFE924809F07B
:105480006BF920219C4808F057FE8F4809F064F919
:1054900019219A4808F050FE8B4809F05DF9122155
:1054A000974808F049FE884809F056F919219548AF
:1054B00008F042FE844809F04FF90F21924808F0A5
:1054C0003BFE814809F048F90D21904808F034FE70
:1054D0007D4809F041F97E4809F03EF904217F48F2
:1054E00006F002FF7A4809F037F910217C4806F0EF
:1054F000FBFE774809F030F913217A4806F0F4FEF4
:105500002168734809F078F9714809F025F91421E8
:10551000754806F0E9FE6E4809F01EF91E21734831
:1055200006F0E2FE6A4809F017F91521704806F006
:10553000DBFE674809F010F91E216E4806F0D4FE24
:10554000634809F009F920216B4806F0CDFE604858
:1055500009F002F91921694806F0C6FE5C4809F015
:10556000FBF81221664806F0BFFE594809F0F4F82E
:105570001921644806F0B8FE554809F0EDF80F21EE
:10558000614806F0B1FE524809F0E6F80D215F4887
:1055900006F0AAFE4E4809F0DFF80022012332602F
:1055A0003B6003B0BDE8F08F594F28683B68042B7F
:1055B0007FF49AAEA0F13103402B3FF6F1AE01A289
:1055C00052F823F0CD690000176A00005B69000003
:1055D000516A0000E5690000016A0000136A0000DA
:1055E0001B6A00001F6A0000A1530000A1530000C5
:1055F000A1530000A1530000A1530000A1530000DB
:10560000A1530000A1530000A1530000A1530000CA
:10561000A1530000A1530000A1530000A1530000BA
:10562000A1530000A1530000A1530000A1530000AA
:10563000A1530000A1530000A1530000A15300009A
:10564000A1530000A1530000A1530000A15300008A
:10565000A1530000A1530000A1530000A15300007A
:10566000A1530000A1530000A1530000A15300006A
:10567000A1530000A1530000A1530000A15300005A
:10568000A1530000A1530000A1530000A15300004A
:10569000A1530000A1530000A1530000A15300003A
:1056A000A1530000A1530000A1530000A15300002A
:1056B000A1530000A1530000A1530000A15300001A
:1056C000A1530000015400000888FF1FA093FF1F92
:1056D000C887FF1F4887FF1F2487FF1F74610100D1
:1056E0007C61010090610100A4610100BC610100C6
:1056F000DC610100F4610100146201003862010004
:105700005462010068620100846201009462010039
:105710005895FF1F3B682868062B40F08D80A0F14C
:105720003103402B3FF63CAE01A252F823F000BFFC
:10573000AB6A0000FB6A00004B6B0000956B000039
:105740003B6C0000596C0000C96C0000556A0000F9
:10575000676A0000A1530000A1530000A15300009C
:10576000A1530000A1530000A1530000A153000069
:10577000A1530000A1530000A1530000A153000059
:10578000A1530000A1530000A1530000A153000049
:10579000A1530000A1530000A1530000A153000039
:1057A000A1530000A1530000A1530000A153000029
:1057B000A1530000A1530000A1530000A153000019
:1057C000A1530000A1530000A1530000A153000009
:1057D000A1530000A1530000A1530000A1530000F9
:1057E000A1530000A1530000A1530000A1530000E9
:1057F000F16D0000A1530000A1530000A15300006F
:10580000A1530000A1530000A1530000A1530000C8
:10581000A1530000A1530000A1530000A1530000B8
:10582000A1530000A1530000A1530000A1530000A8
:10583000015400003B682868052B15D1332802F07D
:10584000738440F37881352802F0B684C2F28B84E9
:1058500071287FF4A5ADCE49002373220B603B6015
:105860002A60D1E53B682868032B40F0B680A0F1A0
:105870003003422B3FF694AD01A252F823F000BF53
:105880008D59000079790000C77900001578000073
:1058900057780000DD7800002B790000417C000083
:1058A0007B7C0000C57C0000A1530000A1530000D8
:1058B000A1530000A1530000A1530000A153000018
:1058C000A1530000A1530000A1530000A153000008
:1058D000A1530000A1530000A1530000A1530000F8
:1058E000A1530000A1530000A1530000A1530000E8
:1058F000A1530000A1530000A1530000A1530000D8
:10590000A1530000A1530000A1530000A1530000C7
:10591000A1530000A1530000A1530000A1530000B7
:10592000A1530000A1530000A1530000A1530000A7
:10593000A1530000A1530000A1530000A153000097
:10594000A1530000137D0000536E00006777000034
:10595000A1770000DB770000157A0000B37A000021
:10596000017B0000A1530000537B0000957B0000E9
:10597000A1530000A1530000A1530000A153000057
:10598000A153000001540000FD7B000008F0AAFBB9
:1059900000280DDD7F48804C09F070F80126034691
:1059A000014662227D48A3653E602A60FCF7BAFF8B
:1059B00006F01CFD002842F318837948764C09F064
:1059C0005DF801260346014662227448A3653E60E5
:1059D0002A60FCF7A7FF3B682868012B27D07328B3
:1059E0007FF4E0AC10E56C4C6B4A94F8CA30012BA4
:1059F00084BF002384F8CA3094F8C930012B02D93F
:105A0000002382F8C930322800F0D68671283FF48E
:105A1000F7AC31287FF4C4AC94F8C930B3FA83F3FF
:105A20005B090122782084F8C9303A602860A0F12F
:105A30005203262B3FF6B4AC01A252F823F000BF6C
:105A40006D7D0000A1530000A1530000A153000090
:105A5000A1530000A1530000A1530000A153000076
:105A6000A1530000A1530000A1530000A153000066
:105A7000A1530000A1530000A1530000155C0000D9
:105A800027850000095E0000FB5D000097620000B2
:105A9000A1530000A1530000A1530000315C00009D
:105AA000A15300002D850000A1530000A153000068
:105AB000A1530000A1530000A15300004D7D000040
:105AC000A1530000A1530000A1530000A153000006
:105AD000A1530000A1530000235C0000312802F014
:105AE000AB8232287FF45CAC08F0FCFA00280DDDB4
:105AF0002848294C08F0C2FF0BF034F929490BF073
:105B000085F90122612320643A602B6006F06EFC67
:105B100000287FF7FFAD22481F4C08F0AFFF0BF0C5
:105B200021F920490BF072F96123012220643A60C7
:105B30002B6018467BE7312802F05F8332287FF420
:105B40002FAC08F0CFFA002809DD1248124C08F0FB
:105B500095FF01226B23C4F890003A602B6006F099
:105B600045FC00287FF77EAE0D480B4C08F086FF01
:105B700001226B23C4F890003A602B6001E008F02A
:105B800075FA08F0AFFA0028F9D100F024BE00BF82
:105B9000F894FF1F0888FF1FA093FF1FC095FF1FE9
:105BA000C887FF1F6F12833A08F09CFA002814DDA3
:105BB0009848994C08F062FF0BF0D4F897490BF025
:105BC00025F994F84410034602469548A364FCF76F
:105BD000ABFE012269233A602B6006F007FC002827
:105BE00040F3B7868F488C4C08F048FF0BF0BAF8AA
:105BF0008A490BF00BF994F8441003460246884892
:105C0000A364FCF791FE012369203B6028600EE746
:105C100008F02CFA08F066FA0028F9D110E008F034
:105C200025FA08F05FFA0028F9D13BE308F01EFAE4
:105C300008F058FA0028F9D100F014BD06F0E6FB90
:105C400006F0D4FB04460028F8D17248724D08F0E3
:105C500083FD704808F080FD6E4808F07DFD6D48BA
:105C600008F07AFD6B4808F077FD1F216E4808F0B8
:105C700063FA684808F070FD1C216C4808F05CFA73
:105C8000A86A6B490BF0C2F80AF016FC00940246B1
:105C90000B46604808F0B8FD0221664808F04CFA4F
:105CA0005C4808F059FD2321634808F045FA286C48
:105CB0005F490BF0ABF80AF0FFFB009402460B467D
:105CC000544808F0A1FD02215A4808F035FA51481D
:105CD00008F042FD1921594808F02EFAE86B0AF045
:105CE000EBFB022602460B4600964A4808F08CFD64
:105CF0003146534808F020FA464808F02DFD192196
:105D0000504808F019FAB5F8C010424808F074FD80
:105D100003214D4808F010FA3E4808F01DFD4148A7
:105D200008F01AFD3F4808F017FD3E4808F014FD42
:105D30003C4808F011FD3B4808F00EFD1F213A4891
:105D400006F0D2FA374808F007FD1C21374806F064
:105D5000CBFAA86A36490BF059F80AF0ADFB00946B
:105D600002460B462F4808F04FFD3146314806F0F9
:105D7000BBFA2C4808F0F0FC23212F4806F0B4FAB7
:105D8000286C2B490BF042F80AF096FB009402466F
:105D90000B46244808F038FD3146264806F0A4FAA0
:105DA000204808F0D9FC1921244806F09DFAE86B38
:105DB0000AF082FB00960B4602461A4808F024FDC2
:105DC00031461F4806F090FA164808F0C5FC192124
:105DD0001C4806F089FAB5F8C010124808F00CFD0E
:105DE0000321194806F080FA0E4808F0B5FC072395
:105DF0003B60FFF7D7BA08F039F908F073F90028CB
:105E0000F9D125E008F032F908F06CF90028F9D151
:105E10007EE100BF0888FF1FA093FF1F6F12833A27
:105E2000C095FF1FC887FF1F186001003860010080
:105E300000007A446C590100586001007C60010048
:105E4000EC5F010098600100B460010006F0DEFA2A
:105E500006F0CCFA0028F9D19548DFF8A0B2DFF8B7
:105E6000A0A2DFF8A092DFF8A082924E924D934C50
:105E700008F072FC8E4808F06FFC8D4808F06CFC4E
:105E80008B4808F069FC8A4808F066FC13218C48AE
:105E900008F052F9864808F05FFC0D21894808F0A7
:105EA0004BF9834808F058FC0F21874808F044F963
:105EB000DBF800107E4808F09FFC7D4808F04CFCA1
:105EC0001321824808F038F9DAF80010784808F011
:105ED00093FC774808F040FC12217D4808F02CF92B
:105EE000D9F80010724808F087FC714808F034FCBB
:105EF0001121784808F020F9D8F800106C4808F013
:105F00007BFC6B4808F028FC0E21734808F014F95C
:105F1000724B6748D3F8A81008F06EFC644808F08C
:105F20001BFC19216E4808F007F93168604808F039
:105F300063FC5F4808F010FC11216A4808F0FCF887
:105F400029685B4808F058FC594808F005FC102106
:105F5000654808F0F1F82168554808F04DFC5448B0
:105F600008F0FAFB1C21614808F0E6F8604B504845
:105F7000196808F041FC4E4808F0EEFB13215D481B
:105F800008F0DAF84A4808F0E7FB5B4808F0E4FB61
:105F9000594808F0E1FB584808F0DEFB564808F085
:105FA000DBFB554808F0D8FB1321454806F09CF967
:105FB000514808F0D1FB0D21424806F095F94E48B2
:105FC00008F0CAFB0F21404806F08EF9DBF80010FC
:105FD000494808F011FC484808F0BEFB13213B4833
:105FE00006F082F9DAF80010434808F005FC424850
:105FF00008F0B2FB1221364806F076F9D9F8001005
:106000003D4808F0F9FB3C4808F0A6FB1121314857
:1060100006F06AF9D8F80010374808F0EDFB36486A
:1060200008F09AFB0E212C4806F05EF92B4B324803
:10603000D3F8A81008F0E0FB2F4808F08DFB1921D9
:10604000274806F051F931682B4808F0D5FB2A485B
:1060500008F082FB1121234806F046F929682648FA
:1060600008F0CAFB244808F077FB10211E4806F010
:106070003BF92168204808F0BFFB1F4808F06CFB83
:106080001C211A4806F030F9194B1B48196808F012
:10609000B3FB194808F060FB1321164806F024F9F9
:1060A000154808F059FB04233B60FFF77BB900BF9C
:1060B0000888FF1FFC94FF1FF894FF1F3495FF1FF3
:1060C000A4620100B8620100C8620100D862010048
:1060D000EC6201000063010014630100A093FF1F44
:1060E0002463010040630100546301006863010000
:1060F0006C87FF1FF05D0100C887FF1FE894FF1F3A
:106100004C95FF1F3095FF1FBC92FF1F06F07EF9D4
:1061100006F06CF90028F9D1AA48AB4C08F01CFB3A
:10612000A84808F019FBA74808F016FBA54808F096
:1061300013FBA44808F010FB1F21A44807F0FCFF44
:10614000A04808F009FB1E21A14807F0F5FF9D4873
:1061500008F002FB1A219F4807F0EEFF9E4808F066
:10616000FBFA9D4808F0F8FA9B4808F0F5FA9A48BF
:1061700008F0F2FA984808F0EFFA1F21934806F069
:10618000B3F8954808F0E8FA1E21914806F0ACF8FB
:10619000914808F0E1FA1A218E4806F0A5F8E36F5D
:1061A000022B02F08181032B02F06E81012B02F0A1
:1061B0005B810921894807F0BFFF824808F0CCFACB
:1061C0008648092106F090F8834808F0C5FA1421A2
:1061D00083487D4D07F0B0FFA16F7A4808F00CFBB3
:1061E000784808F0B9FA1C217E4807F0A5FFD4F8DA
:1061F0008410744808F000FB724808F0ADFA1C21C6
:10620000794807F099FFD4F8B4106E4808F0F4FA12
:106210006C4808F0A1FA1421714806F065F8A16FE6
:106220006D4808F0E9FA6C4808F096FA1C216D48B0
:1062300006F05AF8D4F88410674808F0DDFA66488A
:1062400008F08AFA1C21684806F04EF8D4F8B41019
:10625000614808F0D1FA604808F07EFAE36F23F055
:106260000202012A02F01A80022B02F02D81132172
:106270005E4807F061FF534808F06EFA13215B484F
:1062800006F032F8544808F067FA02233B60FFF743
:1062900089B807F0EBFE07F025FF0028F9D1B3E03D
:1062A00006F0B4F806F0A2F804460028F8D14548F4
:1062B000454D08F051FA434808F04EFA414808F0BD
:1062C0004BFA404808F048FA3E4808F045FA1521D4
:1062D000474807F031FF3B4808F03EFA394808F0DC
:1062E0003BFA2C21434807F027FF364808F034FAE0
:1062F0002521414807F020FF23460A2295F8C910BE
:10630000304808F039FA2F4808F026FA19213B489E
:1063100007F012FF304808F01FFA2F4808F01CFA67
:106320002D4808F019FA2C4808F016FA2A4808F007
:1063300013FA15212E4805F0D7FF274808F00CFA6C
:10634000254808F009FA2C212A4805F0CDFF2248FB
:1063500008F002FA2521284805F0C6FF234695F8E3
:10636000C9101D480A2208F007FA1B4808F0F4F982
:106370001921224805F0B8FF95F8CA30002B41F0EA
:1063800070870E211E4807F0D7FE0E4808F0E4F98A
:106390001B480E2105F0A8FF0F4808F0DDF9132176
:1063A000124807F0C9FE074808F0D6F913210F4834
:1063B00005F09AFF084808F0CFF909233B60FEF783
:1063C000F1BF00BF0888FF1FA093FF1F8863010073
:1063D000A8630100C8630100C887FF1F4064010073
:1063E0004C6401006464010084640100F05D0100FC
:1063F0006C620100585D0100885D0100B05D010024
:10640000CC5D010006F002F805F0F0FF054600281B
:10641000F8D18648864C08F09FF9844808F09CF92A
:10642000824808F099F9814808F096F97F4808F009
:1064300093F911217F4807F07FFE7C4808F08CF922
:1064400028217D4807F078FEA0697C490AF0DEFC2F
:106450000AF032F8009502460B46744808F0D4F969
:106460000221774807F068FE704808F075F9162198
:10647000744807F061FE206A70490AF0C7FC0AF010
:106480001BF8009502460B46684808F0BDF902214A
:106490006B4807F051FE654808F05EF96A4808F05D
:1064A0005BF9694808F058F9674808F055F96648FB
:1064B00008F052F9644808F04FF911215D4805F0E1
:1064C00013FF614808F048F928215B4805F00CFFEC
:1064D000A0695A490AF09AFC09F0EEFF00950246BD
:1064E0000B46594808F090F90221554805F0FCFE8A
:1064F000554808F031F91621524805F0F5FE206A9A
:106500004E490AF083FC09F0D7FF00950B4602467E
:106510004D4808F079F90221494805F0E5FE4A485E
:1065200008F01AF9D4F8B830002B68DD1D2147486F
:1065300007F002FEB4F860000AF014FC44490AF0C7
:1065400065FC09F0B9FF022502460B460095374865
:1065500008F05AF901213F4807F0EEFD334808F0F2
:10656000FBF81F213C4807F0E7FDB4F864000AF08F
:10657000F9FB37490AF04AFC09F09EFF00950246F4
:106580000B462A4808F040F90121324807F0D4FDB3
:10659000264808F0E1F81D212C4805F0A5FEB4F8C6
:1065A00060000AF0DFFB2A490AF030FC09F084FFA2
:1065B000009502460B46244808F026F9012125489B
:1065C00005F092FE204808F0C7F81F21224805F088
:1065D0008BFEB4F864000AF0C5FB1D490AF016FCF6
:1065E00009F06AFF009502460B46174808F00CF9BF
:1065F0001848012105F078FE134808F0ADF8112184
:10660000164807F099FD1121144805F06DFED4F8E5
:10661000B830062B01F2C483DFE813F0D50CDE0C92
:10662000CC0CC30CBA0CB10CBA0B00BF0888FF1F0E
:10663000A093FF1FE06101004C5E010000007A445E
:106640006C590100785E0100C887FF1F905E010051
:10665000CDCCCC3DC8640100B05E0100D05E01002D
:1066600005F0D4FE05F0C2FE04460028F8D1C34868
:10667000C34D08F071F8C14808F06EF8BF4808F043
:106680006BF8BE4808F068F8BC4808F065F81521BA
:10669000BC4807F051FDB94808F05EF81821BA4827
:1066A00007F04AFD23460A2295F84410B34808F043
:1066B00063F8B24808F050F82821B44807F03CFDD0
:1066C000A86CB3490AF0A2FB09F0F6FE009402465A
:1066D0000B46AA4808F098F80221AE4807F02CFDB6
:1066E000A64808F039F81321AB4807F025FDA34868
:1066F00008F032F8A94808F02FF8A84808F02CF85C
:10670000A64808F029F8A54808F026F8A34808F09C
:1067100023F815219B4805F0E7FDA04808F01CF878
:106720001821994805F0E0FD23460A2295F8441007
:106730009A4808F021F8994808F00EF82821934863
:1067400005F0D2FDA86C92490AF060FB09F0B4FE96
:1067500000940B460246914808F056F802218D48F5
:1067600005F0C2FD8D4807F0F7FF13218A4805F0B8
:10677000BBFD8A4807F0F0FF08233B60FEF712BE1E
:1067800007F0B0FC002840F3E2807C487C4C08F025
:1067900075F984F8440005F029FE002801F34C85C2
:1067A00094F84400A26C02288ABF0021014684F8B4
:1067B00044107B48FFF725BA94F8CA30B3FA83F344
:1067C0005B090122782084F8CA303A602860FFF71C
:1067D0002EB905F01BFE05F009FE0028F9D1674827
:1067E00007F0BAFF654807F0B7FF644807F0B4FF49
:1067F000624807F0B1FF614807F0AEFF2121694808
:1068000007F09AFC5D4807F0A7FF1521664807F0DE
:1068100093FCD4F88810594807F0EEFF0221634832
:1068200007F08AFC554807F097FF1E21604807F0E3
:1068300083FCD4F89010514807F0DEFF03215D4837
:1068400007F07AFC4D4807F087FF1E215A4807F0F1
:1068500073FCD4F88C10494807F0CEFF474807F086
:106860007BFF1D21554807F067FCD4F8AC10434866
:1068700007F0C2FF414807F06FFF1E21504807F0A4
:106880005BFCD4F8B0103D4807F0B6FF3B4807F07A
:1068900063FF424807F060FF404807F05DFF3F4854
:1068A00007F05AFF3D4807F057FF3C4807F054FFF8
:1068B00021213C4805F018FD384807F04DFF15210F
:1068C000394805F011FDD4F88810344807F094FFDA
:1068D0000221364805F008FD304807F03DFF1E2133
:1068E000334805F001FDD4F890102C4807F084FFE0
:1068F0000321304805F0F8FC284807F02DFF1E2141
:106900002D4805F0F1FCD4F88C10244807F074FFF2
:10691000224807F021FF1D21284805F0E5FCD4F8A6
:10692000AC101E4807F068FF1C4807F015FF1E2139
:10693000234805F0D9FCD4F8B010184807F05CFFE4
:10694000164807F009FF05233B60FEF72BBD0C4CF2
:1069500021E73B682868FEF746BD1A4A1A4E1368BD
:10696000002B0CBF012100214FF0010311603B609F
:1069700041F0648564202860FEF7B6BC0888FF1FDC
:10698000A093FF1F3C620100045E0100205E010035
:1069900000007A446C590100F05D0100C887FF1FB8
:1069A000C095FF1FB8600100DC600100645F01005A
:1069B000F46001004C5C01001461010034610100CD
:1069C000546101003095FF1F5895FF1FB24A1368AC
:1069D000B3FA83F35B0901216420136039602860F6
:1069E000FFF725B8AD4CD4F8A830B3FA83F35B09B0
:1069F00001226420C4F8A8303A602860FFF717B875
:106A00000123A7483B60FAF7A1FDA64A3B68106046
:106A1000B0E7A54ADBE7A54AD9E7A54AD7E70123AE
:106A20003B6007F05FFB002801F31484A14C05F0E4
:106A3000DDFC002801F3088420680428C8BF022375
:106A40004FF06400C8BF236028603B68FEF74CBC71
:106A5000994ABCE7914B93F8C820012A0CBF002249
:106A6000012283F8C82007F03DFB00280ADD934887
:106A70008A4C08F003F80AF075F901226523606377
:106A80003A602B6005F0B2FC00287EF7D3AE8C484C
:106A9000824C07F0F3FF0AF065F965230122606379
:106AA0003A602B601846FEF7C2BF07F01BFB0028B8
:106AB0000DDD8248794C07F0E1FF0AF053F9814976
:106AC0000AF058FA01226523A0613A602B6005F0B4
:106AD0008DFC00287EF7AEAE7948704C07F0CEFFF3
:106AE0000AF040F977490AF045FA65230122A061CE
:106AF0003A602B601846FEF79ABF07F0F3FA0028B9
:106B00000DDD6E48654C07F0B9FF0AF02BF96D49B1
:106B10000AF030FA0122652320623A602B6005F00A
:106B200065FC00287EF786AE65485C4C07F0A6FF42
:106B30000AF018F963490AF01DFA65230122206260
:106B40003A602B601846FEF772BF07F0CBFA0028B8
:106B50000CDD5A48514C07F091FF00EB80004300D8
:106B600001216522A4F8603039602A6005F03EFCFE
:106B700000287EF75FAE5248484C07F07FFF00EBDD
:106B80008000430001226520A4F860303A6028604C
:106B9000FEF74DBF07F0A6FA00280CDD47483F4C32
:106BA00007F06CFF00EB8000430001216522A4F890
:106BB000643039602A6005F019FC00287EF73AAE8F
:106BC0003F48364C07F05AFF00EB8000430001229B
:106BD0006520A4F864303A602860FEF728BF2F4A89
:106BE000D2F880300133032BC8BF0123C2F88030B4
:106BF000012363203B602860FEF719BF01233B603F
:106C000007F070FA002805DD2C48244C07F036FF09
:106C1000C4F89C0005F0EAFB0028E9DD28481F4C79
:106C200007F02CFFC4F89C00E2E71C4AD36F013345
:106C3000032BC8BF0023D367DAE7184AD2F8B8306D
:106C40000133062BC8BF0023C2F8B83001236520EA
:106C50003B602860FEF7EBBE07F044FA002809DD30
:106C600016480E4C07F00AFF01226523C4F8BC0049
:106C70003A602B6005F0BAFB00287EF7DBAD1048C8
:106C8000064C07F0FBFE65230122C4F8BC003A6005
:106C90002B601846FEF7CBBEE894FF1FA093FF1FA2
:106CA000C095FF1FFC94FF1FF894FF1F4C95FF1F1A
:106CB0003495FF1F6C87FF1FBC92FF1F0888FF1FC2
:106CC000C887FF1F00007A4407F00CFA002816DD81
:106CD0007148724C07F0D2FE4FF47A7303FB00F355
:106CE0006F48636003F0D0FE002361686D4A009333
:106CF0006B4803F0E7FF012265233A602B6005F043
:106D000075FB00287EF796AD6748644C07F0B6FE29
:106D10004FF47A7303FB00F36148636003F0B4FE41
:106D2000002361685F4A5E48009303F0CBFF8DE764
:106D300001233B6007F0D6F9002805DD5648574C83
:106D400007F09CFEC4F8B40005F050FB00287FF764
:106D50004FAF5548514C07F091FEC4F8B40047E7D7
:106D600001233B6007F0BEF9002807DD4A484B4C81
:106D700007F084FE09F0F6FFC4F8980005F036FB32
:106D800000287EF72DAB4848444C07F077FE09F009
:106D9000E9FFC4F89800FEF723BB01233B6007F02E
:106DA000A1F9002807DD3C483C4C07F067FE09F0DC
:106DB000D9FFC4F8940005F019FB00287EF710AB4A
:106DC0003948364C07F05AFE09F0CCFFC4F894005D
:106DD000FEF706BB314CD4F88430B3FA83F35B0979
:106DE00001226320C4F884303A602860FEF71FBE99
:106DF00007F078F900280CDD2748284C07F03EFE04
:106E000000EB8000430001216522A4F86230396064
:106E10002A6005F0EBFA00287EF70CAD22481F4CE3
:106E200007F02CFE00EB8000430001226520A4F84F
:106E300062303A602860FEF7FABD184CA36FB3FACF
:106E400083F35B0901226320A3673A602860FEF7A1
:106E5000EEBD07F047F9002808DD0F480F4C07F09A
:106E60000DFE01226223A0663A602B6005F0BEFA97
:106E7000002841F3BA800C48084C07F0FFFD0122BE
:106E80006223A0663A602B6001E007F0EFF807F09C
:106E900029F90028F9D10BE00888FF1FA093FF1FF4
:106EA00070B8FF1F0CBAFF1FC887FF1F05F0AEFAAE
:106EB00005F09CFA06460028F8D1C34807F04CFCC0
:106EC000C14807F049FCC04807F046FCBE4807F03F
:106ED00043FCBD4807F040FC1521BC4807F02CF9E5
:106EE000B94807F039FC1421B94807F025F9B6482C
:106EF00007F032FC1B21B74807F01EF9B24807F033
:106F00002BFC1321B44807F017F9AF4807F024FC15
:106F1000AD4807F021FCAC4807F01EFC2021AF482B
:106F200007F00AF9E068AE4909F070FF09F0C4FA09
:106F3000009602460B46A44807F066FC0221A948C9
:106F400007F0FAF80221A84807F0F6F89E4807F083
:106F500003FC2121A54807F0EFF82069A04909F0BA
:106F600055FF09F0A9FA009602460B46964807F02D
:106F70004BFC02219B4807F0DFF802219A4807F0FA
:106F8000DBF8914807F0E8FB1F21994807F0D4F897
:106F9000E06A09F091FA022502460B4600958A48FC
:106FA00007F032FC0121934807F0C6F829468E48C5
:106FB00007F0C2F8844807F0CFFB20218E4807F085
:106FC000BBF8206B09F078FA009502460B467E4824
:106FD00007F01AFC0121874807F0AEF829468248DD
:106FE00007F0AAF8784807F0B7FB2321834807F099
:106FF000A3F8E06C7A4909F009FF09F05DFA009600
:1070000002460B46704807F0FFFB2946754807F01B
:1070100093F82946744807F08FF86B4807F09CFBFB
:107020001F21774807F088F8206D6D4909F0EEFEC2
:1070300009F042FA009602460B46634807F0E4FB6B
:107040002946684807F078F82946674807F074F839
:107050005D4807F081FB19216A4807F06DF8E16D82
:10706000594807F0C9FB2946674807F065F82946E3
:107070005D4807F061F8544807F06EFB182163483B
:1070800007F05AF8B4F8660009F06CFE604909F0A0
:10709000BDFE09F011FA009502460B464A4807F07A
:1070A000B3FB01215B4807F047F829464E4807F03B
:1070B00043F8454807F050FB2B21574807F03CF8B0
:1070C000E069474909F0A2FE09F0F6F90096024688
:1070D0000B463D4807F098FB2946424807F02CF83C
:1070E0002946414807F028F8374807F035FB1F21AB
:1070F0004A4807F021F8A16D334807F07DFB294687
:10710000394807F019F8304807F026FB2021444899
:1071100007F012F8616D2C4807F06EFB29463248E3
:1071200007F00AF8284807F017FB10213D4807F040
:1071300003F8A16E244807F05FFB2946294806F0B2
:10714000FBFF2946284806F0F7FF1F4807F004FB1D
:107150001321354806F0F0FFE16E1B4807F04CFBA9
:107160000121324806F0E8FF29461F4806F0E4FFF7
:10717000154807F0F1FA10212D4806F0DDFF216FC8
:10718000114807F039FB2946164806F0D5FF294675
:10719000154806F0D1FF0C4807F0DEFA1421254807
:1071A00006F0CAFF616F084807F026FB01211F485F
:1071B00006F0C2FF29460C4806F0BEFF024807F061
:1071C000CBFA162138E000BF0888FF1F8C6501004C
:1071D000A4650100BC650100F05D0100D8650100F7
:1071E00000007A446C590100B8680100FC65010098
:1071F000206601007C5901004066010064660100C0
:1072000088660100A8660100C4660100C866010026
:10721000CDCCCC3DC8640100E466010010670100DC
:107220003067010054670100686701007C67010056
:107230008067010094670100C44806F07DFF606A22
:10724000C34909F0E3FD09F037F9009602460B4601
:10725000C04807F0D9FA2946BF4806F06DFF294615
:10726000BE4806F069FFBB4807F076FA2421BC4807
:1072700006F062FFD4F8C400B54909F0C7FD09F073
:107280001BF9009602460B46B24807F0BDFA2946A4
:10729000B14806F051FF2946B04806F04DFFAD4811
:1072A00007F05AFA2B21AF4806F046FFA06B09F011
:1072B00003F9009502460B46A64807F0A5FA0121FE
:1072C000A94806F039FF2946A44806F035FFA14831
:1072D00007F042FA2721A54806F02EFF60699C4975
:1072E00009F094FD09F0E8F8009602460B4699482B
:1072F00007F08AFA2946984806F01EFF2946974863
:1073000006F01AFF934807F027FA924807F024FA8C
:10731000974807F021FA964807F01EFA944807F0BC
:107320001BFA934807F018FA914807F015FA15214F
:10733000904804F0D9FF8E4807F00EFA14218E48C9
:1073400004F0D2FF8A4807F007FA1B218B4804F0AB
:10735000CBFF874807F000FA1321894804F0C4FFE7
:10736000834807F0F9F9824807F0F6F9804807F0FA
:10737000F3F92021834804F0B7FFE068744909F06D
:1073800045FD09F099F8009602460B46784807F04B
:107390003BFA2946704804F0A7FF29466F4804F0DD
:1073A000A3FF734807F0D8F92121774804F09CFF28
:1073B0002069674909F02AFD09F07EF80096024627
:1073C0000B466B4807F020FA2946634804F08CFF0F
:1073D0002946624804F088FF654807F0BDF91F217F
:1073E0006A4804F081FFE06A09F066F800950246F9
:1073F0000B465F4807F008FA01215B4804F074FF70
:107400002946564804F070FF594807F0A5F9202195
:107410005F4804F069FF206B09F04EF800950246C2
:107420000B46534807F0F0F901214F4804F05CFF88
:1074300029464A4804F058FF4D4807F08DF92321AA
:10744000544804F051FFE06C414909F0DFFC09F0B9
:1074500033F8009602460B46454807F0D5F9294611
:107460003D4804F041FF29463C4804F03DFF4048B8
:1074700007F072F91F21484804F036FF206D3449A7
:1074800009F0C4FC09F018F8009602460B4638488B
:1074900007F0BAF92946304804F026FF29462F485C
:1074A00004F022FF324807F057F919213B4804F055
:1074B0001BFFE16D2E4807F09FF92946384804F07C
:1074C00013FF2946254804F00FFF294807F044F927
:1074D0001821344804F008FFB4F8660009F042FCB3
:1074E000314909F093FC08F0E7FF009502460B468E
:1074F0001F4807F089F901212C4804F0F5FE2946C0
:10750000164804F0F1FE1A4807F026F92B21284806
:1075100004F0EAFEE0690E4909F078FC08F0CCFFBF
:10752000009602460B46124807F06EF929460A48B3
:1075300004F0DAFE2946094804F0D6FE0C4807F0AC
:107540000BF91F211B4804F0CFFE35E0AC670100AA
:1075500000007A440888FF1F6C590100B8680100D8
:10756000C4670100EC6701007C5901001868010044
:10757000C887FF1F8C650100A4650100BC65010080
:10758000F05D0100D8650100FC6501002066010086
:10759000406601006466010088660100A86601007B
:1075A000C4660100C8660100CDCCCC3DC8640100B2
:1075B000E466010010670100A16DB74807F01CF9EF
:1075C0002946B64804F090FEB34807F0C5F82021DC
:1075D000B34804F089FE616DAF4807F00DF9294604
:1075E000AE4804F081FEAC4807F0B6F81021AD4873
:1075F00004F07AFEA16EA84807F0FEF82946AA48D2
:1076000004F072FE2946A54804F06EFEA24807F079
:10761000A3F81321A54804F067FEE16E9E4807F029
:10762000EBF80121A24804F05FFE29469B4804F0D4
:107630005BFE994807F090F810219E4804F054FE34
:10764000216F954807F0D8F82946974804F04CFE7A
:107650002946924804F048FE8F4807F07DF814212F
:10766000954804F041FE616F8B4807F0C5F8012191
:107670008F4804F039FE2946884804F035FE8648D4
:1076800007F06AF816218D4804F02EFE606A8C49D6
:1076900009F0BCFB08F010FF009602460B467E483E
:1076A00007F0B2F82946804804F01EFE29467B48C0
:1076B00004F01AFE784807F04FF82421814804F0BE
:1076C00013FED4F8C4007E4909F0A0FB08F0F4FED4
:1076D000009602460B46704807F096F82946724815
:1076E00004F002FE29466D4804F0FEFD6A4807F0EA
:1076F00033F82B21744804F0F7FDA06B08F0DCFE92
:10770000009502460B46644807F07EF801216F4859
:1077100004F0EAFD2946614804F0E6FD5E4807F002
:107720001BF827216A4804F0DFFD6069644909F00D
:107730006DFB08F0C1FE00960B460246564807F066
:1077400063F82946584804F0CFFD2946534804F011
:10775000CBFD514807F000F84F4806F0FDFF03232A
:107760003B60FDF71FBE06F0BDFC002808DD594850
:10777000594C07F083F901226223E0663A602B60DE
:1077800004F034FE002840F330844348524C07F0A4
:1077900075F901226223E0663A602B60FFF777BB40
:1077A00006F0A0FC002808DD4A484B4C07F066F9BB
:1077B0000122622320673A602B6004F017FE002844
:1077C00040F313843448444C07F058F901226223F3
:1077D00020673A602B60FFF75ABB06F083FC002855
:1077E00008DD3C483C4C07F049F901226223606700
:1077F0003A602B6004F0FAFD002840F3F683264837
:10780000354C07F03BF90122622360673A602B6038
:10781000FFF73DBB06F066FC00280ADD2D482E4C24
:1078200007F02CF909F09EFA01226223E0623A6027
:107830002B6004F0DBFD002840F3D7831648264C6C
:1078400007F01CF909F08EFA01226223E0623A6027
:107850002B60FFF71CBB06F045FC00280ADD1D4825
:107860001D4C07F00BF909F07DFA01226223206319
:107870003A602B6004F0BAFD002840F3B683064856
:10788000154C07F0FBF809F06DFA01226223206322
:107890003A602B60FFF7FBBAC887FF1FB86801008A
:1078A00030670100546701006C59010068670100EE
:1078B0007C6701008067010094670100AC670100EC
:1078C00000007A44C4670100EC6701007C590100A4
:1078D000186801000888FF1FA093FF1F06F002FC34
:1078E00000280DDDBF48C04C07F0C8F809F03AFA8F
:1078F000BE4909F03FFB01226223E0643A602B603D
:1079000004F074FD002840F37083B948B64C07F0CA
:10791000B5F809F027FAB54909F02CFB01226223DA
:10792000E0643A602B60FFF7B2BA06F0DBFB002898
:107930000DDDAC48AC4C07F0A1F809F013FAAB49E7
:1079400009F018FB0122622320653A602B6004F0E5
:107950004DFD002840F34983A548A34C07F08EF85D
:1079600009F000FAA14909F005FB01226223206514
:107970003A602B60FFF78BBA06F0B4FB00280DDDF0
:107980009848994C07F07AF809F0ECF9974909F012
:10799000F1FA01226223E0603A602B6004F026FDD8
:1079A000002840F3228392488F4C07F067F809F0D3
:1079B000D9F98E4909F0DEFA01226223E0603A60CB
:1079C0002B60FFF764BA06F08DFB00280DDD8548BB
:1079D000854C07F053F809F0C5F9844909F0CAFA53
:1079E0000122622320613A602B6004F0FFFC002832
:1079F00040F3FB827E487C4C07F040F809F0B2F976
:107A00007A4909F0B7FA0122622320613A602B60BB
:107A1000FFF73DBAFBF792FC02217648724C06F064
:107A20008BFB704806F098FE0221724806F084FB3A
:107A30006C4806F091FE02216E4806F07DFB694815
:107A400006F08AFE17216C4806F076FB654806F0C2
:107A500083FE0221674806F06FFB624806F07CFE59
:107A60000221644804F040FC614806F075FE0221E2
:107A7000604804F039FC5E4806F06EFE02215D4865
:107A800004F032FC5A4806F067FE5B48172104F008
:107A90002BFC574806F060FE0221564804F024FCF7
:107AA000534806F059FE012262233A602B60FFF72B
:107AB000EEB906F017FB00280DDD4A484A4C06F0E7
:107AC000DDFF09F04FF9494909F054FA0122622318
:107AD00060623A602B6004F089FC002840F38582E4
:107AE0004348414C06F0CAFF09F03CF93F4909F010
:107AF00041FA0122622360623A602B60FFF7C7B946
:107B000006F0F0FA00280EDD3648374C06F0B6FFD6
:107B100009F028F9354909F02DFA01226223C4F849
:107B2000C4003A602B6004F061FC002840F35D82E1
:107B30002F482D4C06F0A2FF09F014F92B4909F04B
:107B400019FA01226223C4F8C4003A602B60FFF7DF
:107B50009EB906F0C7FA00280ADD2248224C06F03A
:107B60008DFF09F0FFF801226223A0633A602B60C9
:107B700004F03CFC002840F338821D481A4C06F003
:107B80007DFF09F0EFF801226223A0633A602B60C9
:107B9000FFF77DB906F0A6FA00280DDD1148124C5A
:107BA00006F06CFF09F0DEF8104909F0E3F9012254
:107BB000622360613A602B6004F018FC002840F3F7
:107BC00014820B48084C06F059FF09F0CBF807491E
:107BD00009F0D0F90122622360613A602B60FFF75F
:107BE00056B900BF0888FF1FA093FF1F00007A440A
:107BF000C887FF1FB8680100345D01005C4B5D4819
:107C00005D4C002202211A6006F096FA5B4806F0ED
:107C1000A3FD0B215A4806F08FFA0221554806F0C1
:107C20008BFA564806F098FD0221524804F05CFB9E
:107C3000544806F091FD0B21514804F055FB2BE709
:107C400006F050FA002808DD4C484B4C06F016FFB1
:107C500001226223E0653A602B6004F0C7FB002834
:107C600040F3C3814748444C06F008FF01226223D9
:107C7000E0653A602B60FFF70AB906F033FA002896
:107C80000CDD3E483C4C06F0F9FE00EB8000430062
:107C900001216222A4F8663039602A6004F0A6FB54
:107CA000002840F3A2813748334C06F0E7FE00EB92
:107CB0008000430001216222A4F8663039602A6006
:107CC000FFF7E5B806F00EFA00280DDD2B482A4C28
:107CD00006F0D4FE09F046F82B4909F04BF90122D1
:107CE0006223E0613A602B6004F080FB002840F3DF
:107CF0007C812448204C06F0C1FE09F033F822496B
:107D000009F038F901226223E0613A602B60FFF745
:107D1000BEB806F0E7F9002808DD1848164C06F052
:107D2000ADFE0122622360653A602B6004F05EFBC9
:107D3000002840F35A8113480F4C06F09FFE0122A1
:107D4000622360653A602B60FFF7A1B8D42200215E
:107D500009480E4E03F0D8FC2B6801210022732B3A
:107D600031603A607DF41EABFDF752BB05F074FB49
:107D7000B892FF1FB8680100A093FF1F0888FF1F7B
:107D80004C5D0100C887FF1F00007A444887FF1F31
:107D90000421BD4806F0D0F90421BB4804F0A4FA40
:107DA000BA48BB4D06F0D8FCBA4806F0D5FCD4F86A
:107DB000B830002B52DD1821B74806F0BDF9D5F8D0
:107DC000BC10B24806F018FD0221B44806F0B4F920
:107DD000AE4806F0C1FC1121B14806F0ADF9686863
:107DE00008F0BCFFAF4909F011F808F065FB002668
:107DF00002460B460096A54806F006FD0421AA4857
:107E000006F09AF9A14806F0A7FC1821A24804F050
:107E10006BFAD5F8BC109F4806F0EEFC02219F4893
:107E200004F062FA9B4806F097FC11219C4804F08C
:107E30005BFA686808F092FF9A4908F0E7FF08F0DB
:107E40003BFB009602460B46924806F0DDFC964846
:107E5000042104F049FA8F4806F07EFC1B21934868
:107E600006F06AF91B21914804F03EFA94F8C830F4
:107E7000002B00F0DA82012B07D114218C4806F088
:107E80005BF914218A4804F02FFA8048804E06F0EE
:107E900063FC1F21874806F04FF9606B08F00CFB6C
:107EA000022502460B460095784806F0ADFC2946AF
:107EB000814806F041F9754806F04EFC754806F019
:107EC0004BFC1F217B4804F00FFA606B08F0F4FABA
:107ED00000950B4602466F4806F096FC2946764808
:107EE00004F002FA6B4806F037FCD4F8B830002BE7
:107EF00033DD2721714806F01FF9B6F8620008F05B
:107F000031FF6F4908F082FF08F0D6FA009502466B
:107F10000B465E4806F078FC01216A4806F00CF931
:107F20005A4806F019FC2721644804F0DDF9B6F838
:107F3000620008F017FF624908F068FF08F0BCFA19
:107F4000009502460B46534806F05EFC5D48012151
:107F500004F0CAF94F4806F0FFFB13215A4806F017
:107F6000EBF84A4806F0F8FB1321574804F0BCF937
:107F7000484806F0F1FB06233B60FDF713BA0B21DE
:107F8000524806F0D9F80B21504804F0ADF907E744
:107F90000D214F4806F0D0F80D214D4804F0A4F90A
:107FA000FEE60D214B4806F0C7F80D21494804F0C4
:107FB0009BF9F5E60C21484806F0BEF80C2146482E
:107FC00004F092F9ECE60D21444806F0B5F80D21D5
:107FD000424804F089F9E3E60C21414806F0ACF888
:107FE0000C213F4804F080F9DAE63B682868012B51
:107FF0007DF4F5ACFDF71BBD06F074F8002809DD33
:108000002248234C06F03AFD01226123A4F8C00067
:108010003A602B6004F0EAF900287DF77BAB1D483D
:108020001B4C06F02BFD61230122A4F8C0003A602E
:108030002B601846FDF7FBBC06F054F800280DDD58
:108040001248134C06F01AFD08F08CFE154908F092
:10805000DDFE01226123A0623A602B6004F0C6F9C4
:1080600000287DF757AB0B48094C06F007FD08F0D8
:1080700079FE0C4908F0CAFE61230122A0623A6031
:108080002B601846FDF7D3BC405F01000888FF1F36
:10809000A093FF1FC887FF1F485F0100645F0100B6
:1080A000685F01006F12833A7C5F0100845F01000A
:1080B000B45F0100CC5F0100EC5F0100F05F0100E4
:1080C000CDCCCC3DC8640100F05D0100345F0100FF
:1080D000245F0100145F0100045F0100E45E010001
:1080E000F45E010005F0FEFF00280ADD6548664CDD
:1080F00006F0C4FC08F036FE01226123E0633A601A
:108100002B6004F073F900287DF704AB5F485E4CE8
:1081100006F0B4FC08F026FE61230122E0633A6019
:108120002B601846FDF783BC05F0DCFF002809DD55
:108130005448554C06F0A2FC01226B23C4F88C0075
:108140003A602B6004F052F900287DF78BAB4F4862
:108150004D4C06F093FC01226B23C4F88C003A606E
:108160002B60FDF70EBD05F0BDFF00280EDD454874
:10817000454C06F083FC464BC4F8AC0002221A6062
:10818000FBF734FA01226B233A602B6004F02EF9DE
:1081900000287DF767AB3D483B4C06F06FFC3C4B3D
:1081A000C4F8AC0002221A60FBF720FA01226B230C
:1081B0003A602B60FDF7E5BC05F094FF00280EDD6A
:1081C0003048314C06F05AFC314BC4F8B000032261
:1081D0001A60FBF70BFA01226B233A602B6004F064
:1081E00005F900287DF73EAB2848274C06F046FCF1
:1081F000274BC4F8B0000322D5E705F073FF002831
:1082000009DD2048204C06F039FC01226B23C4F81C
:1082100088003A602B6004F0E9F800287DF722AB73
:108220001A48194C06F02AFC01226B23C4F8880076
:108230003A602B60FDF7A5BC144806F01FFCC0B2E5
:1082400084F84400FEF7AEBA104806F017FC206030
:10825000FEF7F3BB0B480F4C06F010FC2060FEF756
:10826000E6BB11210C4805F067FF064806F074FADA
:108270001121094804F038F8044806F06DFAFEF7B9
:108280008EB800BF0888FF1FA093FF1FC887FF1F7D
:10829000F894FF1F6C87FF1FDC5D01001C21A548BF
:1082A00005F04AFFD5F89800A34908F0AFFD08F0A3
:1082B00003F9022602460B460096A04806F0A4FAEF
:1082C00005219F4805F038FF9C4806F045FA1C211F
:1082D000984804F009F8D5F89800974908F096FDF9
:1082E00008F0EAF800960B460246964806F08CFA2B
:1082F0000521934803F0F8FF924806F02DFAEB6F42
:10830000012B30D11D21904805F016FFD5F89400BF
:10831000894908F07BFD08F0CFF8009602460B462D
:10832000864806F071FA0521854805F005FF834867
:1083300006F012FA1D21844803F0D6FFD5F8940008
:108340007D4908F063FD08F0B7F800960B46024639
:108350007C4806F059FA0521794803F0C5FF7948B1
:1083600006F0FAF9EB6F23F00202012A7DF47CAFEC
:108370001C217648764D05F0DFFEB4F8C2106F4838
:1083800006F03AFA0321734805F0D6FE6B4806F072
:10839000E3F91C216D4803F0A7FFB4F8C210694847
:1083A00006F02AFA03216B4803F09EFF654806F0A9
:1083B000D3F9E36F012B7DF457AF1F21664805F019
:1083C000BBFED5F89C0008F0CDFC644908F01EFD0A
:1083D00008F072F8022602460B460096574806F04F
:1083E00013FA31465E4805F0A7FE544806F0B4F98A
:1083F0001F21594803F078FFD5F89C0008F0B2FC23
:10840000564908F003FD08F057F800960B4602465F
:108410004C4806F0F9F93146514803F065FF4948E8
:1084200006F09AF9EB6FFDF71FBF12214D4805F0DA
:1084300083FE12214B4803F057FF26E54A4B0024E8
:1084400021460B201C6003F02BFC21460C2003F07E
:1084500027FC2146142003F023FC2146152003F0BD
:108460001FFC3368FEF786BA1E21404805F064FE03
:10847000324806F071F91E213C4803F035FF3148BF
:1084800006F06AF9FDF7A3BE2021394805F054FE35
:108490002A4806F061F92021354803F025FF2948D4
:1084A00006F05AF9FDF793BE1721324805F044FE55
:1084B000224806F051F917212E4803F015FF2148F4
:1084C00006F04AF9FDF783BE17212B4805F034FE6C
:1084D0001721294803F008FFD4F88030012B0ED073
:1084E000022B16D0032B7DF4C2AE24491348FAF7B1
:1084F00013FF22491348FAF70FFFFDF7B8BE2049D2
:108500000E48FAF709FF1E490E48FAF705FFFDF776
:10851000AEBE1C490948FAF7FFFE1A490948FAF7A6
:10852000FBFEFDF7A4BE0A4CFEF7B1BC084CFDF7FC
:1085300028BB00BFA46401000AD7233C0888FF1FA2
:10854000C4640100C887FF1FCC640100EC64010013
:10855000A093FF1F0C650100106501006F12833AA4
:10856000A05B0100A05F01004895FF1FE4630100CC
:108570000464010028640100306501007065010099
:10858000486501005C65010010B5124C124A236871
:10859000101D12F8011F904241EA0323F9D10F4A3E
:1085A000236003F1004313600D4BDB6F022B08D0F7
:1085B0000C4B1B68012B00D010BDBDE81040FAF732
:1085C00095BE1068084C08F0CDFB2060FBF794FCCA
:1085D000EEE700BF9492FF1F6B93FF1F1495FF1FE0
:1085E000A093FF1FE894FF1F7493FF1F08B5134B60
:1085F000187BDB7AFF2812D040B243EA0020104BF0
:10860000104ADB6F00EB800000EB80008000022B43
:1086100010600BD00C4B1B68012B03D008BDFF2B47
:10862000EAD1FBE7BDE80840FAF760BE08F09AFB24
:10863000064B1860FBF760FCECE700BF6493FF1F7C
:10864000A093FF1F1495FF1FE894FF1F7493FF1F53
:1086500070B55B4C5B4884B0214602F023FC5A4B5A
:10866000D3F88030012B48D0022B4ED0032B6ED094
:10867000564B1B68012B01D004B070BD2268D3009B
:1086800040F18580C2F31125E379009322F0604226
:108690002B464F494F484A4E09F096FB4E4B9D42A0
:1086A000EAD14E4B4E481B680393039900230A22DC
:1086B00006F062F8474809F0C3FB0146454805F05B
:1086C0003BFD356815F080456BD1F3798BB16319AB
:1086D00044491A7A3F4809F077FB3E4809F0B0FB5D
:1086E00001463C4805F028FD0135E379EDB2AB4287
:1086F000EDD83B4806F030F8BEE7226840F2C233BE
:108700009A42B5D1FFF740FFB2E7226840F2225308
:108710009A422AD040F223539A423FD040F221534A
:108720009A42A5D13049314E0A794B79C878897877
:108730002F4D120402EB036202EB00230B44184698
:10874000336008F00FFB2860FBF7D6FB90E7236847
:10875000DA00214A48BFC3F31123934288D1237A18
:10876000002B85D1FFF742FF82E71F48214D067994
:108770004179C378807801EB062101EB034303EBD9
:1087800000632B60114B1B68012B7FF475AFE379FD
:108790001949104809F018FB04B070BD1248174D74
:1087A000E5E7174D0B4C0FCD0FC495E8030044F8D7
:1087B000040B204620F81419152105F0BDFC98E79C
:1087C0006493FF1F70B8FF1FA093FF1FE894FF1F63
:1087D00040680100C092FF1F14F2010018BAFF1F89
:1087E0000888FF1FA0680100B092FF1F1495FF1FAB
:1087F0007493FF1FE494FF1F746801005095FF1FDE
:1088000088680100854B1B78052B00F0E3812DE97A
:10881000F04F834F834C844E3B78B4F8662032800F
:1088200083B0824D002B71D0B4F862302B80804829
:10883000FAF7F2F8216B08F087FC08B100232B80CF
:108840007B48FAF7E7F8E16A08F09CFC10B10023D6
:1088500033802B807648FAF761F8E16808F092FCE3
:1088600008B100232B807248FAF758F8E16808F045
:1088700089FC08B100232B806D48DFF8A881FAF746
:108880004BF8216908F060FC002800F0D580002337
:1088900033802B88654E002B00F0BC803B78644809
:1088A000604F002B36D1FAF7B7F8616B08F04CFC3B
:1088B000002840F02F815F4B5D481B68594E012B0B
:1088C00000F05881FAF72AF8216A0746A06908F0F3
:1088D00093F90146384608F055FC002800F09A80CC
:1088E000288808F03FFA81465148FAF717F8B76927
:1088F0008246316A384608F07FF98046B6F864004F
:1089000008F02CFA0446B6F8600062E0B4F8603073
:108910002B808CE7FAF780F8616B08F015FC0028D3
:108920002ED0308808F01EFA82464148FAF774F8D3
:108930008346B7F86200D7F8309008F00FFA49463E
:108940008046584608F058F941468346002008F012
:1089500053F90146584608F059FA49468346786B60
:1089600008F04AF90146584608F004FB414608F071
:1089700045F90146504608F03FF908F049FC3080BF
:108980002C4B2B481B68274E012B00F00B81F9F76D
:10899000C5FF216A0746A06908F02EF9014638464E
:1089A00008F0F0FB002835D0288808F0DBF9814674
:1089B0001F48F9F7B3FFB7698246316A384608F0B5
:1089C0001BF98046B6F8640008F0C8F90446B6F80A
:1089D000620008F0C3F9214608F00EF94146064648
:1089E000504608F009F90146304608F00FFA4146B2
:1089F0000646384608F000F90146304608F0BAFA53
:108A0000214608F0FBF80146484608F0F5F808F062
:108A1000FFFB288003B0BDE8F08F00BF0C95FF1F5F
:108A2000A892FF1FA093FF1F1895FF1F9C92FF1F86
:108A3000C095FF1F4093FF1F8748F9F76DFFD8F8D7
:108A40001C1008F081FB00287FF421AF3388DFF889
:108A50000C92002B3FF41DAF7F48F9F7DBFFD8F8ED
:108A6000381008F08FFB002840F0C5807A48DFF806
:108A7000F481F9F751FF216908F084FB002800F028
:108A8000AF807548DFF8DC91F9F746FFD4F8C410E1
:108A90008046E06908F0B2F80146404608F054FB11
:108AA00000283FF4F6AE308808F05CF983466A4847
:108AB000F9F732FF0090B9F86600D9F81C8008F089
:108AC0004DF9009B82464146184608F095F85146FC
:108AD0000090002008F090F8009B0146184608F02E
:108AE00095F9D9F8C4100090404608F087F841463F
:108AF00008F082F8009B0146184608F03BFA514600
:108B000008F07CF80146584608F076F808F080FB3B
:108B10003080BEE6308808F025F982464E48F9F7E5
:108B20007BFF8346B7F86000D7F8309008F016F95D
:108B300049468046584608F05FF841468346002083
:108B400008F05AF80146584608F060F9494683464D
:108B5000786B08F051F80146584608F00BFA414688
:108B600008F04CF80146504608F046F808F050FB73
:108B70003080A0E6F9F7D2FE216A0746606A08F065
:108B80003BF80146384608F0FDFA00283FF442AFB2
:108B9000288808F0E7F881462F48F9F7BFFE776A82
:108BA0008246A6E6F9F7BAFE216A0746606A08F02F
:108BB00023F80146384608F0E5FA00283FF42AAFCA
:108BC000288808F0CFF881462348F9F7A7FE776A8E
:108BD0008246F2E62149224A00230B801380704727
:108BE0001D48F9F799FED8F81C1008F0CBFA0028B8
:108BF0007FF447AF4DE6B9F8000008F0B3F88346BC
:108C00001548F9F707FF0190B8F86600D8F838A0C2
:108C100008F0A4F8019A00905146104607F0ECFFC6
:108C2000009B0146184608F0F1F851460090D8F82C
:108C30002C0007F0E1FF009B0146184608F09AF966
:108C4000002107F0DBFF0146584607F0D5FF08F08A
:108C5000DFFAA9F8000009E7C095FF1F1895FF1F6C
:108C60009C92FF1FA093FF1F08B5274805F074FDD5
:108C70000721264805F060FA112003F017F80621B5
:108C8000F8B1234805F058FA122003F00FF8062136
:108C900000B3204805F050FA122003F007F806212F
:108CA00008B31D4805F048FA132002F0FFFF062123
:108CB00010BB1A4805F040FA1348BDE8084005F01B
:108CC0004BBD174805F038FA122002F0EFFF0621DD
:108CD0000028DED1134805F02FFA122002F0E6FF3B
:108CE00006210028DDD1104805F026FA132002F0F5
:108CF000DDFF06210028DCD00C4805F01DFA0248F3
:108D0000BDE8084005F028BD0888FF1FAC680100D9
:108D1000B4680100C4680100D4680100EC68010077
:108D2000BC680100CC680100DC680100E468010057
:108D300010B5254C2368042B27DC01210B2002F001
:108D4000AFFF01210C2002F0ABFF0121142002F043
:108D5000A7FF0121152002F0A3FFFF21162002F03A
:108D60001FFEFF21172002F01BFEFF21052002F04D
:108D700017FEFF21062002F013FE236801330A2BA1
:108D80002360C4BF0023236010BD00210B2002F02C
:108D900087FF00210C2002F083FF0021142002F045
:108DA0007FFF0021152002F07BFF0021162002F03A
:108DB000F7FD0021172002F0F3FD0021052002F04D
:108DC000EFFD0021D6E700BF2C95FF1F30B509212C
:108DD00083B0BC4803F034FE222003F0D9FDBA4B27
:108DE000D3F8A830012BB94B1B7809D0052B10D82C
:108DF000DFE813F049014E0158015D0153010B00FA
:108E0000002B00F05981052B03D10721B04803F056
:108E100017FE222003F0BCFDFF2003F0B9FDFF2068
:108E200003F0B6FDAB4CFF2003F0B2FD0821AA48C9
:108E300003F006FE2168A94805F0DEFCFF2003F0E0
:108E4000A7FDFF2003F0A4FDFF2003F0A1FD0921F1
:108E5000A34803F0F5FD2168A04805F0CDFCFF20F4
:108E600003F096FDFF2003F093FDFF2003F090FD3B
:108E70000C219C4803F0E4FD9B4B1C68002120461C
:108E800008F080F9002800F0FB802046974908F0A0
:108E900071F807F011FB002402460B4600948F483E
:108EA00005F0B2FCFF2003F073FDFF2003F070FD1E
:108EB000FF2003F06DFD09218D4803F0C1FD8D48B1
:108EC000F9F750FD07F0F8FA009402460B46834884
:108ED00005F09AFCFF2003F05BFDFF2003F058FD36
:108EE000FF2003F055FD0C21834803F0A9FD8148C4
:108EF000F9F792FD07F0E0FA009402460B46774836
:108F000005F082FCFF2003F043FDFF2003F040FD4D
:108F1000FF2003F03DFD0D21784803F091FD7548D9
:108F2000F9F778FD07F0C8FA009402460B466B4843
:108F300005F06AFCFF2003F02BFDFF2003F028FD65
:108F4000FF2003F025FD09216D4803F079FD6948F4
:108F5000F9F7E6FC07F0B0FA009402460B465F48CA
:108F600005F052FCFF2003F013FDFF2003F010FD7D
:108F7000FF2003F00DFD0C21624803F061FD5D4808
:108F8000F9F7CAFC594907F041FF07F095FA009438
:108F900002460B46514805F037FCFF2003F0F8FC71
:108FA000FF2003F0F5FCFF2003F0F2FC0D215648F2
:108FB00003F046FD4F48F9F7B1FC4C4907F026FF96
:108FC00007F07AFA009402460B46444805F01CFC70
:108FD000FF2003F0DDFCFF2003F0DAFCFF2003F0AC
:108FE000D7FC0921494803F02BFD494B3B48196840
:108FF00005F002FCFF2003F0CBFCFF2003F0C8FCCF
:10900000FF2003F0C5FC0E21424803F019FD39484A
:10901000F9F784FC05463748F9F77EFC01462846F7
:1090200007F0EAFD314907F0F1FE07F045FA009438
:1090300002460B46294805F0E7FBFF2003F0A8FC99
:10904000FF2003F0A5FCFF2003F0A2FCFF2003F0AB
:109050009FFC0C21304803F0F3FC2648F9F758FC3C
:1090600001461E4805F0C8FBFF2003F091FCFF20DD
:1090700003F08EFCFF2003B0BDE8304003F088BC55
:1090800004F1004002E70621244803F0D9FCC0E6C1
:109090000721234803F0D4FCBBE60B21214803F051
:1090A000CFFCB6E60721204803F0CAFCB1E6082150
:1090B0001E4803F0C5FCACE608211D4803F0C0FCC7
:1090C000A7E600BFF4680100A093FF1F0C95FF1FE7
:1090D0000C5B01004087FF1F0C690100DC87FF1F4C
:1090E00018690100246901005493FF1F00007A44AD
:1090F00034690100C095FF1F4069010050690100FB
:10910000606901006C6901007C6901008C690100E3
:109110002487FF1F98690100A8690100DC5A01003B
:10912000E45A0100EC5A0100F85A0100005B01000A
:1091300000690100064B1B68012B02D00548F9F7B6
:10914000A1BA054B0348D3F8A4100022F8F724BABB
:109150002895FF1FC095FF1FA093FF1F2DE9F04129
:10916000B54DD5F8B830042B54D0032B00F08580D2
:10917000012B00F0AE80022B00F01F81062B01D0E6
:10918000BDE8F081AD4C686D08210022DC2350263B
:109190002660E1712272637207F0E4FDA96907F0AD
:1091A00035FEA749064607F0EDFF20BB01229023BC
:1091B000A272E372A34BA14D18880023237307F01A
:1091C000D1FD314607F022FE9F49064607F0BCFF5D
:1091D000E0B19E49304607F0CDFE08F019F8C0F323
:1091E00007206873A8730123E37394499848BDE886
:1091F000F04101F05FBF9749304607F007FE08F0E5
:1092000007F880B20312E072A372D3E79623687363
:10921000AB73E8E7894C904AA379226043F00103DD
:109220000822E271A371686D07F09CFDA96907F03F
:10923000EDFD884907F0EAFD07F0EAFF814B874A18
:109240001B88126893FBF2F380B200261A120712F1
:10925000607221467E48E372A2722772267366739B
:10926000A673E67301F026FFA279D5F8B83066F34D
:109270000002032BA2717FF47BAF704C686DA37268
:109280000122E823072140F2FF2622726372266042
:10929000E17107F067FDA96907F0B8FD6D4907F0B6
:1092A000B5FD07F0B5FF674B6C4A1B88126893FB4E
:1092B000F2F382B21E121712214665486373E272FE
:1092C0002773A67301F0F6FED5F8B830012B7FF4B2
:1092D00052AF634B594C1B68236007228023102038
:1092E000E271237202F0E2FC002840F09D805D4BA9
:1092F0001B68544FDFF86481686D504E03EB8303A5
:109300005B001A12A37262723B88D8F8002093FBAC
:10931000F2F31A126273A37307F024FDA96907F030
:1093200075FD514B196807F067FC4A4907F06EFD5F
:1093300007F06EFF80B20312314620734448E37297
:1093400001F0B8FE022002F0E7FC484B1B682360E6
:10935000072280231020E271237202F0A7FC00286C
:1093600060D1404B1B68686D03EB83035B001A12EE
:109370007272B37207F0F6FCA96907F047FD3C4B27
:10938000196807F039FC334907F040FD07F040FF4A
:1093900082B21612D8F800003B88227393FBF0F3D8
:1093A00026492B48A3731A12E672627301F082FEFB
:1093B000D5F8B830022B7FF4E1AE204C244823725C
:1093C00040F20E32012321462260E37101F072FE69
:1093D0001C4B1B885B00FF2BC8BFFF2304214022CE
:1093E0004FF441702060E17122726372686D07F082
:1093F000B9FCA96907F00AFD1149064607F0C2FE4B
:10940000A0B13146304607F0F9FB07F001FF80B20A
:109410000312E072A37209490D4801F04BFED5F822
:10942000B830ABE6134B9DE7124B61E70122902366
:10943000A272E372EFE700BFA093FF1F3895FF1FF2
:10944000000048439C92FF1F00404E4500007043BF
:1094500070B8FF1F00002041F4E506185887FF1F71
:109460003C87FF1F5087FF1FDC94FF1F3487FF1FBF
:109470005C93FF1F5487FF1F38B5164D164A1748D7
:10948000294602F011F800B938BD12211448154CD4
:1094900004F052FE296814480023102205F06CF9EC
:1094A000114805F059F904F1080502210F4804F0AC
:1094B00043FE14F8011F0C480023102205F05CF94C
:1094C000092004F0BDFEA542EFD10748BDE83840B1
:1094D00005F042B94493FF1F4893FF1F5C95FF1F9F
:1094E000B86901004793FF1F0888FF1FC05901009A
:1094F0002DE9F04F95B001E0FFF7AAF8A94801F077
:109500009BFC0028F8D104F0EDFD002801DDFBF7FD
:10951000D7FE02F06BFF002801DDFBF7D1FEA24C65
:1095200094F8CA30012B00F04082A04E3368012B22
:1095300014D0FBF7DFFAD4F8A8509B4F012D00F0B0
:10954000AB809B4F3B78052B00F27381DFE813F073
:109550000902D101B201820173015601954D2B68B8
:10956000954A0B930B9B1168924F5B1AB3F5FA7FE8
:109570002FD82B68914E10933268109B8D4F9B1AF9
:1095800041F2883293421CD82B688D4A1293129B69
:109590001068D4F8BC10874D834C1B1A8B420DD930
:1095A0002B681393D4F8A83013991160012B00F0A5
:1095B000F4817F4B1B78032B00F0EF8115B0BDE8E1
:1095C000F08F8048F7F7ACFF3B681193119B336035
:1095D000DAE73B680C930C9B7A481360F9F768F85C
:1095E000D4F8A830DFF8C0817648012B00F0F9816B
:1095F000F9F792F9D8F8101007F0A6FD002800F04E
:10960000BE802B68704A0D930D9B12689A4202D956
:10961000674B05221A706D4FFFF78CFD3B68002BDE
:1096200040F0D7816A4B1B68002B40F0C781694B23
:109630001B68002B40F0BC813368002B00F0B28126
:10964000FFF776FB644EFBF749F8FFF7DBF8FBF713
:1096500037FC33685B4823B9604B1B68012B00F073
:109660003282F7F773FF3368984200F0CE813B688F
:10967000002B40F01582F9F723FF94F8CA30002B35
:1096800000F0998172B6564B4AF202614BF2804269
:1096900019801A8062B66CE7454B1B78052B00F0E9
:1096A000BC81504FDFF850813B68112043F0040328
:1096B0003B6002F0FBFAD8F80030002800F0BD81D2
:1096C0000BB9C8F800503F48374DF9F727F9E16C5E
:1096D00007F058FD002840F07782434B00221A60C3
:1096E000D8F800803748B8F1010F00F04482F9F74C
:1096F00015F9E168DFF8B08007F044FD002800F0BC
:1097000078822C4D0021142002F0CAFA2A683B68A6
:1097100004923649364A0498086003F0FD0301219B
:109720003B601160F9F7C4FD2648DFF87C80F9F74B
:10973000F3F8216907F008FD002800F0ED81002111
:109740000B2002F0ADFA2A683B680792294A079974
:10975000116003F0FE033B60204B1B68012B70D1AE
:109760001848114FF9F7D8F8216907F0EDFC0028E7
:1097700000F0128301210C2002F092FA61E01148FE
:10978000F9F7CCF8D8F8101007F0DEFC00287FF4C9
:1097900038AF3B680E93B8F8C0100E9B0A4A0B44D2
:1097A000136038E770B8FF1FA093FF1F3095FF1FAD
:1097B0000C95FF1F18BAFF1FA492FF1FA092FF1F56
:1097C0005893FF1FC095FF1F0495FF1F4887FF1F79
:1097D0003495FF1FBC92FF1FFC94FF1FB892FF1F20
:1097E0000C2005404895FF1F2895FF1F5495FF1F2B
:1097F0000095FF1FE094FF1F4093FF1FB74B00250C
:10980000294615201D6002F04BFA2946142002F06B
:1098100047FA29460C2002F043FA0B20294602F0B1
:109820003FFAAF4B11201D6002F040FA002800F013
:109830002381AC4D05E0A94BAA4D00221A60FBF72D
:10984000E7F8E36F23F00203012B7FF488AEFAF709
:1098500053FB84E6A14B002510201D6002F026FA80
:10986000A14B012808BF18704FF001014FF0140000
:1098700018BF1D7002F014FA9C48F9F74FF8E16C1C
:1098800007F080FC9A4B002840F0DD801860974874
:10989000984DF9F743F8A16907F074FC002840F0EF
:1098A000CE81122002F002FA0028C2D101233B70BF
:1098B0008C4DC6E7894B012511201D6002F0F6F999
:1098C00000B93D70122002F0F1F90128B1D18748AA
:1098D000F9F724F8216A0546A06907F08DF90146D9
:1098E000284607F031FC0028A3D003233B707D4DB0
:1098F000A7E77A4BDFF8FC810025294615201D607B
:1099000002F0CEF92946142002F0CAF929460C20AB
:1099100002F0C6F929460B2002F0C2F9704B7348D9
:109920001D60F8F7FBFFE16C07F02CFC002840F00D
:109930008D806F4B00221A60122002F0B7F90128C7
:1099400000F0B881674D112002F0B0F901287FF4D2
:1099500078AF2B680A93684B0A9A1A6004233B700D
:109960006FE75E4B5F4D4FF0000841461520C3F88E
:10997000008002F095F94146142002F091F9414629
:109980000C2002F08DF941460B2002F089F9544A6F
:109990000123C2F800803B7053E7FFF7DFFB15B0EF
:1099A000BDE8F08FF9F722FE4CE6FFF765FDBCE558
:1099B000FFF75AF940E6FFF709FA63E62B680F93C1
:1099C0004E4A4F4B0F991B6812684848F9F7EAF95D
:1099D0002DE6F9F76DFF4B4B44481968F9F744F849
:1099E00020E6F8F799FFD8F8101007F0ADFB002833
:1099F0007FF40EAE3D48F8F791FFD8F8101007F04D
:109A0000A3FB00287FF404AE05E6626DA36D03FBA3
:109A100002F398427FF42BAE2DE63B4B1B68012BE3
:109A20007FF407AF3148F8F777FF396907F08CFB0F
:109A3000002800F099812B4D9CE6012B7FF443AE6A
:109A4000C8F800003FE601221A6020E72748F8F72F
:109A500065FF05462548F8F75FFFD8F8501007F076
:109A6000CDF80146284607F08DFB00283FF461AF92
:109A70001F4B01221A605FE71C481E4DF8F74CFF90
:109A8000216907F075FB00283FF4D3AE1748F8F7BB
:109A900045FFE96807F062FB00287FF407AFC8E6DE
:109AA00002211A4804F048FB194804F055FE1D2114
:109AB000184804F041FB0221144804F03DFB14480F
:109AC00004F04AFED7E5F7F741FDA26C306094F848
:109AD00044100648F8F728FFCDE500BF2495FF1F86
:109AE0004895FF1F18BAFF1FA892FF1FC095FF1FC0
:109AF0002895FF1FA093FF1F5495FF1F5493FF1F2E
:109B00004087FF1F6C87FF1FB892FF1FB8680100D6
:109B10000888FF1FCC690100B248F8F7FDFED8F8AD
:109B20001C1007F011FB00287FF409AEAD48F8F7D0
:109B3000F3FED8F814108146D8F81C0007F05EF840
:109B40000146484607F01EFB00283FF405AE012100
:109B50000B2002F0A5F8A44B2A68D8F888101B68DF
:109B60000892089A0B449342BFF4F6AD3B6843F069
:109B700001033B60F0E5F8F7D1FE616ADFF888A2E7
:109B800007F000FB8146002840F0B480DFF868B29F
:109B9000DBF80050012D00F0C18041461420934DA8
:109BA00002F07EF8924A2968DAF888001368039177
:109BB000039903448B42BFF4B7AD3B68C2F80090F1
:109BC00043F002033B60AFE58648F8F7A7FE814605
:109BD0008448F8F7A1FE296D07F010F801464846C1
:109BE00007F0D0FA00283FF478AD824B01221A60CA
:109BF00076E57C48F8F792FED8F8181007F0C2FA1C
:109C0000824600287FF47DAD7B4DD5F80090B9F1F8
:109C1000010F3CD001211420744D02F041F8744B27
:109C20002A68D8F888101B680692069A0B4493425B
:109C3000BFF47AAD3B6843F002033B6074E56948CA
:109C4000F8F7ECFE296A8046A86906F0D5FF0146C0
:109C5000404607F097FA002840F08380E96DAB6D2D
:109C6000664A674D03FB01F34FF47A7000FB03F083
:109C70005F23136007F076F8624907F07BF92860EC
:109C80000021142002F00CF801233B7009E655482E
:109C9000F8F744FED8F820108346D8F8180006F0EC
:109CA000ABFF0146584607F04FFA002840F0878086
:109CB0004E4D39E54B48544DF8F730FE216A804649
:109CC000A06906F099FF0146404607F03DFA0028DA
:109CD0003FF438AE95F8C830012B08D0434D444BC3
:109CE0002A680992099A1A6004233B702BE6032321
:109CF0003B7027E63D4D0021142001F0D1FF2A687A
:109D000001923B4A3B68019911603B4A03F0FD0315
:109D10003B60C2F80080F9F7CBFA05E53148F8F767
:109D2000FDFDDAF820108046DAF8240006F064FF22
:109D30000146404607F008FA0028B9D02946142009
:109D40002A4DCBF8009001F0ABFF294A2968DAF8D8
:109D5000880013680291029903448B42BFF4E4AC7B
:109D60002BE7F9F7A5FA8BE71E48F8F7D7FDF96856
:109D700007F008FA00287FF45EAE1A481B4DF8F78A
:109D800049FEF96A07F0FEF900287FF4F3AC0021E0
:109D90000C2001F085FF54E51248F8F7BFFDF96883
:109DA00007F0F0F900287FF4E5AC0E48F8F732FE32
:109DB000F96A07F0E7F900287FF4DCACE7E74946E9
:109DC000C5F800A01420094D01F06AFF084B2A686D
:109DD000D8F888101B680592059A0B449342BFF48B
:109DE000A3AC27E7C095FF1FE094FF1F18BAFF1F21
:109DF0005495FF1F2895FF1F0095FF1F4087FF1FE9
:109E00006093FF1FE4388E3EA093FF1F10B501F052
:109E100019FC0B48F7F752FB0A48F9F733FA0A4ADC
:109E20000A4812680023012101F0BEFA4FF4B27013
:109E300004F030FE044600F023FA054B1C6010BD10
:109E4000C095FF1F7894FF1F4C87FF1F7893FF1F5B
:109E50002095FF1FF0B54FF47A6087B001F05CFFEA
:109E600000210F2001F030FF00210E2001F02CFF17
:109E70000021112001F028FF0021102001F024FF13
:109E80000021122001F020FF0021132001F01CFF0F
:109E900001210B2001F018FF01210C2001F014FF1B
:109EA0000121142001F010FF0121152001F00CFF09
:109EB0000121162001F008FF0121172001F004FF05
:109EC00001210520AF4CB04D01F0FEFE012106201E
:109ED00001F0FAFE01210D2001F0F6FE208806F0C7
:109EE0003DFF0146162001F059FE208806F036FF9E
:109EF0000146172001F052FE208806F02FFF014690
:109F0000052001F04BFE208806F028FF01460620C0
:109F100001F044FE05F1D4062F462C46601B01F0EB
:109F2000D9FB04F8010BA642F8D13B78142B01D0E1
:109F3000F9F704FA002423467968944A0094944877
:109F400000F0C0FE9DF81430049443F0010364F364
:109F500041038DF814300424E2B204A901348C4882
:109F600000F076FE102CF7D18A4D2B682146D3F8ED
:109F7000540100F0E9F92B682146D3F8540100F0B0
:109F800087FA2B680421D3F8540100F0C9FA2B6832
:109F90000121D3F8540100F049FB2B680F21D3F8BD
:109FA000540100F0AFFC0C217B4804F0C5F87B485D
:109FB00004F0D2FB21467A4804F0BEF8774804F05A
:109FC000CBFB4FF4E131774804F0F6F90C217248ED
:109FD00002F08AF9734804F0BFFB2146704802F092
:109FE00083F9704804F0B8FB4FF4E1316E4804F097
:109FF00053FA6A4804F0B0FB17216C4804F09CF84F
:10A00000664804F0A9FB6A4B1B78990600F122818F
:10A01000674B1B781A0700F11581654B1B785B07AE
:10A0200000F10881624B1B789E0700F1EF80614BC5
:10A030001B781D0600F1F6805E4B1B785C0600F174
:10A0400099805C4B1B78980600F18C80594B1B78EB
:10A0500059077FD4574B1B781A0773D4554B1B787D
:10A060009B0706D51821544804F066F84B4804F0C5
:10A0700073FB4A4804F070FB72B6504A4CF220530E
:10A080004DF62811202513802B461180013BFDD170
:10A090004B484C494C4B00244FF4805606800C80B2
:10A0A0001C8032F80E3C9BB243F0D30322F80E3CE6
:10A0B00062B64649464804F09FFA2946454804F0EE
:10A0C0003BF8364804F048FB2946424802F00CF9B8
:10A0D000344804F041FB4048F7F7D8FE0420F8F775
:10A0E0007DFF3E4B3C481C60F7F70CFE01210D2024
:10A0F00001F0D6FDB96D3848394CF8F713FCBA6C4D
:10A1000097F844103448F8F70FFC364B36491B6873
:10A11000364A3148126881FB0351DB17A3EB211348
:10A1200013FB02F32380F7F7A1FF314B31491A6883
:10A13000039203981B680293029A2F4B08601A60DF
:10A1400007B0F0BD19212D4803F0F6FF134804F0C5
:10A1500003FB83E71C212A4803F0EEFF0F4804F0BD
:10A16000FBFA77E71321274803F0E6FF0B4804F0DA
:10A17000F3FA6BE71221244803F0DEFF074804F0EE
:10A18000EBFA5EE72887FF1FA093FF1F0CBAFF1FA3
:10A1900070B8FF1F2095FF1FEC6901000888FF1FA2
:10A1A000FC690100C887FF1FDC87FF1F106A0100E0
:10A1B00001F0074000F00740F86A01000E2005405A
:10A1C000042005400620054016200540945809004B
:10A1D000F087FF1F146B0100C095FF1F0895FF1F3C
:10A1E000D894FF1F3887FF1F1F85EB516887FF1F1B
:10A1F00018BAFF1F5495FF1FE094FF1FDC6A01008F
:10A20000BC6A0100A86A0100946A01001721154880
:10A2100003F092FF144804F09FFA144B1B781D06BC
:10A220007FF50AAF0E21124803F086FF0E4804F0B6
:10A2300093FA01E70E210F4803F07EFF0A4804F06D
:10A240008BFAEFE60C210C4803F076FF064804F089
:10A2500083FAE2E62121094803F06EFF024804F088
:10A260007BFAD5E66C6A01000888FF1F00F0074002
:10A27000846A01005C6A01004C6A0100286A0100DE
:10A2800038B5124A124B00F1A8050021044600F02F
:10A290005FFA28460F4B104A012100F059FA0F4986
:10A2A0000F4A022384F850310B68C4F8585143F028
:10A2B0000063C4F86051C4F85441C4F85C410B60B9
:10A2C000136843F000632046136038BD3C6B010007
:10A2D000946B0100386B0100686B01003C80044006
:10A2E0003080044090F821308B421BD0012970B49B
:10A2F00019D051B9104A114B11701970036D80F8C3
:10A3000021105B0103F18443196072B6436D5B0158
:10A3100003F18443012200214276D9619A61DA6116
:10A3200062B670BC7047064D034A044B6026E124B8
:10A330002E701470E1E700BF014007404000FA4270
:10A3400000400740C069704738B5437E04460D465B
:10A35000DBB9636D012D4FEA431303F184431DD92B
:10A360000121042D996009D9082D23D9102D1AD95E
:10A3700020225960196084F8202038BD0021042271
:10A380005960196084F8202038BD00F01BF8636D17
:10A39000012D4FEA431303F18443E1D800229A6070
:10A3A00084F8202038BD00221A601022596084F8F9
:10A3B000202038BD002008221960586084F8202031
:10A3C00038BD00BFF8B5436D5B0103F1844304461B
:10A3D000DA6942B104F07CFB636D5B0103F18443F5
:10A3E000DA69002AF6D19B6923B1E38A9BB243F074
:10A3F0000203E38272B6637E002B36D0E16E236FD8
:10A40000626F0F68A06F1B68E16F16680568D4F86B
:10A41000802009681268206E3B4433442B440B446F
:10A420001344C3F34E03D4F88850D4F88C10D4F8F6
:10A43000902043F4004303602F68D4F894000B6825
:10A440001668D4F898100568D4F89C20096812683A
:10A45000606E3B4433442B440B441344C3F34E031C
:10A4600043F4004300220360627662B6A37E6BB1C0
:10A470000221204600F054F80221204600F0D6F8D0
:10A4800004212046FFF760FF0023A376F8BD00BF3C
:10A4900038B5C37E8B4211D0437E04460D466BBB5C
:10A4A000092D0CD8A36B5B0103F184430021082222
:10A4B000D960FF209960E276E06138BD38BD0B2D90
:10A4C0001FD90D2D0DD8A36B5B0103F1844301222D
:10A4D0009A6000200C22D86040F6FF71E276E161BC
:10A4E00038BDA36B5B0103F1844301211022D960C5
:10A4F0004FF6FF709960E276E06138BDFFF762FFCA
:10A50000CEE7A36B5B0103F1844300229A60012034
:10A510000A22D86040F2FF31E276E16138BD00BF27
:10A5200090F823308B4258D070B5437E05460C46D8
:10A53000002B35D1A31F032BEA6B17D9520102F16F
:10A5400084420020D060002C2DD1AB6B94605B0165
:10A5500003F1844301221146DA6116460020196096
:10A5600058605E619A6185F8234070BDAB6B520103
:10A570005B0103F1844302F1844201210020062C97
:10A58000D160596019609861586127D0072C2AD092
:10A59000082C0CBF90609160D86185F8234070BD95
:10A5A000FFF710FFC6E7012C0DD0022C33D0032C8F
:10A5B0001CD0042C1AD0052C23D0EB8A9BB243F07C
:10A5C0000103EB8270BDAB6B90605B0103F18443D0
:10A5D0002146DC6122462646C0E770479060D9617B
:10A5E00085F8234070BD9160D961BCE7AB6B5B011E
:10A5F00003F184430126966001463246D86106463F
:10A60000ACE7AB6B5B0103F1844301269660014626
:10A61000D8610246A2E7AB6B90605B0103F1844313
:10A620000122D8610146164698E700BF38B5437E3F
:10A6300004460D467BB9042D0AD8DFE805F00F1F4C
:10A640002F3F0300A36B5B0103F1844300221A61D7
:10A6500084F8245038BDFFF7B5FEECE7A26BE36B3E
:10A6600052015B0103F1844302F184420021012085
:10A6700010615960196084F8245038BDA26BE36BF7
:10A6800052015B0103F1844302F184420121002065
:10A6900011611960586084F8245038BDA26BE36BD7
:10A6A00052015B0103F1844302F184420121002045
:10A6B00011611860596084F8245038BDA26BE36BB7
:10A6C00052015B0103F1844302F1844201211161D3
:10A6D0005960196084F8245038BD00BFC36B5B011A
:10A6E00003F18443022270B505210026012580F87C
:10A6F0002120042280F82420044680F82310C67606
:10A70000C66180F820604676C682467580F8225081
:10A7100031461D61FFF7E6FD0A21FFF7B9FE20462D
:10A72000A5762021FFF710FE29462046FFF7F8FE08
:10A7300029462046FFF77AFF72B6636D65765B01A6
:10A7400003F18443DE619D61DD6162B670BD00BFCF
:10A75000F8B504468262C362017600294CD04D4BA5
:10A7600023631C33E3644C4F4C4E4D4D4D484E49D2
:10A770004E4A67631833A3662033A663E5632064FB
:10A780006164A264C4F884301C371C364435183028
:10A7900018311832A3F5052327656665A565E065C0
:10A7A0002166626618371836103D1C301C311C3289
:10A7B0001C3BE76626676567A067E167C4F88020F1
:10A7C00020312032C4F8A03020373A2320362035FB
:10A7D0002030C4F89400C4F888702046C4F88C6017
:10A7E000C4F89050C4F89810C4F89C2084F8A430A1
:10A7F000FFF774FF2046F8BD2D4B23631C33E36441
:10A800002C4F2D4E2D4D2E482E492F4A676318335D
:10A81000A3662033A663E56320646164A264C4F880
:10A8200084301C371C364435183018311832A3F5E3
:10A83000A04327656665A565E065216662661837F1
:10A840001836103D1C301C311C32443BE76626672D
:10A850006567A067E167C4F8802020312032C4F822
:10A86000A03020373923203620352030C4F894001A
:10A87000C4F888702046C4F88C60C4F89050C4F8BE
:10A880009810C4F89C2084F8A430FFF727FF2046D6
:10A89000F8BD00BF00B00B4004B00B4008B00B4047
:10A8A0000CB00B4010B00B4014B00B4018B00B4074
:10A8B00000B0034004B0034008B003400CB00340B4
:10A8C00010B0034014B0034018B00340836AC26B59
:10A8D0005B5C5201190602F184424CBF0021012148
:10A8E000116172B6016B4A0102F1844203F01F0349
:10A8F0009269003218BF012203EB82130B6062B62B
:10A90000704700BF2B2970B5044617D8836A5B5C7B
:10A9100003F01F031F2B11D0437E0E46ABB9636DAE
:10A92000627D5B0103F1844301320125627520469B
:10A930003146DD60FFF7CAFF284670BDE38A9BB24F
:10A9400043F00403E382002070BDFFF73BFDE6E720
:10A9500000207047704700BF30B40B46054603C95E
:10A9600005EBC204043484E80300197911F0010FE7
:10A97000296812D11C6812481023843113FB02117C
:10A98000A404204008602968803113FB021230BC07
:10A99000136823F400131360704718688431102380
:10A9A00013FB021120F0604008602968803113FB1E
:10A9B000021230BC136843F400131360704700BFE9
:10A9C0000000FC1F70B4438882689BB202EB031343
:10A9D00004461E685D689A68DB68CB608A600E601A
:10A9E0004D606388A18801209BB2034493FBF1F280
:10A9F00001FB12339BB2638070BC7047F8B5204CEA
:10AA0000204A21790546034601F0FD0102202A6013
:10AA10006FF30001002285F894011D2720261020E5
:10AA2000C5F8A020C5F8F870A5F89661A5F89801BA
:10AA300021712260114643F8B02F05F1F00243F86E
:10AA4000041F93424FF00004F9D1C5F88440C5F8C3
:10AA50008840C5F88C40C5F890409822214605F101
:10AA6000FC0006F05DFF1F220F2385F8FC40C5F8AF
:10AA70000841C5F80021C5F80C312846F8BD00BFD3
:10AA80000CBAFF1F004002400268136843F0805375
:10AA9000136002681368D901FCD5136843F0805332
:10AAA000136002681368DB01FCD5704738B5D0F835
:10AAB000A03003B138BD0446B0F89801000103F09E
:10AAC000EBFFD4F8B020C4F8A000AAB10023B4F87A
:10AAD0009851B4F89611A4F89430C4F89C00A4F8E6
:10AAE0009630C4F8AC20A4F8A430A4F89850A4F888
:10AAF000A810A4F8A63038BDB4F89601000103F000
:10AB0000CBFFC4F8B0000246D4F8A000DEE700BFD7
:10AB1000F8B52C4BB3FBF1F5052DB3FBF5F6A1EB26
:10AB200006064BD900229E461746931CB5FBF3F44C
:10AB3000192C02F1010203FB04F3F6D8BEFBF3F378
:10AB4000CB1A002BB8BF5B42B3422EDB2FD0052CB3
:10AB5000EBD87B1CB5FBF3F5053D142D1CD8B6F5E1
:10AB6000967F19DC184A006805EB45055319515DBD
:10AB70005A789B7801F0070141F48001D20441F436
:10AB8000804102F460121B040A4303F4E0231343E0
:10AB900043EA07674760F8BD39210C4803F0CCFA57
:10ABA0000B48BDE8F84003F0D7BD1E4617460B2CF6
:10ABB000CDD9122C9CBF1E461746C8E7012300279B
:10ABC000C8E700BF0024F4007487FF1F986B0100E2
:10ABD0000888FF1F0F2930B404462DDC69BBD0F86C
:10ABE000A030012084F8940123B3002210252368AB
:10ABF000803315FB02330132196801F4001141F072
:10AC00008061196094F89401C0F11003D2B2DBB2F4
:10AC10009342ECD80F2B0DD810204FF00061226822
:10AC2000803210FB03220133DBB2102B1160F6D10E
:10AC300094F8940130BC70470F21D4F8A03084F808
:10AC400094111BB11029D0D10023E5E70846F1E7A4
:10AC500090F89431C3F11003DBB29A4201D2FFF7AE
:10AC60007BBE704790F89431C3F11003DBB29A4277
:10AC700020D2036810B41C68E4011CD41C6844F0A2
:10AC800080441C600468236843F080532360046898
:10AC90002368DB01FCD504F5086404EB8202116033
:10ACA0000268136823F08053136002681368DB01A5
:10ACB000FCD410BC704703F5086303EB820210BCA0
:10ACC0001160F7E72DE9F0410546164698460C4617
:10ACD0009DF81870FFF7EAFE2A68524B9A4200F07E
:10ACE0008F80514A4F49137843F0800313702B68CB
:10ACF0008B427BD05A6822F400525A602A6813684B
:10AD000043F0804313602A68136823F00043136004
:10AD10002A681368DB02FCD4136883F000731360A5
:10AD20002B681A689701FCD41A68D001FCD51A6800
:10AD300042F400321A6021462846FFF7E9FE2A68ED
:10AD4000136843F48033136095F89431102B18BFC7
:10AD5000002404D11DE00134E4B29C4219D2224601
:10AD600000212846FFF77EFF95F89431C3F11003C8
:10AD7000DBB2A342EFD9224631462846FFF7ECFD6D
:10AD800095F894310134C3F11003DBB2E4B29C4274
:10AD9000E5D32A68136823F0805313602B681A6880
:10ADA000D101FCD41A681201FCD495F894112846FC
:10ADB000FFF710FFD5F8F83003F1604303F5644363
:10ADC00040221A70D5F8F82053099B0003F1604324
:10ADD00003F5614302F01F02012101FA02F21A6039
:10ADE0002B684FF6FF729A62BDE8F081A2F5E73258
:10ADF000A2F5E272136843F0100313602B6879E741
:10AE0000B8F1010F06BF03F518334833074B4FF471
:10AE10000072012F1A600CBF054B064B4FF40072F5
:10AE20001A605EE700400240005006403090044047
:10AE30004CA0044034900440D0F8F83030B45C09A1
:10AE4000A10001F1604101F5614101220968144D41
:10AE500003F01F0302FA03F3194008BF002280F831
:10AE6000F42045F82430B0F8A430B0F8A6209BB206
:10AE700092B29B1A44BFB0F8A8209B1869B1D0F8D1
:10AE8000F8104A09920002F1604202F5614201F0B5
:10AE90001F01012000FA01F11160184630BC704713
:10AEA00080E100E0F8B50446D0F8F8001A4F4609F2
:10AEB000B30003F1604303F5614301221D6800F014
:10AEC0001F0002FA00F31D4214BF1546002584F846
:10AED000F45047F82630B4F8A420B4F8A63092B263
:10AEE0009BB29A4216D004F1A400FFF76BFD94F8D0
:10AEF000F45075B1D4F8F82053099B0003F1604376
:10AF000003F56143012102F01F0201FA02F21A6007
:10AF1000F8BDF8BD0020ECE780E100E070B48B796B
:10AF200013F0010F036828D00C681025843315FB3B
:10AF3000023324F0604412FB05F21C6003688C6845
:10AF4000883324BA9C500368CC688C3324BA9C5054
:10AF50008B79DC071DD513F0020FCB7901684FEA1E
:10AF6000034303F4702301F1800114BF43F04763EE
:10AF700043F046638B5070BC70470D680E4C102632
:10AF8000843316FB0233AD042C4012FB06F21C6026
:10AF9000D4E713F0020FCB7901684FEA034303F4BF
:10AFA000702301F1800114BF43F0416343F040631B
:10AFB0008B5070BC704700BF0000FC1F0368F0B5E9
:10AFC0008033102717FB02338C791D688D80C5F301
:10AFD0004056C5F30343C5F3005E66F30004CB712E
:10AFE00006686EF3410404F0FB046FF3C70417FB1B
:10AFF00002668C7191F806E0D6F884401EF0010FCD
:10B0000024F060440C60C5F3036504BFA40C0C601D
:10B01000062D25D0D6F88840CC72260A250C042BA4
:10B020004FEA14648E724D720C7210D900688C3025
:10B0300017FB0202072B1268CA734FEA12244FEA69
:10B0400012404FEA12628C7348730A7307D80733B1
:10B050000B4400220F3103F8012F8B42FBD1F0BDCE
:10B060008C7944F004048C71D4E700BF0B884888C5
:10B07000F0B59BB28D88013393FBF5F405FB1433D7
:10B080009BB280B2834213D00888D2F800C0D2F8B5
:10B0900004E09768D6688D6882B21201AC1845F852
:10B0A00002C0C4F804E0A760E66001200B80F0BD98
:10B0B0000020F0BDF8B50446D0F8F8002B4E450945
:10B0C000AB0003F1604303F5614301221F6800F008
:10B0D0001F0002FA00F31F4208BF002284F8F42088
:10B0E00046F82530B4F89430B4F896209BB292B26A
:10B0F0009A4218D00A46204604F19401FFF7B6FFA1
:10B1000094F8F43073B1D4F8F82053099B0003F19C
:10B11000604303F56143012102F01F0201FA02F2CC
:10B120001A60F8BDF8BD94F89421C2F11002D2B2B1
:10B130000F2ADFD802F12D0504EB8505130104E089
:10B140000132102A03F11003D4D055F8040B002863
:10B15000F6D120688030C058C0F303600828EFD1D2
:10B160002046D2B2FFF7DAFE0120C9E780E100E015
:10B170002DE9F04F026889B0136B039383460546AF
:10B1800000F1B40A0024994608E0022B3AD00134B9
:10B19000102C05F108050AF1040A2ED029FA04F34F
:10B1A000D907F4D5270102F18003DB59C3F3036308
:10B1B000062B27D0082BE8D1DAF8000008B90BF1EC
:10B1C00094000188438889B29BB2994200F09D8027
:10B1D0000188438889B29BB29942D8D004A9FFF76D
:10B1E000F1FB002840F0B280DBF800200134102C85
:10B1F00005F108050AF1040AD0D1039B136309B0D5
:10B20000BDE8F08F04A9E2B25846FFF7D7FE9BF8DD
:10B21000FC306BB1D5F814319DF81620013352077C
:10B22000C5F8143104D5D5F818310133C5F81831F3
:10B23000002201238DE88400A34002950BF18006D3
:10B240000BF190081D4656F8040F28B1426812EA27
:10B2500005032BD1002A3FDBB045F4D1009B019FB1
:10B26000029D002B3FD09BF8FC3083B1BBF8A4308B
:10B27000BBF8A6109AB28BB2D31A44BFBBF8A82071
:10B280009B18DBF804219A4238BFCBF804310BEB52
:10B29000C4031B7ADB0714D5DBF800306A688433FB
:10B2A00022F06042DA51DBF8002070E703681F6883
:10B2B0002D4B9F4245D10020009B1843C3B2009301
:10B2C000CAE76968DBF80030284A890484330A40F9
:10B2D000DA51DBF800205AE702681768224A9742E1
:10B2E0003CD11846E8E704AA0BF1A4015846FFF741
:10B2F000BDFE0028B7D19BF8FC30002BC7D0DBF88F
:10B3000008310133CBF80831B0E70127A74047F0F7
:10B3100000470BF180060BF1900856F8040F10B1AE
:10B3200043681F4204D1B045F7D1DBF800205DE748
:10B3300003680F4A5B689342F5D000222146984784
:10B34000F1E70023224604A9B847B5E7E2B204A911
:10B350005846FFF7E3FDDBF8002018E74FF0FF3217
:10B3600004A9B847A8E700BF51A900000000FC1FCE
:10B3700055A900000148FFF7FBBE00BF70B8FF1FD2
:10B38000704700BF014B1B681B6A704770B8FF1FF6
:10B39000704700BF704700BF704700BF00210148E1
:10B3A000FFF72CBB70B8FF1F38B50446104621705C
:10B3B0000A491D4605F02AFD01464FF07E5005F072
:10B3C000D9FD074905F022FDE560606025616561F2
:10B3D00000F080FCE061204638BD00BFDB0FC940B3
:10B3E0000024744938B503780446032B20D8DFE8DD
:10B3F00003F01A181002C168406905F0FDFB0D4901
:10B400000546606805F0B6FD0146284605F0B2FD28
:10B4100038BD0849406805F0ADFDE16805F0F6FC6F
:10B4200038BDC06838BDC168406905F0E5FB38BD6E
:10B43000002038BD0024744970B504460E4600F063
:10B4400049FC0546E069281A05F08CFCE368236195
:10B45000E5616661A0610146606805F08BFD01460B
:10B46000A060104805F086FD05F026F803F0C0FC4A
:10B4700005F06EFB054601464FF07E5005F0BCFB23
:10B48000616905F0C3FC21690646284605F0BEFC4B
:10B490000146304605F0B2FBE0602046BDE8704052
:10B4A000FFF7A0BF000080BFF0B589B00E4615467B
:10B4B00001F048FBF8B11B4F3B680093009B002450
:10B4C00001F040FBC8B90C2CFAD103AB04A8002250
:10B4D00013F8011B834201EB0222F9D132600DF116
:10B4E0000F036A1E0DF1170013F8011F02F8011F68
:10B4F0008342F9D1012009B0F0BD01F033FB08AB64
:10B50000234401340C2C03F8140CDED03B68029366
:10B51000029A3B680193019B9B1A0A2BD0D9002009
:10B5200009B0F0BD18BAFF1F30B42948294A2A4B88
:10B530002A4D6024E121047011701B78284C082BDF
:10B5400030D00A2B2748284937D00C2B0CBF352286
:10B550003D2212232A60236002600B60234B2449A2
:10B560001B78244ABBB101230B601360224B234993
:10B570001B78234A012B26D9042B0FD9082B1ED95F
:10B58000102B94BF862387230B6013601D4B012271
:10B590001A7030BC70470B601360E7E784230B60C0
:10B5A0001360F3E700F58E200F49083001221323C2
:10B5B0002A60236002600B60D0E73922F7E7852319
:10B5C0000B601360E2E780230B601360DEE700BFCF
:10B5D0000040074001400740B387FF1F08B0034009
:10B5E0000CB0034008B00B400CB00B4015BAFF1F65
:10B5F00020B0034020B00B40B487FF1F24B00340AD
:10B6000024B00B4014BAFF1F0A4A0B49136843F4D5
:10B61000805313600B7843B9084BC0221A70084B53
:10B6200080F30C0000B218807047044B80221A701F
:10B63000F5E700BF2C80044015BAFF1F21C00C4065
:10B6400000C00C40F0B51B4B1B4E596818689A6837
:10B65000DB6885B06C460FC4337899071DD5174A4F
:10B66000174C1378174913F0700318BF1370164A5C
:10B67000164B8027177000263320032226706D4654
:10B6800008701A7072B6043C45F001052046A847C0
:10B6900062B6237813F0700309D10D4B064901E01F
:10B6A000013B02D00A78D207FAD505B0F0BD23706D
:10B6B00005B0F0BDD46B0100010002400000024063
:10B6C000040002400B000240070002400A00024052
:10B6D000410D0300B0F5006F0AD210B5094B1B787D
:10B6E000DB07044606D504F1A0500078C0B210BDB7
:10B6F00000207047FFF7A6FF04F1A0500078C0B209
:10B7000010BD00BF01000240B1F5006F60D2F0B57E
:10B71000374B1B78DB0785B00C465AD5B2F5006F66
:10B7200003D28B18B3F5006F5ED3C1F50062314DC3
:10B730002F4B14F0030118D002292DD004F1A0568C
:10B74000077831788F4200F1010008D0297811F094
:10B75000700118BF297037701978C907FCD5013AF4
:10B760000134002AE5D105B0F0BD032A14D904F153
:10B77000A05650F8047B31688F4208D0297811F028
:10B78000700118BF297037601978CF07FCD5043ACB
:10B790000434002ACDD1E6E7012ACFD004F1A05726
:10B7A00090F801E001783E8841EA0E218E4200F1D6
:10B7B000020008D02E7816F0700618BF2E7039805F
:10B7C0001978CE07FCD5023A0234002AB1D1CAE773
:10B7D0007047039202910190FFF734FF01A807C858
:10B7E000B2F5006F9DD3A0E7002AA0D1BBE700BF50
:10B7F000010002400000024008B5104C08E0236838
:10B8000059050DD423681A050FD42368DB0411D41D
:10B8100023685803F3D501F021FE23685905F1D5BB
:10B8200000F066FE23681A05EFD501F00DFA2368D3
:10B83000DB04EDD501F0CAFCEAE700BF3480044028
:10B8400008B5FFF7D9FF00BF014B10221A807047DF
:10B8500000200540704700BF094908B50B6830B1AA
:10B860006A461844A2F58052904202D208601846F7
:10B8700008BD05F0EDFC0C2303604FF0FF3008BD60
:10B88000B887FF1FEFF3138070B9EFF310836BB924
:10B89000EFF305825AB94FF48070EFF311832BB1A7
:10B8A000984228BF184670474FF0FF3070470F2A64
:10B8B00001D81846F1E7014BD05CEEE7F0E300E079
:10B8C00010B40F4B53F8302092F880422CB1012372
:10B8D00069B182F8803010BC704703EBC0035B682D
:10B8E0001A6841B922F002021A6010BC704782F84F
:10B8F000003110BC704742F003021A6010BC704760
:10B90000E46B01001C4A02EBC00301295B6811D003
:10B9100004291BD052F83000002280F8802229B17F
:10B92000022920D0032922D01A6070474FF4807278
:10B930001A60704752F830004FF4A27280F88012FB
:10B940001A601A6822F020021A60704752F830100C
:10B950004FF4A272012081F880021A601A6842F046
:10B9600020021A60704740F203121A6070474FF4C9
:10B9700081721A60704700BFE46B010030B4054B60
:10B98000054D064C002210211A602A6020601960C3
:10B9900030BC704714D0034004D0034000D00340B3
:10B9A000282838B52ED0002904464FDD5F4B1B7880
:10B9B000012505FA03F28A4202D8212837D938BD79
:10B9C0000338C2B2012A3AD9202C4AD0192C48D0C7
:10B9D000574A126802FB011222FA03F31D2800F2F3
:10B9E0009B80DFE800F0928B847D9999766F99991E
:10B9F0009999999999999968615A53994C999999F2
:10BA000099999945494B1B780B2B08D90C2B1CBFD6
:10BA10000C3B19410846BDE83840FFF7F5BDC3F1BE
:10BA20000C0399400846BDE83840FFF7EDBD2946B4
:10BA3000FFF746FF2946BDE83840FFF763BF3D4AA0
:10BA4000126802FB011222FA03F3C7E72128B6D8D5
:10BA50000021FFF735FF20460121BDE83840FFF700
:10BA600051BF354A126802FB011222FA03F3B5E70F
:10BA70003249334A0B604FF45173136038BD31497A
:10BA8000314A0B604FF45173136038BD2F49304A6F
:10BA90000B6040F24443136038BD2E492E4A0B60C0
:10BAA00040F24443136038BD2C492D4A0B6040F2EC
:10BAB0004443136038BD2B492B4A0B6040F244438A
:10BAC000136038BD29492A4A0B6040F24443136091
:10BAD00038BD2849284A0B6040F24443136038BD02
:10BAE0002649274A0B6040F24443136038BD25497C
:10BAF000254A0B6040F24443136038BD2349244A71
:10BB00000B604FF45173136038BD2249224A0B6019
:10BB10004FF45173136038BD212C3FF650AF7F298D
:10BB2000D4BF00210121204693E700BFBC87FF1F3F
:10BB3000088003400890034008800B4010800B40B1
:10BB400048A0044018800B404CA0044018800340DB
:10BB500008B004401080034004B00440408003401B
:10BB600018C004403880034014C0044028800340BB
:10BB700010B00440208003400CB0044030800340EB
:10BB800010C00440488003401CC00440189003408B
:10BB90003490044010900340309004402DE9F84365
:10BBA0000E4680463249334D304605F0CDFA47F611
:10BBB000122300281ABF1D464FF002094FF0010959
:10BBC000002425FA04F005F0C9F84FF05E5107464D
:10BBD00005F01CF90146304605F0CAFA30B90134C7
:10BBE000072CEED1E80905F0B9F80746314638468A
:10BBF00005F0C0F94FF07C5104F0FEFF05F008FBA2
:10BC00004FF6FF729042A8F1030328BF1046012BA4
:10BC100029D9B8F1170F17D8174B23FA08F303F0F7
:10BC2000010383F0010223B9B8F1190F0FD0BDE869
:10BC3000F883124B124D13491A6044EAC9042A6072
:10BC400008601C60BDE8F883B8F1200FECD10E4B02
:10BC50000E4D0F49002244EAC9041A602A600860A8
:10BC60001C60BDE8F8830B4B0B4D0C49F2E700BF9D
:10BC7000001BB740006CDC026006F000008003404F
:10BC8000048003400880034000800B4004800B4088
:10BC900008800B400090034004900340089003404C
:10BCA000212801D8FFF70CBE704700BF212806D815
:10BCB000044B53F8303093F80002C0B270470020B4
:10BCC000704700BFE46B0100212801D8FFF71ABEBE
:10BCD000704700BF72B60C490C4B0D4A1B680868D0
:10BCE000126862B6520102D5322B88BF0130094971
:10BCF000C3F5BB334FF47A72FF33A1FB031302FB8E
:10BD000000F000EB9310704718BAFF1F18E000E036
:10BD100004ED00E0ABAAAAAA2DE9F843054672B6E5
:10BD2000204F214B214A1B683C68126862B65201C1
:10BD300002D5322B88BF013495B3C3F5BB331C4EFB
:10BD4000DFF86490DFF86480FF334FF47A72A6FB6B
:10BD5000031302FB04F404EB931472B6D9F8001039
:10BD60003A68D8F800E062B6C1F5BB33FF33A6FBF2
:10BD700003031EF0806FC4EB93134FF47A7002D06C
:10BD8000322988BF013200FB0233B3F57A7F04D336
:10BD9000013D05D004F57A74DFE702F099FEDCE797
:10BDA000BDE8F88318BAFF1F18E000E004ED00E0DA
:10BDB000ABAAAAAAF8B52D4B2D49DFF8D0E0DFF8E1
:10BDC000D0C02C4E2C4D2D4C2D4A2E4F4FF4000040
:10BDD00018604FF0807018604FF0007018604FF0DE
:10BDE000806018604FF00060186000200860282311
:10BDF0004BF6FF71CCF80010CEF8003033601360C2
:10BE00002B6023603B60B3629362092245F8242CC7
:10BE1000C4F8D80F05F57F65C7F8D41F07F5FF27CD
:10BE200007F5FA67C6F8F83F2B6006F5FF26C4F859
:10BE3000D42F05F5FD2504F5FF24386006F2F476CD
:10BE40001148316005F5FF6504F5FD642B60236042
:10BE50000260FFF769FB1920FFF75EFF02F064F84C
:10BE600040F21310BDE8F840FFF756BF08E100E0CC
:10BE70000480034014800340248003402C8003404E
:10BE80001C8003403480034000800B400C80034042
:10BE9000088003402DE9F84F214B1B6807460BB182
:10BEA00001221A70DFF888901E4D99F80040DFF8E3
:10BEB00084801D4E01343F2C8ABF4FF0000A5FFA88
:10BEC00084FA5446AB462B78A34216D1FFF7DAFC2E
:10BED00040281FDC33791B06F5D59BF80030013371
:10BEE0003F2B86BF00221346DAB218F80330DBB2CC
:10BEF000F3712A702B78A342E8D00C490A4BFFB2A9
:10BF000008F804700120BC22087089F800A0DA70DB
:10BF1000BDE8F88FFF28D6DD02F0DAFDD3E700BFD9
:10BF2000ACBAFF1FA9BAFF1F00A00640A8BAFF1FA6
:10BF3000B0BAFF1F24BAFF1F2B4A2C491368F0B573
:10BF400043F4806313600A78294F2A4E2A4D2B4C04
:10BF50002B4900233B7033702B7023700B70002A29
:10BF60003DD0152A21D0274B1B78012B25D0052B3E
:10BF700030D01F2827D8002002460125224B234C11
:10BF80001A7023495D7004224FF0020E88273C2668
:10BF9000402598729A704FF4005083F813E05A7558
:10BFA0001F74DE7025700860F0BD1A4B40F213322A
:10BFB0001A60144B1B78012BD9D1174B4FF45172D7
:10BFC0001F281A60D7D9C0F34432C0F3471500F0D8
:10BFD0001F00D3E7114B4FF451721A60C9E7104BA1
:10BFE00040F213321A60BEE73480044064BAFF1F87
:10BFF00020BAFF1F21BAFF1FB0BAFF1FA9BAFF1F47
:10C00000A8BAFF1FBD87FF1F00A006402DE400E077
:10C0100004E100E018C0044044A004401CC00440F7
:10C0200040A00440144B14499B7803F0EC0200F04C
:10C0300003031343420700F00F0248BF43F010030D
:10C04000042A8B7013D00C4B0B4A5B79C10603F0AA
:10C05000EF0348BF43F0100353719379820603F056
:10C06000EF03054A48BF43F01003937170478B7983
:10C0700043F040038B71E6E700A00640234B1B68AA
:10C080005B0541D510B5224C237823B102F020FD89
:10C090002378002BFAD11F481F4A204B4FF400543D
:10C0A00000210460D1701B78FBB1152B03D11C4B10
:10C0B00040F203121A601B4B1B7803F07F03012B25
:10C0C0001DD0052B03D1184B40F203121A60174AFA
:10C0D000114B1748174912681C79DB79002303704C
:10C0E0000B700AB10123137010BD134B40F2031201
:10C0F0001A600C4B1B7803F07F03012BE1D10F4B2F
:10C1000040F203121A60E2E7704700BF3480044037
:10C11000A8BAFF1F84E100E000A0064064BAFF1F38
:10C1200018C00440BD87FF1F1CC004401CBAFF1F7D
:10C1300020BAFF1F21BAFF1F40A0044044A00440C2
:10C140000A4A38B50546137803F0FF04002BFAD1EC
:10C1500001212846FFF7B8FD21462846FFF7A0FD3C
:10C16000034A044B52F835201A6038BDA8BAFF1FA5
:10C17000E46B0100ACBAFF1F09B140F08000174A20
:10C180001378984216D010B4154C246864050FD566
:10C1900003F07F03012B1CD0052B11D0002900F0E8
:10C1A0007F0114BF6023442301290DD0052902D04B
:10C1B000107010BC70470B4943F440730B60F7E7F5
:10C1C000084B00241C60E9E7074943F440730B6007
:10C1D000EEE7054B00241C60E0E700BFBD87FF1FB2
:10C1E000348004401CC0044044A00440104B1A7822
:10C1F00082420AD00F490968490505D5AAB1152A16
:10C2000009D068B1152801D0187070470A4A40F269
:10C2100013311160F8E7084A002111600028F1D1BC
:10C22000064A40F213311160EEE704490A60E8E77C
:10C2300064BAFF1F3480044018C0044040A004408A
:10C240000D4B1B6813F4806305D0212805D90B4BD7
:10C2500000201860704718467047094B10B5074C0E
:10C2600053F8303023600121FFF72EFD23680022B0
:10C270001A70012010BD00BF348004401CBAFF1F9B
:10C28000E46B01000F4B1B6813F4806308D0122885
:10C2900008D0142811D00C4A537B03F0FE035373CB
:10C2A00000207047094B40F202321A60064A537B65
:10C2B00043F00103537301207047054B40F20232F3
:10C2C0001A60F3E73480044000A006400CA004404C
:10C2D00014C00440034B1B685B0501D5FFF7DABDB2
:10C2E000704700BF348004402DE9F84F294B1B688C
:10C2F0005A0548D5284B1B6805460BB101221A7018
:10C3000005EB010A554540D2DFF89C80234CDFF84D
:10C310009C90234F0AE015F8012B09F80B20214AC5
:10C320000123AA45137088F800602ED098F80030D9
:10C33000227803F1010BBBF13F0F86BF0026B34605
:10C340005FFA8BF69345E6D1BC22FA7005E03A79A4
:10C3500013060BD422789345DDD1FFF793FA4028DA
:10C36000F5DDFF28F6DD02F0B3FBF3E722780132BA
:10C370003F2A86BF00210A46D1B219F80220D2B264
:10C38000FA712170E6E7BDE8F88F054BBC22DA7040
:10C39000BDE8F88F34800440ACBAFF1FA9BAFF1F74
:10C3A00000A00640A8BAFF1FB0BAFF1F24BAFF1FA3
:10C3B00010B5044C237823B102F08AFB2378002BBC
:10C3C000FAD110BDA8BAFF1F064A074B1B78107898
:10C3D000DBB2C0B283422CBF3F3000F1FF30C01A45
:10C3E000704700BFA9BAFF1FB0BAFF1F054A064B2E
:10C3F00010781B78C0B2DBB2984238BF4030C01A08
:10C40000704700BF20BAFF1F21BAFF1F30B4154B81
:10C41000154C1A782378D2B2DBB29A421ED001337F
:10C420003F2B0ED91149124B087819680023C0B26E
:10C43000237021B1D31A1A2B01DC00230B7030BCFE
:10C4400070470A480A49C05C0968DDB2C0B225706D
:10C450000029F4D09A4238BF4032EBE74FF0FF306A
:10C46000EDE700BF20BAFF1F21BAFF1F68BAFF1F08
:10C470001CBAFF1F084A094B12781B78DBB29A429C
:10C4800007D00133402B28BF0023054AD05CC0B23F
:10C4900070474FF0FF30704720BAFF1F21BAFF1FCF
:10C4A00068BAFF1F0D4B1B685B0516D530B40C4BEB
:10C4B0000C4CDA780C480D4902F0CB024025DA70BA
:10C4C0005D74DA7842F03402DA7023780268DBB205
:10C4D0000B700AB10023137030BC704734800440E5
:10C4E00000A0064021BAFF1F1CBAFF1F20BAFF1F81
:10C4F000F0B4384B1A7912F0300F2CD072B6997D07
:10C5000001F0FF0200293DD062B6334F334938783D
:10C510000D78334E1C46C0B2EDB2431C402BE1797E
:10C5200028BF0023AB4202F1FF32C9B21CBFF15455
:10C53000184612F0FF02F0D12A4B1B68C2B23A70C3
:10C540004BB1A84236BFC5F14005401B4019272812
:10C55000C4BF01221A701F49CA78D2B2150616D478
:10C5600052060DD51B4B1B795B0609D51E4B1F4987
:10C570001B6800220A7003B11A70164B3C22DA7055
:10C58000F0BC70474022D9795A7462B6E3E70B7960
:10C590001C06E5D5164B174E1C783378E4B2DBB297
:10C5A0009C420ED0144D01E0A3420AD00133402B2F
:10C5B00028BF00230879E85CC0B2C871087D07284D
:10C5C000F2D9DBB2034933700B79180644BF7C23E0
:10C5D000CB70C5E700A0064020BAFF1F21BAFF1F9D
:10C5E00068BAFF1F1CBAFF1FACBAFF1FA8BAFF1F13
:10C5F000B0BAFF1FA9BAFF1F24BAFF1F2B4A2C494C
:10C600001368F0B543F4006313600A78294F2A4E8B
:10C610002A4D2B4C2B490023092A3B7033702B7079
:10C6200023700B703DD01A2A21D0274B1B780A2B80
:10C6300025D01F2B30D01F2827D8002002460125E7
:10C64000224B234C1A7023495D7004224FF0020ED6
:10C6500088273C26402598729A704FF4004083F852
:10C6600013E05A751F74DE7025700860F0BD1A4B18
:10C6700040F213321A60144B1B780A2BD9D1174B96
:10C680004FF451721F281A60D7D9C0F34432C0F357
:10C69000471500F01F00D3E7114B4FF451721A6099
:10C6A000C9E7104B40F213321A60BEE734800440F1
:10C6B000BE87FF1F24BBFF1FB9BAFF1F2CBBFF1F84
:10C6C00025BBFF1FB8BAFF1FBF87FF1F00B0064082
:10C6D0002FE400E004E100E004D0044010B0044086
:10C6E00000D004400CB00440144B14499B7803F074
:10C6F000EC0200F003031343420700F00F0248BFAF
:10C7000043F01003042A8B7013D00C4B0B4A5B7957
:10C71000C10603F0EF0348BF43F010035371937950
:10C72000820603F0EF03054A48BF43F010039371FC
:10C7300070478B7943F040038B71E6E700B0064009
:10C74000234B1B681B0542D510B5224C237823B11F
:10C7500002F0BEF92378002BFAD11F481F4A204B64
:10C760004FF4004400210460D1701B78092B1FD0C6
:10C770001A2B03D11B4B40F203121A601A4B1B7881
:10C7800003F07F030A2B1DD01F2B03D1174B40F260
:10C7900003121A60164A114B1648174912681C7981
:10C7A000DB79002303700B700AB10123137010BDF5
:10C7B000124B40F203121A600B4B1B7803F07F03FD
:10C7C0000A2BE1D10E4B40F203121A60E2E77047E8
:10C7D00034800440B8BAFF1F84E100E000B0064096
:10C7E000BE87FF1F04D00440BF87FF1F00D0044056
:10C7F000B4BAFF1F24BBFF1FB9BAFF1F0CB004401F
:10C8000010B004400A4A38B50546137803F0FF0417
:10C81000002BFAD101212846FFF756FA2146284677
:10C82000FFF73EFA034A044B52F835201A6038BD30
:10C83000B8BAFF1FE46B010028BBFF1F09B140F02D
:10C840008000174A1378984216D010B4154C24680B
:10C8500024050FD503F07F030A2B1CD01F2B11D00A
:10C86000002900F07F0114BF602344230A290DD062
:10C870001F2902D0107010BC70470B4943F440735D
:10C880000B60F7E7084B00241C60E9E7074943F415
:10C8900040730B60EEE7054B00241C60E0E700BF2F
:10C8A000BF87FF1F3480044000D0044010B0044014
:10C8B000124B1A7882420CD011490968090507D534
:10C8C000092A16D01A2A0AD009280DD01A2801D010
:10C8D000187070470B4A40F213311160F8E7094AAB
:10C8E000002109281160F1D1074A40F2133111608B
:10C8F000EEE7054A00211160E6E700BFBE87FF1F93
:10C900003480044004D004400CB004400D4B1B683C
:10C9100013F4006305D0212805D90B4B00201860C3
:10C92000704718467047094B10B5074C53F8303024
:10C9300023600121FFF7C8F9236800221A70012043
:10C9400010BD00BF34800440B4BAFF1FE46B010087
:10C950000C4B1B6813F4006306D0172806D00A4A54
:10C96000537B03F0FE03537300207047074B064AC6
:10C9700040F202311960537B43F0010353730120ED
:10C98000704700BF3480044000B0064008B0044047
:10C990002DE9F84F234B1B681A053BD5224B1B682A
:10C9A0000BB101221A70DFF89090204D99F80040E9
:10C9B000DFF888801E4E0134272C8ABF4FF0000A12
:10C9C0005FFA84FA54460746AB462B789C4216D150
:10C9D000FEF758FF40281FDC33791B06F5D59BF87E
:10C9E00000300133272B86BF00221346DAB218F835
:10C9F0000330DBB2F3712A702B789C42E8D00D49EA
:10CA00000B4BFFB20120BC2208F80470087089F8B3
:10CA100000A0DA70BDE8F88FFF28D6DD02F058F8E4
:10CA2000D3E700BF3480044028BBFF1F25BBFF1F96
:10CA300000B00640B8BAFF1F2CBBFF1FBCBAFF1FD7
:10CA40002DE9F84F294B1B681A0548D5284B1B6860
:10CA500005460BB101221A7005EB010A554540D27B
:10CA6000DFF89C80234CDFF89C90234F0AE015F8F8
:10CA7000012B09F80B20214A0123AA45137088F8DD
:10CA800000602ED098F80030227803F1010BBBF142
:10CA9000270F86BF0026B3465FFA8BF69345E6D193
:10CAA000BC22FA7005E03A7913060BD4227893453C
:10CAB000DDD1FEF7E7FE4028F5DDFF28F6DD02F0C8
:10CAC00007F8F3E722780132272A86BF00210A46B9
:10CAD000D1B219F80220D2B2FA712170E6E7BDE8AE
:10CAE000F88F054BBC22DA70BDE8F88F3480044023
:10CAF00028BBFF1F25BBFF1F00B00640B8BAFF1FB1
:10CB00002CBBFF1FBCBAFF1F10B5044C237823B108
:10CB100001F0DEFF2378002BFAD110BDB8BAFF1F59
:10CB2000064A074B1B781078DBB2C0B283422CBF99
:10CB3000273000F1FF30C01A704700BF25BBFF1F30
:10CB40002CBBFF1F054A064B10781B78C0B2DBB226
:10CB5000984238BF4030C01A704700BF24BBFF1F47
:10CB6000B9BAFF1F30B4154B154C1A782378D2B2DE
:10CB7000DBB29A421ED001333F2B0ED91149124B22
:10CB8000087819680023C0B2237021B1D31A1A2B78
:10CB900001DC00230B7030BC70470A480A49C05CB6
:10CBA0000968DDB2C0B225700029F4D09A4238BFBE
:10CBB0004032EBE74FF0FF30EDE700BF24BBFF1F33
:10CBC000B9BAFF1FE4BAFF1FB4BAFF1F084A094BE6
:10CBD00012781B78DBB29A4207D00133402B28BF72
:10CBE0000023054AD05CC0B270474FF0FF30704759
:10CBF00024BBFF1FB9BAFF1FE4BAFF1F0D4B1B6810
:10CC00001B0516D530B40C4B0C4CDA780C480D498A
:10CC100002F0CB024025DA705D74DA7842F034021B
:10CC2000DA7023780268DBB20B700AB1002313704C
:10CC300030BC70473480044000B00640B9BAFF1FD2
:10CC4000B4BAFF1F24BBFF1FF0B4384B1A7912F09F
:10CC5000300F2CD072B6997D01F0FF0200293DD033
:10CC600062B6334F334938780D78334E1C46C0B224
:10CC7000EDB2431C402BE17928BF0023AB4202F107
:10CC8000FF32C9B21CBFF154184612F0FF02F0D1B6
:10CC90002A4B1B68C2B23A704BB1A84236BFC5F1ED
:10CCA0004005401B40192728C4BF01221A701F49A4
:10CCB000CA78D2B2150616D452060DD51B4B1B7975
:10CCC0005B0609D51E4B1F491B6800220A7003B181
:10CCD0001A70164B3C22DA70F0BC70474022D979AA
:10CCE0005A7462B6E3E70B791C06E5D5164B174E6E
:10CCF0001C783378E4B2DBB29C420ED0144D01E0D4
:10CD0000A3420AD00133282B28BF00230879E85C0E
:10CD1000C0B2C871087D0728F2D9DBB2034933706D
:10CD20000B79180644BF7C23CB70C5E700B00640E2
:10CD300024BBFF1FB9BAFF1FE4BAFF1FB4BAFF1F1D
:10CD400028BBFF1FB8BAFF1F2CBBFF1F25BBFF1F4F
:10CD5000BCBAFF1F2DE9F84F214B1B6807460BB1EA
:10CD600001221A70DFF888901E4D99F80040DFF814
:10CD700084801D4E0134272C8ABF4FF0000A5FFAD1
:10CD800084FA5446AB462B78A34216D1FEF77AFDBF
:10CD900040281FDC33791B06F5D59BF800300133A2
:10CDA000272B86BF00221346DAB218F80330DBB215
:10CDB000F3712A702B78A342E8D00C490A4BFFB2DA
:10CDC00008F804700120AC22087089F800A0DA701D
:10CDD000BDE8F88FFF28D6DD01F07AFED3E700BF6B
:10CDE000A4BBFF1FA1BBFF1F00C00640A0BBFF1FCD
:10CDF000A8BBFF1F38BBFF1F1C4BDFF894C01A688D
:10CE00001B49F0B542F480521A4D1A60DFF884E0F5
:10CE1000194F1A4E1A4C00238CF800304FF45172FF
:10CE20002B701F2840F213358EF800303B703370A2
:10CE300025600A6012D819460124124A124D117059
:10CE40001248547000212C27402693724FF400346E
:10CE500091701174D7702E700460F0BDC0F344312E
:10CE6000C0F3471400F01F03E7E700BF348004401D
:10CE70000CC0044035BBFF1FA1BBFF1FA0BBFF1FA1
:10CE800008C0044000C0064031E400E004E100E0D6
:10CE900034BBFF1FA8BBFF1F144B14499B7803F042
:10CEA000EC0200F003031343420700F00F0248BFF7
:10CEB00043F01003042A8B7013D00C4B0B4A5B79A0
:10CEC000C10603F0EF0348BF43F010035371937999
:10CED000820603F0EF03054A48BF43F01003937145
:10CEE00070478B7943F040038B71E6E700C0064042
:10CEF000F8B5134B1B68DB041FD5124C237823B104
:10CF000001F0E6FD2378002BFAD10F4B0F4A104DAC
:10CF1000104F114E114C12484FF40031196000238C
:10CF2000D37040F203113960316029681579D279E4
:10CF30002370037011B101230B70F8BDF8BD00BF61
:10CF400034800440A0BBFF1F84E100E000C0064025
:10CF500030BBFF1F08C004400CC0044034BBFF1F9F
:10CF600035BBFF1F0A4A38B50546137803F0FF04A6
:10CF7000002BFAD101212846FEF7A6FE21462846BD
:10CF8000FEF78EFE034A044B52F835201A6038BD76
:10CF9000A0BBFF1FE46B0100A4BBFF1F09B140F061
:10CFA00080000F4A1378984219D010B40D4C2468B1
:10CFB000E40412D503F07F03082B02D10A4B0024AE
:10CFC0001C60002900F07F0314BF60214421082B5E
:10CFD00003D1054B41F440711960107010BC7047CB
:10CFE000C087FF1F348004400CC00440704700BF5E
:10CFF0000D4B1B6813F4805305D0212805D90B4B2A
:10D0000000201860704718467047094B10B5074C50
:10D0100053F8303023600121FEF756FE23680022CA
:10D020001A70012010BD00BF3480044030BBFF1FC8
:10D03000E46B01000C4B1B6813F4805306D00E28E0
:10D0400006D00A4A537B03F0FE0353730020704757
:10D05000074B064A40F202311960537B43F001034B
:10D0600053730120704700BF3480044000C0064065
:10D0700004C00440034B1B68DB0401D5FFF76ABE04
:10D08000704700BF3480044070B5094E044645180F
:10D09000AC4204F101040AD03368DB04F8D514F87B
:10D0A000010CFFF757FEAC4204F10104F4D170BD4E
:10D0B0003480044010B5044C237823B101F008FDFE
:10D0C0002378002BFAD110BDA0BBFF1F064A074BE7
:10D0D0001B781078DBB2C0B283422CBF273000F13E
:10D0E000FF30C01A704700BFA1BBFF1FA8BBFF1FC6
:10D0F000054A064B10781B78C0B2DBB2984238BFA5
:10D100004030C01A704700BF34BBFF1F35BBFF1F44
:10D1100030B4154B154C1A782378D2B2DBB29A4250
:10D120001ED001333F2B0ED91149124B08781968D4
:10D130000023C0B2237021B1D31A1A2B01DC0023C3
:10D140000B7030BC70470A480A49C05C0968DDB200
:10D15000C0B225700029F4D09A4238BF4032EBE7C4
:10D160004FF0FF30EDE700BF34BBFF1F35BBFF1FA3
:10D1700060BBFF1F30BBFF1F084A094B12781B78AA
:10D18000DBB29A4207D00133402B28BF0023054A67
:10D19000D05CC0B270474FF0FF30704734BBFF1F08
:10D1A00035BBFF1F60BBFF1F054B064A1B780649B6
:10D1B0001268DBB20B700AB100231370704700BF16
:10D1C00035BBFF1F30BBFF1F34BBFF1F30B42B4BE1
:10D1D0001A7994061FD52A48DA7903782949013348
:10D1E0003F2B0978C8BF00238B42D2B203D0264C14
:10D1F000D9B2E2540170254A116861B1244A12780B
:10D20000D2B2934236BFC2F140029B1A9B18272B21
:10D21000C4BF01230B70194AD378DBB2180611D4AE
:10D220005A060DD5154B1B795B0609D5194B1A49C2
:10D230001B6800220A7003B11A70104B2C22DA709E
:10D2400030BC704711790906EAD5144910480C78AA
:10D250000178C9B28C420DD04A1C272A84BF002114
:10D260000A460F4D054C98BFD1B2AA5CD2B2E2710A
:10D270000170D5E76C21D170D2E700BF00C0064035
:10D2800034BBFF1F35BBFF1F60BBFF1F30BBFF1F41
:10D29000A1BBFF1FA4BBFF1FA0BBFF1FA8BBFF1F9D
:10D2A00038BBFF1F431E032B14D872B60A4951F82E
:10D2B000230068B170B4094C058834F8132046681F
:10D2C00041F82360521B24F8132062B670BC7047EB
:10D2D00062B670470020704704BCFF1F00BDFF1FEF
:10D2E000013803280BD872B6074B53F8203043B1EE
:10D2F00000205B680130002BFBD162B67047002034
:10D3000070471846F9E700BF58BCFF1F30B472B62B
:10D310002B4A13781D0706D52A4B196A002936D0E7
:10D32000996A002941D053781C0706D5254B196C02
:10D3300000293ED0996C002939D09378190705D57A
:10D34000204B196E002936D0996E89B1D3781B070E
:10D3500007D51C4BD3F880207AB3D3F8882011214D
:10D360003AB162B6184B00221A7030BC00F058BEB9
:10D370000D21154C154D227843F8315003EBC103B4
:10D380000830013A5860227062B630BC70470422FF
:10D390000D4C0F4D217843F8325003EBC203083097
:10D3A0004A1E5860227062B6EFE70521E1E70921C5
:10D3B000DFE70822ECE70C22EAE71022E8E700BFEB
:10D3C0004C6E01000080FF1F81BCFF1FC8004000A1
:10D3D00088004000431E032B1DD81B4A400140F02B
:10D3E000100030B4104472B6184CE25C032A1BD80B
:10D3F000DFE802F00212151703220D88E25410F044
:10D40000080F14BFC823882343EA0543083103608B
:10D41000416062B630BC704708300222EDE7052259
:10D42000EBE708300422E8E7094A52F8230038B154
:10D43000084A52F82300416042F8231062B6E9E737
:10D4400042F82310034AF7E70080FF1F90BCFF1F3C
:10D4500058BCFF1F68BCFF1F00BE00BF2DE9F04F86
:10D46000DFF818B3DFF818A387B044E0AE4F4FEAF7
:10D47000930807EBC809013ED9F8042003F008031C
:10D48000F6B2A2F1080003F0FF04002B40F0048183
:10D4900057F838301B0C99B222F8081C002B00F00A
:10D4A000F280A24B22F8064C42F8044C53F8262096
:10D4B000002A00F06E819E4D55F8263058609D4C34
:10D4C00045F8260034F81630194424F8161000F0F8
:10D4D00087FD002800F05681974A984B19F0080FF5
:10D4E00000F1080018BF1346C9F8040047F83830A7
:10D4F00008238BF800309BF80040E4B261071BD58D
:10D500008F4B1B78ABB18F490A7802F0FF032AB129
:10D51000013BDBB20B70002B00F0EF848A490A78E4
:10D5200002F0FF032AB1013BDBB20B70002B00F0CD
:10D53000F78004238BF8003004F0080303F0FF02A7
:10D54000002B00F0D6809AF80030DBB21E098DD196
:10D550009C08DFF8D49159F8342009EBC401C2F3D8
:10D560008302013A49680C2A7ED8DFE802F0818103
:10D570007D7D7D7D7D7D477D7D7D07000868734DC8
:10D580004A68734F734E286081B240F281606A4BE3
:10D590006A604FF0010E0022814249F834303A604F
:10D5A000C9F81020C9F8182086F800E05E4C00F297
:10D5B000F480B1F5D06F80F07883B1F5817F00F011
:10D5C000628300F28782802900F0EC82822940F099
:10D5D0001E83A98801F07F01042900F218835E48A8
:10D5E0005E4C89000844227062700278930740F113
:10D5F000798384F800E04FF0020ED8E2544F3A6885
:10D6000042B3574B534E5749188834780D78402809
:10D61000864645F0020828BF4FF0400E002C84F0EB
:10D6200001043470CEEB00000CBF8824C82409EB41
:10D63000C80680B285F0010544EA0E447260188085
:10D6400049F8384072440D7018B9BEF1400F18BF48
:10D6500000223A603D4B1A88B2F5A06F04D1002138
:10D660009A785970404B1A70404A012313703FE773
:10D67000364A158842F22100854200F0FF812E4A89
:10D6800049F83420F0E72C4A2C4B19F0080F18BF4A
:10D69000134647F838302BE700F0C2FC344A3549CE
:10D6A00052F82630002B00F0B68158688C5D42F8A5
:10D6B000260003F10802C9F80420032C05D8DFE88E
:10D6C00004F0120F150204228A551A8819F0080F67
:10D6D0000CBF8823C82343EA024347F8383007E7E2
:10D6E00002228A55F1E703228A55EEE705228A5580
:10D6F000EBE7E00700F11A82210600F14982A20758
:10D7000006D51D4A1D4913780220DBB2137008703C
:10D71000E30602D5194B10221A7007B0BDE8F08F4E
:10D7200000F0EAFD05E700BF0080FF1F04BCFF1FFB
:10D73000B0BBFF1F00BDFF1FC800400088004000B5
:10D740008CBCFF1F15BCFF1F94BCFF1F78BCFF1FC4
:10D75000ACBBFF1F14BCFF1FC020074084BCFF1FD1
:10D76000C0BBFF1F80BCFF1F9820074094200740CC
:10D7700058BCFF1F90BCFF1F882007408020074037
:10D7800090200740AB4A47F83800137801331370F4
:10D79000AEE643F82600A84D91E642F22100814210
:10D7A00000F0358100F2AF81B1F5086F00F01B8207
:10D7B000B1F5106F40F02B82226AA049A87808705A
:10D7C000120600F14583D9F828209D49130600F17F
:10D7D0003A83D9F830209A49150600F12F83D9F8F9
:10D7E00038209749140600F12483D9F84020944941
:10D7F000100600F11983D9F848209149120600F16A
:10D800000E83D9F850208E49130600F10383D9F80E
:10D8100058208B49150600F1F882D9F86020884914
:10D82000140600F12983D9F868208549100600F113
:10D830001E83D9F870208249120600F11383D9F8AB
:10D8400078207F49130600F10883D9F880207C49AD
:10D85000150600F11C83D9F888207949140600F1D7
:10D860001083D9F890207649100600F1C882D9F8C3
:10D8700098207349120600F1BC827248724A7349BB
:10D88000019073486C4D734C0497002305960295E4
:10D89000804617460E461D460394386828B14468F2
:10D8A00000F0BEFB2046002CF9D100233B60029B18
:10D8B00030681A46002342F8253028B1446800F049
:10D8C000AFFB2046002CF9D100223260019A98F873
:10D8D00000301146002241F8042B039A0191023BCB
:10D8E0004FF0000122F81510032B09D8DFE813F0E0
:10D8F0004B0104004B0104004FF0010388F8003095
:10D900000135042D07F1040706F1040608F10108AA
:10D91000C3D1514C514B2278464D049F059E0021A6
:10D9200029701A70130700F14F8262784C49DFF8B2
:10D9300010810A7010074FF00001C9F83010C9F8C3
:10D94000381000F12B824749A2780A700021C9F8EB
:10D950005010C9F858101107DFF8E48000F1DC819D
:10D96000E2784149364C0A7000211207C9F870105C
:10D97000C9F8781000F1B98133780193002183F060
:10D980000102C9F89010C9F8981000200290804652
:10D990008446044635490D7845F0020E09EBCE0366
:10D9A0000393019B002B039B5C600CBF8824C8245D
:10D9B00044EA080385F0010449F83E3032700C70E7
:10D9C000DFF87CE02A4BDFF8A480002840F02681B5
:10D9D000BCF1400F1BD144F0020C09EBCC03029CBC
:10D9E000DFF85CE05C60002A40F02E81020442F027
:10D9F00088029DF804304EF83C20044433700D70CA
:10DA00002346402803D100201A4A3B6010801A4A5E
:10DA10000123137028E68B5D032B00F22D8101A2F8
:10DA200052F823F0F1D40000F1D400007BDB0000B9
:10DA300081DB000081BCFF1FB0BBFF1F8CBCFF1F40
:10DA40000080FF1F68BCFF1F04BCFF1F58BCFF1FE6
:10DA500090BCFF1F00BDFF1F4C6E0100C42007409B
:10DA6000C8200740CC200740D020074080BCFF1FC3
:10DA700014BCFF1FC0BBFF1F94200740928892B9BF
:10DA8000B14A0D784878157050708D78C8789570C7
:10DA9000D07010680D79157186284D798979557186
:10DAA000917100F0A580A949A94E0A78307882F0DA
:10DAB0000105002842F002020D700CBF8821C82128
:10DAC00049F8321009EBC20280F0010000213070E9
:10DAD0005160D4E540F20232914240F08D80A98835
:10DAE00001F07F01042900F292806A88002A40F048
:10DAF0008E809848CDF804E089000844017841F010
:10DB00000201017041E742F2212081427BD1A988C4
:10DB1000002940F0E480904B904A9148AC781D6811
:10DB20001560CDF804E00A4604702EE78D4B8E4850
:10DB300086491A614FF0020E80F800E0854F0A70A6
:10DB40008A49196099608A4E8A4D8B4C9A610D21E1
:10DB50003970FF213170DFF840E229702270874D63
:10DB6000874A8EF800109F27012406F8047C5D6028
:10DB70000470DA6007B0BDE8F08F00238B55B7E47E
:10DB800001238B55B4E44FF0000388F80030B7E66A
:10DB90007049784B80220D2008701A70A2077FF51B
:10DBA000B7ADAEE5774C4FF0020E22706270EA8896
:10DBB000724580F0A38165490D78402A944645F06E
:10DBC000020E28BF4FF0400C04EB0C0309EBCE0013
:10DBD0000293012344604FEA0C48CCEB020001930E
:10DBE0000022C824E4E6684A664C12782270DEE718
:10DBF000664A0F21117056E7B1F5A06F07D10123D6
:10DC000000220193C1E642F221329142F7D0514AFB
:10DC10000F231370544A0123137025E540287FF623
:10DC2000DAAE44F002040EEBC401029E4E60BAB1BB
:10DC30009DF80410564A19703346403888F8005051
:10DC400040334EF83420DFE69DF804303370020490
:10DC5000029B0D7042F0C80203444EF83C20D0E60F
:10DC60009DF804101970029B404A88F80050403813
:10DC700040334EF83420C7E619F0080F0CBF0223DA
:10DC800003238B5534E4A98801F07F010429BED811
:10DC90006A88002ABBD12F48CDF804E089000844E7
:10DCA000017821F0020101706FE63A4A5468002CB5
:10DCB000ADD06888B5F804E003E00C325468002C5D
:10DCC000A5D013888342F8D153887345F5D1000A53
:10DCD00003280CBF94F800E0B2F808E067E7CDF83D
:10DCE00004E052E64FF0020E61E700F079F90028F7
:10DCF00000F0F18008301D4AC4F88400C4F8802088
:10DD000000F06EF9002800F0E0800830204AC9F8E1
:10DD10008C00C9F888202FE600F062F9002800F096
:10DD2000E6800830114AC8F86400C8F8602000F0A6
:10DD300057F9002800F0D5800830154AC9F86C0062
:10DD4000C9F868200CE600BF08BDFF1F80BCFF1F9C
:10DD500014BCFF1FC020074018BAFF1F10BDFF1FD3
:10DD6000A4BCFF1F0080FF1F9420074088004000D4
:10DD7000882007408020074098200740C4BBFF1F31
:10DD800018BCFF1F84BCFF1F8CBCFF1F15BCFF1FEE
:10DD9000C8004000506E01008C20074000F020F9C0
:10DDA000002800F08C8008305D4AC8F84400C8F8AC
:10DDB000402000F015F900287BD00830594AC9F8F6
:10DDC0004C00C9F84820BEE500F00AF900286AD0E6
:10DDD0000830534AC9F82400C9F8202000F000F99F
:10DDE00000285AD008304F4AC9F82C00C9F828201A
:10DDF0009BE5D1F89C00083800F012F93DE5D1F818
:10DE00009400083800F00CF931E5C86D083800F0CE
:10DE100007F902E5486D083800F002F9F7E4C86C2C
:10DE2000083800F0FDF8ECE4486C083800F0F8F829
:10DE3000E1E4C86B083800F0F3F8D6E4486B083822
:10DE400000F0EEF8CBE4C86A083800F0E9F8C0E466
:10DE5000606A083800F0E4F8B5E4C86F083800F0EC
:10DE6000DFF8F2E4486F083800F0DAF8E7E4C86E4B
:10DE7000083800F0D5F8DCE4486E083800F0D0F837
:10DE8000D1E4D1F88C00083800F0CAF8E9E4D1F800
:10DE90008400083800F0C4F8DDE42A78C9F82800C6
:10DEA00001322A7041E52A78C9F8200001322A702F
:10DEB00094E72A78C9F8480001322A7043E52A78A5
:10DEC000C8F8400001322A7073E72A78C9F8880040
:10DED00001322A7050E52A78C4F8800001322A7095
:10DEE0000EE72A78C9F8680001322A7038E52A78E6
:10DEF000C8F8600001322A7019E700BEBEF1400F79
:10DF0000F44628BF4FF0400C04EB0C0302930123AE
:10DF1000CCEB0E004FEA0C48002201933AE500BF1B
:10DF200088004000C80040002DE9F843204C00F074
:10DF300005FF002204F1A00023461A605A6008334E
:10DF400083424FF00001F8D11A4A1B4F13681B4D52
:10DF50001B481C4EDFF87880DFF878C0DFF8789037
:10DF6000DFF878E043F480231360C4F307233B70A9
:10DF7000C4F307432B70240EFF2302F528320470EC
:10DF8000114D88F8003011488CF80030D4323370CD
:10DF9000012389F8003070268EF800104FF40074C9
:10DFA000102107F8183C2E7004601170BDE8F8834A
:10DFB0000080FF1F348004409C200740B0200740B1
:10DFC000B42007401020074049E400E008E100E0E9
:10DFD0008020074088200740942007400021074008
:10DFE00072B60D480268B2FA82F30B2B10DC4FF0C8
:10DFF0000041D94022EA0102026062B6074803EB01
:10E00000C303DB00C2180021C150104651607047A5
:10E0100062B60020704700BFC487FF1FBC83FF1F8C
:10E020000D4B0E4AC31AA2FB03231B090B2B0CD862
:10E030000B4A127852B972B60A484FF00041026892
:10E0400021FA03F31A43026062B67047064A127857
:10E05000002AF0D0FFF75AB9BC83FF1F398EE3388E
:10E0600081BCFF1FC487FF1F8CBCFF1F38B50F4D3D
:10E07000286878B143880288C118013393420C7A2A
:10E0800002D24380204638BDFFF7CAFF0023204656
:10E090002B6038BD064B1B782BB10320FFF702F92C
:10E0A00028600028E6D14FF0FF3038BDA0BCFF1F2C
:10E0B0008CBCFF1F10B5094C206818B14388184468
:10E0C000007A10BD064B1B782BB10320FFF7EAF84E
:10E0D00020600028F2D14FF0FF3010BDA0BCFF1F20
:10E0E0008CBCFF1F044B054A1B6890881BB11A8823
:10E0F0005B88D31A18447047A0BCFF1F00BDFF1FE8
:10E100000B4B1B789BB110B50A4C206848B1FFF748
:10E1100087FF002303202360FFF7C4F830B1FFF727
:10E120007FFF0320FFF7BEF80028F8D110BD70472D
:10E130008CBCFF1FA0BCFF1F2DE9F04FDFF8F8904B
:10E1400083B0012289F80020019169B3DFF8EC80E7
:10E15000364F019E8346D8F80000B0B3344D448852
:10E16000C4F14001B14228BF314604EB010E002248
:10E170001FFA8EFE2A70761AA0F802E000F108025B
:10E1800051B1013C224459441BF8014B02F8014FA4
:10E190008B45F9D1B0F802E0BEF13F0F0BD8254A0C
:10E1A00005211170002ED6D10198002389F8003086
:10E1B00003B0BDE8F08F4022028001460420FFF743
:10E1C00009F90022C8F80020E9E73A782AB3184D87
:10E1D0004AF2F9244FF0010A07E0013C16D02A78F0
:10E1E000A2B900F075FC3A78BAB10420FFF778F8CC
:10E1F0000728F2D889F800A0FFF7F2FEC8F800005F
:10E200000028ACD10C4B013C1870E8D101234FF031
:10E21000FF302B7003B0BDE8F08F00234FF0FF30CC
:10E2200089F8003003B0BDE8F08F00BF8CBCFF1F41
:10E230009CBCFF1F94BCFF1F95BCFF1F98BCFF1F19
:10E2400000B583B002AB012103F8010D1846FFF7BA
:10E2500073FF03B05DF804FB38B50E4D0E4C286813
:10E260000123237028B1408800232370C0F14000AF
:10E2700038BD0A4B1B7813B90020207038BD04202C
:10E28000FFF72EF80728F7D8FFF7AAFE2860002826
:10E29000E9D1F1E798BCFF1F95BCFF1F8CBCFF1FA5
:10E2A000F8B5114B1B788BB1104E114D3468012716
:10E2B0002F7064B10F4A63880027177021462380AE
:10E2C0000420FFF787F8376000232B70F8BDFFF7B5
:10E2D00087FE084B28B1014604201C70FFF77AF82E
:10E2E000F2E71F70F0E700BF8CBCFF1F98BCFF1F58
:10E2F00095BCFF1F94BCFF1F38B50E4B1B7873B93C
:10E300000D4C216861B103F0FF054B880B800420A0
:10E31000FFF760F8256038BD084B01221A7038BD40
:10E32000FFF75EFE0028F7D00146BDE83840042024
:10E33000FFF750B895BCFF1F98BCFF1F94BCFF1F90
:10E3400070B5EFF3108272B60C4C206880B10C4EA1
:10E3500000254369236073B19D6102B962B64577B8
:10E3600083689847EFF3108272B620680028F0D1D6
:10E3700002B962B670BD3360EFE700BFA8BCFF1FF3
:10E38000ACBCFF1FFFF7DCBF024A13680133136008
:10E39000704700BF18BAFF1F0368C9B21B6818474F
:10E3A0000368C9B21B6818470368C9B21B681847DD
:10E3B0000368C9B21B6818474B0803F1376303F5BC
:10E3C000D83310B50446B3FBF1F0FDF7B5FD044BAF
:10E3D0001B7803B110BD2046BDE8104000F0F0BC32
:10E3E0000488FF1F08B50846FDF774FF012008BD2B
:10E3F00008B50846FDF76EFF012008BD38B5084690
:10E400000D4603F01DFD044601462846FDF76CFF4E
:10E41000204638BD10B5084614461146FDF764FF86
:10E42000204610BDFEF73EB808B50846FDF72AFFA6
:10E43000003018BF012008BD08B50846FDF700FFF1
:10E44000003018BF012008BD08461146FDF794BEF4
:10E450000846FDF7CBBE00BF0846FDF771BE00BF02
:10E46000FDF70CBE10B54B0803F13760144600F5FC
:10E47000D830B0FBF1F0FDF75FFD2046BDE810405D
:10E48000FDF7D0BDFDF7F6BFFDF7C0BFFDF7AEBF8E
:10E49000FDF78EBFFDF798BF4B0803F1376303F517
:10E4A000D83310B50446B3FBF1F0FEF7A7F8044BE0
:10E4B0001B7803B110BD2046BDE8104000F080BCC1
:10E4C0000588FF1F08B50846FEF762FA012008BD5F
:10E4D00008B50846FEF75CFA012008BD38B50846C5
:10E4E0000D4603F0ADFC044601462846FEF7A8FAA7
:10E4F000204638BD10B5084614461146FEF7A0FA6E
:10E50000204610BDFEF77ABB08B50846FEF720FA94
:10E51000003018BF012008BD08B50846FEF7F6F91F
:10E52000003018BF012008BD08461146FEF786B925
:10E530000846FEF7BDB900BF0846FEF763B900BF45
:10E54000FEF7FEB810B54B0803F13760144600F52E
:10E55000D830B0FBF1F0FEF751F82046BDE810408E
:10E56000FEF7C2B8FEF732BBFEF7FCBAFEF7EABA16
:10E57000FEF7CABAFEF7D4BA0368064A1B6893428C
:10E5800005D110B5C8B2FEF703FA012010BDC9B21B
:10E59000184700BFD1E400000368064A1B68934295
:10E5A00005D110B5C8B2FEF7F3F9012010BDC9B20C
:10E5B000184700BFD1E400000368064A1B68934275
:10E5C00005D110B5C8B2FEF7E3F9012010BDC9B2FC
:10E5D000184700BFD1E400000368064A1B68934255
:10E5E00005D110B5C8B2FEF7D3F9012010BDC9B2EC
:10E5F000184700BFD1E400004B0803F1B76303F5EF
:10E60000584310B50446B3FBF1F0FEF7F5FB044B9D
:10E610001B7803B110BD2046BDE8104000F0D0BB10
:10E620000688FF1F08B50846FEF724FD012008BD37
:10E6300008B50846FEF71EFD012008BD38B508469E
:10E640000D4603F0FDFB044601462846FEF71CFD7F
:10E65000204638BD10B5084614461146FEF714FD95
:10E66000204610BDFEF7A0BD08B50846FEF7E2FC47
:10E67000003018BF012008BD08B50846FEF7B8FCF9
:10E68000003018BF012008BD08461146FEF786BCC1
:10E690000846FEF7ABBC00BF0846FEF763BC00BFF0
:10E6A000FEF726BC10B54B0803F1B760144600F521
:10E6B0005840B0FBF1F0FEF79FFB2046BDE810404C
:10E6C000FEF7EABBFEF758BDFEF722BDFEF710BD10
:10E6D000FEF7F0BCFEF7FABC0368064A1B689342DB
:10E6E00005D110B5C8B2FEF7C5FC012010BDC9B2F6
:10E6F000184700BF31E600000368064A1B689342D2
:10E7000005D110B5C8B2FEF7B5FC012010BDC9B2E5
:10E71000184700BF31E600000368064A1B689342B1
:10E7200005D110B5C8B2FEF7A5FC012010BDC9B2D5
:10E73000184700BF31E600000368064A1B68934291
:10E7400005D110B5C8B2FEF795FC012010BDC9B2C5
:10E75000184700BF31E6000000B5064A036812887A
:10E760005B6883B001A9ADF804200222984703B08A
:10E770005DF804FB146E0100F0B507468BB0002A6B
:10E7800033D0012A08BF0A2251B3212400E0F4B299
:10E79000B1FBF2F502FB1511C8B2092900F13001F5
:10E7A00098BFC8B20AA988BF3730214488BFC0B219
:10E7B00001F8240C661E2946002DE8D133B1013C36
:10E7C000E4B20AAB23442D2203F8242C3B6801AAAF
:10E7D00011195B683846C4F1220298470BB0F0BDAE
:10E7E00030228DF825202124E8E70368C9B21B6890
:10E7F00098470BB0F0BD00BF0029BABF49422D2396
:10E8000000230A22FFF7B8BF2DE9F04385B0804608
:10E810001946104616461F469DF8305002F03AF948
:10E82000002840F0B18027F00044304621464FF0E8
:10E83000FF32594B02F02EF998B9304621464FF07D
:10E84000FF32554B02F008F958B9D8F80030534957
:10E850005B684046032298478146484605B0BDE8BC
:10E86000F083304639464FF060424D4B02F008F9D4
:10E87000002870D1304639464FF06042494B02F0D3
:10E88000E1F8002867D1304639460022002302F023
:10E89000D9F8002863D18146002D65D0424B002471
:10E8A0000022104619463AA3D3E9002301F058FE8E
:10E8B00001340B46E1B28D420246F2D83046394669
:10E8C00001F09CFC0F46064602F022F9044601F0D6
:10E8D000D1FD02460B463046394601F08DFC4B46D1
:10E8E00006460F460A2221464046FFF745FF0F2DF8
:10E8F00028BF0F2501352E238146EDB28DF800305B
:10E9000001240022294B3046394601F029FE0F46EA
:10E91000064602F0FDF804AB2344C0B200F1300219
:10E9200003F8102C01F0B6FD02460B46304639467E
:10E9300001F062FC0134E4B2AC4206460F46E0D17D
:10E94000D8F8003022465B684046694698474846FA
:10E9500005B0BDE8F083D8F80030154978E707F135
:10E9600000474FF0010997E700220F4B3046394628
:10E9700001F044FC02F0CCF84B4601460A22404626
:10E98000FFF7FAFE814668E7D8F8003009495FE7EB
:10E99000000000A09999B93FFFFFEF7F206E0100B2
:10E9A000FFFFEF41FFFFEFC10000E03F0000244008
:10E9B0001C6E0100186E010070B50E4D82B02B6800
:10E9C0000093009E044608E000F082F82B68019353
:10E9D000019BA2689B1B934207D2236820469B6938
:10E9E00098470028F0DB02B070BD4FF0FF3002B056
:10E9F00070BD00BF18BAFF1F10B5044606E02D2BEE
:10EA00000CD0092A0AD923685B6998472046FFF78A
:10EA1000D3FF031EA3F130022046F0DA184610BDE2
:10EA2000F8B50D460446FFF7E7FF002823DB002674
:10EA30003746A842A0F1300209D02D2817D006EBA6
:10EA40008603092A00EB430001D8A0F130062368B1
:10EA500020465B6998472046FFF7AEFFA0F13003E0
:10EA6000092BE6D9A842E4D01FB17042F8BD0127B6
:10EA7000EDE73046F8BD0020F8BD00BF0121FFF7EB
:10EA8000CFBF00BF08B5FBF7E5F9FAF731FD00F09D
:10EA90001FF8FAE702F00ABC02F008BC704700BF9A
:10EAA000704700BF704700BFFFF72ABBFFF702BBEC
:10EAB000FFF7DCBAFFF716BBFFF7F2BBFFF7CCBBE3
:10EAC00008461146FFF738BB0846FFF7B9BB00BF41
:10EAD0002DE9F843314E337893B1314F3A787AB912
:10EAE0000122D9073A7036D49A0719D400225B075D
:10EAF0003A7005D52B4B1A6812B1EFF305820AB1B3
:10EB0000BDE8F883EFF3108172B6186818B1264C8F
:10EB10002278002A2ED00029F2D162B6BDE8F8830F
:10EB2000DFF8908098F80020002ADFD0DFF8889086
:10EB3000002405E0013498F80030E4B2A34212D971
:10EB400059F824502B6828461B6998470028F1D0B3
:10EB50002B699847EEE7FFF7C5FAC8B9134B1B7846
:10EB60001BB93378C0E73378C0E7337803F0FE038E
:10EB70003370B9E745691D60012323705DB1AA6157
:10EB800001B962B600254577836898472570B7E7D5
:10EB900000F02CF9E2E7064B1D60F1E71888FF1F33
:10EBA000B9BCFF1FB4BCFF1FB8BCFF1FBE88FF1F4E
:10EBB000B0BCFF1FC8BCFF1FBCBCFF1F844641EA9E
:10EBC000000313F003036DD1403A41D351F8043BE5
:10EBD00040F8043B51F8043B40F8043B51F8043B37
:10EBE00040F8043B51F8043B40F8043B51F8043B27
:10EBF00040F8043B51F8043B40F8043B51F8043B17
:10EC000040F8043B51F8043B40F8043B51F8043B06
:10EC100040F8043B51F8043B40F8043B51F8043BF6
:10EC200040F8043B51F8043B40F8043B51F8043BE6
:10EC300040F8043B51F8043B40F8043B51F8043BD6
:10EC400040F8043B51F8043B40F8043B403ABDD245
:10EC5000303211D351F8043B40F8043B51F8043BE7
:10EC600040F8043B51F8043B40F8043B51F8043BA6
:10EC700040F8043B103AEDD20C3205D351F8043B76
:10EC800040F8043B043AF9D2043208D0D2071CBF42
:10EC900011F8013B00F8013B01D30B88038060466B
:10ECA000704700BF082A13D38B078DD010F00303E1
:10ECB0008AD0C3F10403D21ADB071CBF11F8013B51
:10ECC00000F8013B80D331F8023B20F8023B7BE7A0
:10ECD000043AD9D3013A11F8013B00F8013BF9D2CB
:10ECE0000B7803704B7843708B7883706046704765
:10ECF000F0B44D1E2E46002400E00134B0FBF2F3C8
:10ED000002FB1300092800F130078ABF3730F8B240
:10ED1000C0B206F8010F1846002BEED10A19537045
:10ED20004CB1107815F8016F28700133E01A834256
:10ED300002F80169F5DB0846F0BC704770B584B095
:10ED400072B6194B194D1A48702241260F248021A2
:10ED50001A702E701A460470197013781B06FCD5B1
:10ED6000144B186862B6144B144C984298BF00EBD1
:10ED7000800001A998BF40000A22FFF7B9FF01A94E
:10ED80002046002311F8012B01333AB10A2B20F859
:10ED9000022FF7D11623237004B070BD5B00DBB2E5
:10EDA000237004B070BD00BF0000024007000240A5
:10EDB00006000240080002407F969800A888FF1FC6
:10EDC00030B40749074C0A782378074D42F0020215
:10EDD00045F823000A700133237030BC704700BF30
:10EDE0001888FF1FC8BCFF1FBCBCFF1F704700BFB7
:10EDF0002DE9F043DFF8EC808BB006460F4600F0BB
:10EE00005FFA98F90030013304460D4637D030469A
:10EE1000394601F0E5F8002831D02BA3D3E90023CF
:10EE20003046394601F02CFE814668BB28A3D3E961
:10EE300000233046394601F005FE00B398F9003052
:10EE4000254ACDF82090042400200021022BCDE992
:10EE50000467CDE9026700940192CDE906012CD048
:10EE6000684601F0C3F840B3089B1BB102F0F0F90B
:10EE7000089B0360DDE906010BB0BDE8F083204686
:10EE800029460BB0BDE8F083134A98F9003001928F
:10EE900003210022CDE90467CDE9026700910892C1
:10EEA0002BB90E4B4FF06042CDE90623D8E70C4951
:10EEB0000020022BCDE90601D2D102F0C9F92223AC
:10EEC0000360D1E7AFF30080EF39FAFE422E8640AF
:10EED00051302DD5104987C0A46E0100FFFFEF47C8
:10EEE0000000F07FBF88FF1F70B58AB0044600F0B5
:10EEF0005DFB314B93F90060731C054609D0214638
:10EF0000204602F049F920B90021204602F03AF9E2
:10EF100010B128460AB070BD284B089020460193D6
:10EF200001F0CAFACDE90401CDE902012046BEB9DB
:10EF3000234B4FF060420021CDE9062302F0FAF89E
:10EF4000002831D002230093684601F04FF898B1B1
:10EF5000089BB3B9DDE9060101F0FAFD0AB070BD06
:10EF6000184B00220021CDE9062302F0E3F868B136
:10EF700002239E420093E7D102F06AF92223036044
:10EF8000E6E702F065F9089B0360E3E70123022E40
:10EF900000930BD102F05CF9212303600A4801F0D1
:10EFA00027F8CDE90601D3E701230093684601F075
:10EFB0001DF80028F2D1EDE7BF88FF1FA86E010001
:10EFC000FFFFEFC70000F0FF685C01002DE9F0478C
:10EFD000DFF8E8828AB006460D4600F029FC98F971
:10EFE00000707B1C04463FD02946284602F0D4F826
:10EFF0008246002838D13146304602F0CDF8002153
:10F000008146002840F09680304602F093F80028B0
:10F010002ED00021284602F08DF88246D0B1A14BB7
:10F02000CDF82090012230468DE80C0001F044FA22
:10F03000CDE90201284601F03FFA00220023CDE984
:10F040000401CDE90623002F62D04FF07E500AB0B4
:10F05000BDE8F087284601F061F828B10021284674
:10F0600002F072F800283AD120460AB0BDE8F087D5
:10F07000204601F053F80746002877D000212046AB
:10F0800002F058F80028EFD0304601F047F8002889
:10F09000EAD0284601F042F80028E5D00423814A4E
:10F0A0000093304600230893019201F005FACDE960
:10F0B0000201284601F000FA98F9003000240025EA
:10F0C000022BCDE90401CDE9064503D0684600F0E6
:10F0D0008DFF10BB02F0BCF8222303601DE0714BD2
:10F0E000CDF820A0012230468DE80C0001F0E4F9B3
:10F0F000CDE90201284601F0DFF998F90030CDE9A9
:10F100000401002B40F08D8000220023CDE906236E
:10F11000684600F06BFF00287ED0089B1BB102F010
:10F1200097F8089B0360DDE9060101F011FD0AB0C4
:10F13000BDE8F087284601F0FDFF002894D0594B28
:10F14000CDF820A0012230468DE80C0001F0B4F982
:10F15000CDE90201284601F0AFF9534B0022022FFE
:10F16000CDE90401CDE90623D2D16EE7304600F0A7
:10F17000D5FF002882D0284600F0D0FF00283FF4B9
:10F180007DAF2146204602F007F8002872D1454B9A
:10F190000890032230468DE80C0001F08DF9CDE98E
:10F1A0000201284601F088F998F90040CDE90401F0
:10F1B0003046002C3CD13D4B4FF060420021CDE960
:10F1C000062301F0C1FF002880D028464FF07C5173
:10F1D00001F01CFE01F070F904460D4600F00EFF30
:10F1E00002460B462046294601F022FC00283ED16B
:10F1F0002F4B98F900404FF06042CDE90623022CD6
:10F200007FF464AF66E71046194601F0D3FA022C8A
:10F21000CDE906017FF47CAF02F01AF821230360E8
:10F220007BE724490020022BCDE90601F4D06FE7EB
:10F23000214B00220021CDE9062301F085FF0028A3
:10F24000DDD028464FF07C5101F0E0FD01F034F9AB
:10F2500004460D4600F0D2FE02460B4620462946E3
:10F2600001F0E6FB18B9134B0022CDE9062398F90B
:10F270000040C4E70B4B0897012230468DE80C0094
:10F2800001F01AF9CDE90201284601F015F998F9C3
:10F290000040CDE9040100220023002CB3D1CDE9C8
:10F2A000062335E7B06E01000000F03FFFFFEF4797
:10F2B000FFFFEFC70000F0FF0000F07FBF88FF1FD7
:10F2C0002DE9F04FB04F21F00042BA4283B00C4616
:10F2D0004FEAD17605460DD9AC4FBA4225D9C1F3D4
:10F2E0001303034340F0EF800EB10020014603B04A
:10F2F000BDE8F08FA64B9A4200F2CC80A54B9A4213
:10F3000000F2DE808AA3D3E9002300F077FF002219
:10F31000A14B01F0B5FB002800F0058128462146ED
:10F3200000229D4B00F06AFFE1E783A3D3E90023AD
:10F3300001F0A6FB002840F0CB802846214680A3A0
:10F34000D3E9002301F07EFB0028CED1934B284661
:10F3500003EBC60821467CA3D3E9002301F000F9A2
:10F36000D8E9002300F04AFF01F0AAFB804601F033
:10F3700091F877A3D3E9002306460F4601F0F0F891
:10F3800002460B462846214600F036FF72A3D3E919
:10F390000023CDE900013046394601F0E1F882460C
:10F3A0008B4652465B46DDE9000100F025FF05462D
:10F3B0000C462A4623462846214601F0D1F868A388
:10F3C000D3E9002306460F4601F0CAF866A3D3E945
:10F3D000002300F011FF32463B4601F0C1F864A360
:10F3E000D3E9002300F00AFF32463B4601F0B8F8AB
:10F3F00061A3D3E9002300F0FFFE32463B4601F053
:10F40000AFF85FA3D3E9002300F0F8FE32463B4695
:10F4100001F0A6F802460B462846214600F0ECFE15
:10F4200006460F462846214632463B46B8F1000FB5
:10F4300056D001F095F8324604460D463B46002072
:10F440004FF0804100F0D8FE02460B462046294688
:10F4500001F0B0F902460B465046594600F0CCFE8A
:10F46000DDE9002300F0C8FE0B4602464A490020B1
:10F4700000F0C2FE6FF47F7398454FDA08F57A7892
:10F4800001EB085100224FF0B87301F069F803B0A6
:10F49000BDE8F08F424B9A423FF658AF414BF40023
:10F4A0002344D3E9002300F0A7FE3F4BC6F1010837
:10F4B0001C44CDE90001D4E900ABC6EB080870E7B5
:10F4C0004FF0000875E702460B4600F097FE0EE786
:10F4D00017A3D3E900231046194601F041F806E7C7
:10F4E00001F03EF80022804689464FF080433046C6
:10F4F000394600F081FE02460B464046494601F07F
:10F5000059F92A46234600F077FE02460B460020B2
:10F51000214900F071FE03B0BDE8F08F01EB085106
:10F5200003B0BDE8F08F804643E700BFAFF3008033
:10F530009C7500883CE4377EEF39FAFE422E864007
:10F5400051302DD5104987C0FE822B654715F73FF6
:10F550000000E0FE422EE63F763C7935EF39EA3D89
:10F56000D0A4BE726937663EF16BD2C541BDBB3EC9
:10F570002CDE25AF6A56113F93BDBE166CC1663FA7
:10F580003E5555555555C53F412E8640FFFFEF7FEF
:10F59000422ED63FFFFF2F3E0000F03FB86E010025
:10F5A000B1A2F03FD86E0100C86E010020F0004209
:10F5B0002DE9F84F6AB30028014603464ADBB0F153
:10F5C000FF4F3BDAB0F5000F3CDB00248C4AC3F35D
:10F5D00016052A4402F40002DB1582F07E507F3BC0
:10F5E00023444FF07E51284303EBD25401F004FB37
:10F5F00005F10F03C3F316030F2B064631DC002180
:10F6000001F098FD002800F092804CB90020BDE880
:10F61000F88F00214FF04C4001F0ACFCBDE8F88FB2
:10F62000204601F09FFB7749054601F0EFFB764944
:10F630000446284601F0EAFB0146204601F0DEFAC6
:10F64000BDE8F88F4FF0984101F0E0FB6FF018042F
:10F650000346BBE701F0D0FA002101F08BFCBDE8C6
:10F66000F88F4FF0804101F0C9FA0146304601F0B1
:10F6700081FC8146204601F075FB4946824648469A
:10F6800001F0C4FB0146834601F0C0FB5F49604FB7
:10F69000804601F0BBFB5F4901F0B0FA414601F042
:10F6A000B5FB5D4901F0AAFA414601F0AFFB5B49A9
:10F6B00001F0A4FA594601F0A9FB59498346404696
:10F6C00001F0A4FB574901F099FA414601F09EFB75
:10F6D000554901F093FA414601F098FB014658461E
:10F6E00001F08CFAC5F557132F4403F522731F431D
:10F6F000002F804665DD4FF07C51304601F086FBDF
:10F70000314601F083FB0546002C32D129464046A4
:10F7100001F074FA494601F079FB0146284601F0F0
:10F720006BFA0146304601F067FABDE8F88F3F49B1
:10F73000304601F06BFB01464FF07C5001F05CFA63
:10F7400031460546304601F061FB0146284601F08E
:10F750005DFB0546002C2ED0204601F003FB294915
:10F76000074601F053FB28490446384601F04EFB9A
:10F7700014E02449504601F049FB2946044640461E
:10F7800001F03CFA494601F041FB1F49074650464B
:10F7900001F03CFB0146384601F030FA01462846AC
:10F7A00001F02AFA314601F027FA0146204601F01D
:10F7B00023FABDE8F88F0146304601F01DFABDE896
:10F7C000F88F7CB10F49504601F020FB41460446BA
:10F7D000304601F011FA494601F018FB0A49054686
:10F7E0005046C3E70146304601F006FA494601F0AB
:10F7F0000DFB0146304601F0FFF9BDE8F88F00BF70
:10F8000020FB4A008071313FD1F717379788173EA8
:10F81000305CCFFF25333A3E2549923EABAA2A3FC2
:10F820004FD01C3E298E633ECDCCCC3EABAAAA3E27
:10F830002DE9F04F31F0004887B011D020F0004999
:10F84000B9F1FF4F824605DD514807B0BDE8F04FE2
:10F8500000F06CBCB8F1FF4F07DDB9F17E5FF3D16A
:10F860004FF07E5007B0BDE8F08F00280C464ADB11
:10F870000025B8F1FF4F3ED0B8F17E5F07460E4637
:10F8800054D0B4F1804F6BD0B4F17C5F1DD000F048
:10F8900041FCB9F1FF4F51D0B9F1000F4ED0B9F191
:10F8A0007E5F4BD04FEADA7A0AF1FF3255EA020363
:10F8B00066D0B8F19A4F6FDD364B994500F36182FF
:10F8C000002CC0F264820020CCE7BAF1000F4BDAC2
:10F8D00000F020FCB9F1FF4F02D0B9F1000FDED1EA
:10F8E000A9F17E5959EA050343D0012DBAD100F19F
:10F8F00000410846B6E7B9F17E5FB1D02BDD002CA0
:10F90000E1DB0846AEE7B8F1974F22DAB8F17E5F47
:10F910000ADB4FEAE853C3F1960348FA03F202FA0E
:10F9200003F3984500F028820025A5E7002C99DA1A
:10F9300001464FF07E5001F01DFB93E7002C04DAE6
:10F9400001464FF07E5001F015FBBAF1000F89DA45
:10F95000C6E702258DE7002CB5DA01F1004081E70A
:10F96000014601F053FA7DE707B0BDE8F04F00F023
:10F97000E3BA014601F040F9014601F0FBFA71E7F4
:10F980003946384601F038F9014601F0F3FA69E7E3
:10F99000685C0100F7FF7F3FB9F5000F80F2048239
:10F9A0004FF09741009201F031FA009A81466FF0D2
:10F9B00017014FEAE953B448C9F316097F3B0B44DA
:10F9C00081451946009349F07E5740F3E581AF4BDE
:10F9D000994540F33D820023184603930B460133BB
:10F9E000009300234FF07E5AA7F500070290019381
:10F9F00051463846059201F0FFF851468346384695
:10FA000001F0FCF801464FF07E5001F0B3FA0146D8
:10FA10000490584601F0FAF97910019B41F0005129
:10FA2000B94601F5802120F47F670B4427F00F07CA
:10FA3000194680463846019301F0E8F901465846D8
:10FA400001F0DAF851468346019801F0D5F80146F5
:10FA5000484601F0D1F8394601F0D8F90146584638
:10FA600001F0CAF8049B194601F0D0F941468346DB
:10FA7000404601F0CBF98649814601F0C7F9854936
:10FA800001F0BCF8494601F0C1F9834901F0B6F82C
:10FA9000494601F0BBF9814901F0B0F8494601F04F
:10FAA000B5F97F4901F0AAF8494601F0AFF97D495F
:10FAB00001F0A4F849468246484601F0A7F90146FC
:10FAC000504601F0A3F939468146404601F096F8C8
:10FAD000594601F09BF9494601F090F839468246B3
:10FAE000384601F093F97049019001F087F85146CA
:10FAF00001F084F820F47F6929F00F09494638465F
:10FB000001F084F968490746484601F075F8019B01
:10FB1000194601F071F80146504601F06DF8414672
:10FB200001F074F949468046584601F06FF90146E4
:10FB3000404601F063F882460146384601F05EF81F
:10FB400020F47F6929F00F094846584901F05EF911
:10FB500039468046484601F04FF80146504601F0CC
:10FB60004BF8534901F052F952490746484601F013
:10FB70004DF90146384601F041F8029901F03EF88E
:10FB80000746009801F0EEF839468146404601F0FC
:10FB900035F8DDF80CB0594601F030F8494601F06F
:10FBA0002DF820F47F6A2AF00F0A4946504601F0EA
:10FBB00023F8594601F020F8414601F01DF80146AE
:10FBC000384601F019F8059A804624F47F6424F041
:10FBD0000F04013D55EA02032146304614BF4FF0A1
:10FBE0007E57354F01F008F8514601F00FF93146C4
:10FBF0000546404601F00AF90146284600F0FEFF9E
:10FC000021460646504601F001F98046014630463D
:10FC100000F0F4FF00288146044620F00045C2466B
:10FC200040F30081B5F1864F00F3CE8000F0BE8036
:10FC3000B5F17C5F00F3D0800025A94624F47F64F1
:10FC400024F00F0420461D4901F0E0F8514680469B
:10FC5000204600F0D1FF0146304600F0CDFF1849A4
:10FC600001F0D4F817490646204601F0CFF80146C6
:10FC7000304600F0C3FF06460146404600F0BEFF96
:10FC80004146044620E000BF71C41C00D6B35D00AD
:10FC900042F1533E55326C3E05A38B3EABAAAA3EC1
:10FCA000B76DDB3E9A99193F000040400038763F1F
:10FCB0004F38763FA0C39D36000080BF0072313FB1
:10FCC0001872313F8CBEBF3500F096FF01463046BA
:10FCD00000F092FF21468046204601F097F88549C2
:10FCE000064601F093F8844900F086FF314601F0A2
:10FCF0008DF8824900F082FF314601F087F8804993
:10FD000000F07AFF314601F081F87E4900F076FF7D
:10FD1000314601F07BF80146204600F06DFF0646B3
:10FD20000146204601F072F84FF08041824630468D
:10FD300000F062FF0146504601F01CF941460646BC
:10FD4000204601F063F8414600F058FF0146304676
:10FD500000F052FF214600F04FFF01464FF07E5069
:10FD600000F04AFF4319B3F5000FC0F2BF801846F8
:10FD7000394601F04BF875E502F00102C2F10205C7
:10FD80007AE5614B99456DDD002C7FF79CAD5F49AD
:10FD9000084601F03BF865E5002303930293002336
:10FDA0004FF07E5A019323E6002102E6584930467F
:10FDB00000F024FF41468246484600F01DFF014600
:10FDC000504601F0DFF938B13846504901F01EF8CD
:10FDD0004E4901F01BF845E5ED154FF400037E3D5B
:10FDE00043FA05F52B19C3F3C7524A49C3F3160961
:10FDF0007F3A114149F40009C2F1170249FA02F9A8
:10FE0000002C23EA01014046B8BFC9F1000900F007
:10FE1000F3FE01468246304600F0F0FE4FEAC95537
:10FE200004460BE73C4B9D420ADC7FF401AF4146A0
:10FE300000F0E2FE0146304601F090F90028CBD0F8
:10FE40003846364900F0E2FF344900F0DFFF09E5AB
:10FE5000334B0393334B02934FF400134FF07F5A0D
:10FE60000193C5E54FF07E51009200F0C5FE2E498A
:10FE7000074600F0CBFF2D498046384600F0C6FF0C
:10FE80004FF07A518146384600F0C0FF01462848BD
:10FE900000F0B2FE394600F0B9FF01464FF07C5049
:10FEA00000F0AAFE39468246384600F0AFFF014610
:10FEB000504600F0ABFF1F4900F0A8FF014648463E
:10FEC00000F09AFE01460746404600F097FE20F4F7
:10FED0007F6A2AF00F0A4146504600F08DFE014627
:10FEE000384600F089FE009A80466EE6494600F0EA
:10FEF00021F93DE74CBB31330EEADD3555B38A3885
:10FF0000610B363BABAA2A3E0700803FCAF249711B
:10FF10003CAA3833FFFF7F00000016436042A20D69
:10FF200000C0153FDCCFD13500AAB83F70A5EC3634
:10FF3000ABAAAA3E3BAAB83F20F00042B2F1FF4F65
:10FF400070B504462ED262B3002803463DDBB2F5FD
:10FF5000000F4FEAE0502CD37F38C3F31603C207DB
:10FF600043F4000348BF5B00002640105B003146AD
:10FF700019244FF080728D189D4202DC5B1BA9187A
:10FF80001644013C4FEA43034FEA5202F3D113B146
:10FF900006F001031E44761006F17C5606EBC050B5
:10FFA00070BD70BD014600F031FF214600F026FE15
:10FFB00070BD14F4000201D00EE00A465B001C0282
:10FFC00002F10101F9D5801AC6E7014600F014FEDE
:10FFD000014600F0CFFF70BD4FF0FF32F3E700BFE6
:10FFE00041F0004101F58010C00F704700207047BC
:10FFF00000200149704700BF0000F87FF0B5C1F351
:020000021000EC
:100000000A5EAEF2FF36132E83B002460B460C4654
:100010004FEAD17507462EDC002E49DB3B493141C2
:1000200003EA010010432BD049080B4053EA0207B2
:100030000CD04FF48023132E24EA010143FA06F476
:1000400044EA01040CBF4FF000470027304B03EB9C
:10005000C5052146D5E90045384622462B4600F025
:10006000CDF8CDE9000122462B46DDE9000100F084
:10007000C3F803B0F0BD332E06DDB6F5806F42D075
:100080001046194603B0F0BDAEF2134E4FF0FF31EB
:1000900021FA0EF10842F3D049080842D6D04FF0B9
:1000A000804320EA010143FA0EFE4EEA0107CDE744
:1000B00021F000410143E3D0C3F31301144E41EAA0
:1000C000000CCCF1000106EBC506D6E9006741EA59
:1000D0000C0C5C0C4FEA1C3C0CF4002C64044CEA45
:1000E000040132463B4600F089F8CDE900013B4669
:1000F0003246DDE9000100F07FF821F0004444EAD7
:10010000C5731946BEE700F079F8BBE7FFFF0F00A3
:10011000E86E010020F00040704700BF20F0004072
:10012000B0F1FF4FACBF002001207047004870477E
:100130000000C07F30F0004238B5034616D0B2F15F
:10014000FF4F0FD2B2F5000F0D4610D30446D20D6B
:100150002A44FE2A2EDC002A1DDD24F0FF4444EA56
:10016000C25038BD014600F049FD38BD38BD4FF0E2
:10017000984100F04BFE184A9542034607DBC0F356
:10018000C7520446193AE3E7144800F02BF8134924
:1001900000F03CFE38BD12F1160F13DA4CF250326B
:1001A00095421946F0DD0E4800F01CF80C4900F0AD
:1001B0002DFE38BD19460A4800F014F8084900F031
:1001C00025FE38BD193224F0FF4040EAC2504FF0FE
:1001D0004C5100F01BFE38BDB03CFFFF6042A20D49
:1001E000CAF2497101F0004120F000400843704715
:1001F00081F0004102E000BF83F0004330B54FEAD8
:1002000041044FEA430594EA050F08BF90EA020F44
:100210001FBF54EA000C55EA020C7FEA645C7FEAD7
:10022000655C00F0E2804FEA5454D4EB5555B8BFFA
:100230006D420CDD2C4480EA020281EA030382EA6B
:10024000000083EA010180EA020281EA0303362DFD
:1002500088BF30BD11F0004F4FEA01314FF4801CD0
:100260004CEA113102D0404261EB410113F0004FE2
:100270004FEA03334CEA133302D0524263EB430399
:1002800094EA050F00F0A780A4F10104D5F1200E37
:100290000DDB02FA0EFC22FA05F2801841F1000192
:1002A00003FA0EF2801843FA05F359410EE0A5F166
:1002B00020050EF1200E012A03FA0EFC28BF4CF097
:1002C000020C43FA05F3C01851EBE37101F000454D
:1002D00007D54FF0000EDCF1000C7EEB00006EEB5A
:1002E0000101B1F5801F1BD3B1F5001F0CD34908E4
:1002F0005FEA30004FEA3C0C04F101044FEA44523B
:1003000012F5800F80F09A80BCF1004F08BF5FEAC1
:10031000500C50F1000041EB045141EA050130BDA1
:100320005FEA4C0C404141EB010111F4801FA4F144
:100330000104E9D191F0000F04BF01460020B1FA99
:1003400081F308BF2033A3F10B03B3F120020CDAD1
:100350000C3208DD02F1140CC2F10C0201FA0CF0AF
:1003600021FA02F10CE002F11402D8BFC2F1200C14
:1003700001FA02F120FA0CFCDCBF41EA0C019040CA
:10038000E41AA2BF01EB0451294330BD6FEA040413
:100390001F3C1CDA0C340EDC04F11404C4F12002FE
:1003A00020FA04F001FA02F340EA030021FA04F310
:1003B00045EA030130BDC4F10C04C4F1200220FA67
:1003C00002F001FA04F340EA0300294630BD21FAA5
:1003D00004F0294630BD94F0000F83F4801306BF6B
:1003E00081F480110134013D4EE77FEA645C18BF5F
:1003F0007FEA655C29D094EA050F08BF90EA020FF6
:1004000005D054EA000C04BF1946104630BD91EAED
:10041000030F1EBF0021002030BD5FEA545C05D1F0
:100420004000494128BF41F0004130BD14F580042F
:100430003CBF01F5801130BD01F0004545F0FE41A3
:1004400041F470014FF0000030BD7FEA645C1ABFD8
:10045000194610467FEA655C1CBF0B46024650EA0F
:10046000013406BF52EA033591EA030F41F400213B
:1004700030BD00BF90F0000F04BF0021704730B5C1
:100480004FF4806404F132044FF000054FF0000196
:1004900050E700BF90F0000F04BF0021704730B557
:1004A0004FF4806404F1320410F0004548BF40422C
:1004B0004FF000013EE700BF42004FEAE2014FEA81
:1004C00031014FEA02701FBF12F07F4393F07F4F5C
:1004D00081F06051704792F0000F14BF93F07F4F8E
:1004E000704730B54FF4607401F0004521F00041D1
:1004F00020E700BF50EA010208BF704730B54FF057
:1005000000050AE050EA010208BF704730B511F05B
:10051000004502D5404261EB41014FF4806404F193
:1005200032045FEA915C3FF4DCAE4FF003025FEA15
:10053000DC0C18BF03325FEADC0C18BF033202EB9D
:10054000DC02C2F1200300FA03FC20FA02F001FAF7
:1005500003FE40EA0E0021FA02F11444C1E600BF96
:1005600070B54FF0FF0C4CF4E06C1CEA11541DBF49
:100570001CEA135594EA0C0F95EA0C0F00F0DEF814
:100580002C4481EA030621EA4C5123EA4C5350EAF9
:10059000013518BF52EA033541F4801143F480134A
:1005A00038D0A0FB02CE4FF00005E1FB02E506F0DB
:1005B0000042E0FB03E54FF00006E1FB03569CF030
:1005C000000F18BF4EF0010EA4F1FF04B6F5007F36
:1005D00064F5407404D25FEA4E0E6D4146EB0606A8
:1005E00042EAC62141EA55514FEAC52040EA5E5031
:1005F0004FEACE2EB4F1FD0C88BFBCF5E06F1ED8DB
:10060000BEF1004F08BF5FEA500E50F1000041EB11
:10061000045170BD06F0004646EA010140EA0200BE
:1006200081EA0301B4EB5C04C2BFD4EB0C0541EAE0
:10063000045170BD41F480114FF0000E013C00F3F5
:10064000AB8014F1360FDEBF002001F0004170BD19
:10065000C4F10004203C35DA0C341BDC04F1140432
:10066000C4F1200500FA05F320FA04F001FA05F2BE
:1006700040EA020001F0004221F0004110EBD3708B
:1006800021FA04F642EB06015EEA430E08BF20EAB7
:10069000D37070BDC4F10C04C4F1200500FA04F35A
:1006A00020FA05F001FA04F240EA020001F00041EC
:1006B00010EBD37041F100015EEA430E08BF20EA5F
:1006C000D37070BDC4F1200500FA05F24EEA020EA7
:1006D00020FA04F301FA05F243EA020321FA04F0D6
:1006E00001F0004121FA04F220EA020000EBD3708D
:1006F0005EEA430E08BF20EAD37070BD94F0000F8D
:100700000FD101F00046400041EB010111F4801FC0
:1007100008BF013CF7D041EA060195F0000F18BF71
:10072000704703F00046520043EB030313F4801FAD
:1007300008BF013DF7D043EA0603704794EA0C0F67
:100740000CEA135518BF95EA0C0F0CD050EA41067D
:1007500018BF52EA4306D1D181EA030101F00041FA
:100760004FF0000070BD50EA410606BF1046194622
:1007700052EA430619D094EA0C0F02D150EA01362E
:1007800013D195EA0C0F05D152EA03361CBF10466F
:1007900019460AD181EA030101F0004141F0FE410E
:1007A00041F470014FF0000070BD41F0FE4141F492
:1007B000780170BD70B54FF0FF0C4CF4E06C1CEA92
:1007C00011541DBF1CEA135594EA0C0F95EA0C0F47
:1007D00000F0A7F8A4EB050481EA030E52EA033502
:1007E0004FEA013100F088804FEA03334FF0805523
:1007F00045EA131343EA12634FEA022245EA111550
:1008000045EA10654FEA00260EF000419D4208BF00
:10081000964244F1FD0404F5407402D25B084FEAAD
:100820003202B61A65EB03055B084FEA32024FF459
:1008300080104FF4002CB6EB020E75EB030E22BFB6
:10084000B61A754640EA0C005B084FEA3202B6EB76
:10085000020E75EB030E22BFB61A754640EA5C0025
:100860005B084FEA3202B6EB020E75EB030E22BFB5
:10087000B61A754640EA9C005B084FEA3202B6EBB6
:10088000020E75EB030E22BFB61A754640EADC0075
:1008900055EA060E18D04FEA051545EA16754FEAD7
:1008A00006164FEAC30343EA52734FEAC2025FEAF5
:1008B0001C1CC0D111F4801F0BD141EA00014FF084
:1008C00000004FF0004CB6E711F4801F04BF014355
:1008D0000020B4F1FD0C88BFBCF5E06F3FF6AFAE71
:1008E000B5EB030C04BFB6EB020C5FEA500C50F101
:1008F000000041EB045170BD0EF0004E4EEA113184
:1009000014EB5C04C2BFD4EB0C0541EA045170BD8A
:1009100041F480114FF0000E013C90E645EA060ECE
:100920008DE60CEA135594EA0C0F08BF95EA0C0FFC
:100930003FF43BAF94EA0C0F0AD150EA01347FF444
:1009400034AF95EA0C0F7FF425AF104619462CE71B
:1009500095EA0C0F06D152EA03353FF4FDAE10467E
:10096000194622E750EA410618BF52EA43067FF4CF
:10097000C5AE50EA41047FF40DAF52EA43057FF45F
:10098000EBAE12E74FF0FF3C06E000BF4FF0010C6A
:1009900002E000BF4FF0010C4DF804CD4FEA410CCE
:1009A0007FEA6C5C4FEA430C18BF7FEA6C5C1BD09B
:1009B00001B050EA410C0CBF52EA430C91EA030F1C
:1009C00002BF90EA020F0020704710F1000F91EA79
:1009D000030F58BF994208BF90422CBFD8176FEA47
:1009E000E37040F0010070474FEA410C7FEA6C5C15
:1009F00002D150EA013C07D14FEA430C7FEA6C5C1C
:100A0000D6D152EA033CD3D05DF8040B704700BF47
:100A10008446104662468C461946634600E000BF95
:100A200001B5FFF7B7FF002848BF10F1000F01BD67
:100A30004DF808EDFFF7F4FF0CBF012000205DF832
:100A400008FB00BF4DF808EDFFF7EAFF34BF0120B7
:100A500000205DF808FB00BF4DF808EDFFF7E0FF50
:100A600094BF012000205DF808FB00BF4DF808EDA1
:100A7000FFF7CEFF94BF012000205DF808FB00BF08
:100A80004DF808EDFFF7C4FF34BF012000205DF8EA
:100A900008FB00BF4FEA410C7FEA6C5C02D150EAD0
:100AA000013C0AD14FEA430C7FEA6C5C02D152EA66
:100AB000033C02D14FF0000070474FF00100704737
:100AC0004FEA410212F5001215D211D56FF4787376
:100AD000B3EB625212D94FEAC12343F0004343EA19
:100AE000505311F0004F23FA02F018BF40427047F4
:100AF0004FF00000704750EA013005D111F000407E
:100B000008BF6FF0004070474FF00000704700BF13
:100B10004A0011D212F5001211D20DD56FF478737C
:100B2000B3EB62520ED44FEAC12343F0004343EAD1
:100B3000505323FA02F070474FF00000704750EA1C
:100B4000013002D14FF0FF3070474FF00000704786
:100B50004FEA4102B2F1E04324BFB3F5001CDCF1DF
:100B6000FE5C0DD901F0004C4FEAC0024CEA507017
:100B7000B2F1004F40EB830008BF20F00100704746
:100B800011F0804F21D113F13872BCBF01F0004049
:100B9000704741F480114FEA5252C2F11802C2F17B
:100BA000200C10FA0CF320FA02F018BF40F00100FC
:100BB0004FEAC1234FEAD32303FA0CFC40EA0C00AE
:100BC00023FA02F34FEA4303CCE77FEA625307D1EB
:100BD00050EA01331EBF4FF0FE4040F44000704722
:100BE00001F0004040F0FE4040F40000704700BFBC
:100BF00080F0004002E000BF81F0004142001FBFD2
:100C00005FEA410392EA030F7FEA226C7FEA236CDA
:100C10006AD04FEA1262D2EB1363C1BFD2184140CF
:100C200048404140B8BF5B42192B88BF704710F065
:100C3000004F40F4000020F07F4018BF404211F008
:100C4000004F41F4000121F07F4118BF494292EA70
:100C5000030F3FD0A2F1010241FA03FC10EB0C009C
:100C6000C3F1200301FA03F100F0004302D5494229
:100C700060EB4000B0F5000F13D3B0F1807F06D3D6
:100C800040084FEA310102F10102FE2A51D2B1F1CE
:100C9000004F40EBC25008BF20F0010040EA0300C3
:100CA0007047490040EB000010F4000FA2F1010270
:100CB000EDD1B0FA80FCACF1080CB2EB0C0200FAFA
:100CC0000CF0AABF00EBC25052421843BCBFD04048
:100CD0001843704792F0000F81F4000106BF80F4C2
:100CE00000000132013BB5E74FEA41037FEA226C85
:100CF00018BF7FEA236C21D092EA030F04D092F050
:100D0000000F08BF0846704790EA010F1CBF002083
:100D1000704712F07F4F04D1400028BF40F00040E0
:100D2000704712F100723CBF00F50000704700F000
:100D3000004343F0FE4040F4000070477FEA226227
:100D400016BF08467FEA23630146420206BF5FEAF8
:100D5000412390EA010F40F4800070474FF00003F8
:100D600004E000BF10F0004348BF40425FEA000CBF
:100D700008BF704743F0964301464FF000001CE067
:100D800050EA010208BF70474FF000030AE000BFBD
:100D900050EA010208BF704711F0004302D54042FB
:100DA00061EB41015FEA010C02BF8446014600206D
:100DB00043F0B64308BFA3F18053A3F50003BCFA88
:100DC0008CF2083AA3EBC25310DB01FA02FC634435
:100DD00000FA02FCC2F12002BCF1004F20FA02F23C
:100DE00043EB020008BF20F00100704702F120022F
:100DF00001FA02FCC2F1200250EA4C0021FA02F290
:100E000043EB020008BF20EADC7070474FF0FF0C94
:100E10001CEAD0521EBF1CEAD15392EA0C0F93EA8F
:100E20000C0F6FD01A4480EA010C400218BF5FEA31
:100E300041211ED04FF0006343EA501043EA5111A4
:100E4000A0FB01310CF00040B1F5000F3EBF49009E
:100E500041EAD3715B0040EA010062F17F02FD2AA2
:100E60001DD8B3F1004F40EBC25008BF20F0010085
:100E7000704790F0000F0CF0004C08BF49024CEA9C
:100E8000502040EA51207F3AC2BFD2F1FF0340EA2E
:100E9000C250704740F400004FF00003013A5DDC9F
:100EA00012F1190FDCBF00F000407047C2F10002E0
:100EB000410021FA02F1C2F1200200FA02FC5FEACD
:100EC000310040F1000053EA4C0308BF20EADC7017
:100ED000704792F0000F00F0004C02BF400010F489
:100EE000000F013AF9D040EA0C0093F0000F01F036
:100EF000004C02BF490011F4000F013BF9D041EA58
:100F00000C018FE70CEAD15392EA0C0F18BF93EA59
:100F10000C0F0AD030F0004C18BF31F0004CD8D183
:100F200080EA010000F00040704790F0000F17BF0A
:100F300090F0004F084691F0000F91F0004F14D050
:100F400092EA0C0F01D142020FD193EA0C0F03D1A8
:100F50004B0218BF084608D180EA010000F00040AB
:100F600040F0FE4040F40000704740F0FE4040F486
:100F7000400070474FF0FF0C1CEAD0521EBF1CEA25
:100F8000D15392EA0C0F93EA0C0F69D0A2EB030243
:100F900080EA010C49024FEA402037D04FF08053DD
:100FA00043EA111143EA10130CF000408B4238BFA2
:100FB0005B0042F17D024FF4000C8B4224BF5B1AB0
:100FC00040EA0C00B3EB510F24BFA3EB510340EAFE
:100FD0005C00B3EB910F24BFA3EB910340EA9C00AC
:100FE000B3EBD10F24BFA3EBD10340EADC001B011C
:100FF00018BF5FEA1C1CE0D1FD2A3FF650AF8B42C0
:1010000040EBC25008BF20F0010070470CF0004CCC
:101010004CEA50207F32C2BFD2F1FF0340EAC250F7
:10102000704740F400004FF00003013A37E792F0B8
:10103000000F00F0004C02BF400010F4000F013A16
:10104000F9D040EA0C0093F0000F01F0004C02BF11
:10105000490011F4000F013BF9D041EA0C0195E77A
:101060000CEAD15392EA0C0F08D142027FF47DAF13
:1010700093EA0C0F7FF470AF084676E793EA0C0F03
:1010800004D14B023FF44CAF08466EE730F0004C01
:1010900018BF31F0004CCAD130F000427FF45CAF91
:1010A00031F000437FF43CAF5FE700BF4FF0FF3CFF
:1010B00006E000BF4FF0010C02E000BF4FF0010C52
:1010C0004DF804CD4FEA40024FEA41037FEA226C1B
:1010D00018BF7FEA236C11D001B052EA530C18BF3D
:1010E00090EA010F58BFB2EB030088BFC81738BFA2
:1010F0006FEAE17018BF40F0010070477FEA226C90
:1011000002D15FEA402C05D17FEA236CE4D15FEA8B
:10111000412CE1D05DF8040B704700BF84460846BF
:101120006146FFE70FB5FFF7C9FF002848BF10F180
:10113000000F0FBD4DF808EDFFF7F4FF0CBF0120C5
:1011400000205DF808FB00BF4DF808EDFFF7EAFF4F
:1011500034BF012000205DF808FB00BF4DF808ED0A
:10116000FFF7E0FF94BF012000205DF808FB00BFFF
:101170004DF808EDFFF7D2FF94BF012000205DF885
:1011800008FB00BF4DF808EDFFF7C8FF34BF012092
:1011900000205DF808FB00BF4FEA40024FEA410320
:1011A0007FEA226C02D15FEA402C08D17FEA236CEF
:1011B00002D15FEA412C02D14FF0000070474FF09E
:1011C000010070474FEA4002B2F1FE4F0FD34FF0DB
:1011D0009E03B3EB12620DD94FEA002343F00043A4
:1011E00010F0004F23FA02F018BF404270474FF052
:1011F0000000704712F1610F01D1420205D110F0D9
:10120000004008BF6FF0004070474FF0000070478B
:1012100042000ED2B2F1FE4F0BD34FF09E03B3EB60
:10122000126209D44FEA002343F0004323FA02F08C
:1012300070474FF00000704712F1610F01D1420278
:1012400002D14FF0FF3070474FF00000704700BFF1
:10125000014B1868704700BFE88CFF1F70B50F4E38
:101260000F4D761BB61018BF002405D0013455F879
:10127000043B9847A642F9D10A4E0B4D761B05F068
:1012800077FFB61018BF002406D0013455F8043B90
:101290009847A642F9D170BD70BD00BF7C710100B6
:1012A0007C7101008C7101007C710100024B0146D0
:1012B000186800F003B800BFE88CFF1F2DE9F04F5D
:1012C00001F10B05162D83B0064640F29F8035F0E4
:1012D000070500F1BF80A94200F2BC8000F06EFB60
:1012E000B5F5FC7FC0F09C826B0A00F0BA80042B3D
:1012F00000F28381A80900F1390E4FEA4E0338301D
:10130000C44F07EB8303A3F108015C68A14207D136
:10131000ACE0002A80F2AC80E468A14200F0A68034
:10132000636823F003035A1B0F2AF2DDB9493C69B5
:1013300001F1080E744500F0B381636823F00303E4
:101340005A1B0F2A00F39981002AC1F814E0C1F852
:1013500010E080F29E80B3F5007F80F06781DB08AB
:1013600003F1010C01229B1002FA03F34A6851F8C1
:101370003C80C4F8088001EBCC091A43A9F10803AA
:10138000E3604A6041F83C40C8F80C4083100124F7
:101390009C40944200F28A80144206D120F003005F
:1013A0006400144200F10400FAD007EBC009CC46F7
:1013B0008046DCF80C108C4507D173E1002A80F2DE
:1013C0008181C9688C4500F06D814B6823F003036F
:1013D0005A1B0F2AF2DD0C46D1F80CC054F8088FC6
:1013E0004B1945F001054D6042F00101C8F80CC0F1
:1013F0003046CCF808807B613B61C3F80CE0C3F851
:1014000008E059609A5000F0DBFA1FE0102921D85B
:1014100000F0D4FA1025062302207E4F07EB830349
:10142000A3F108025C68944200F045816368E168BA
:10143000A56823F00303234430465A68E96042F06C
:1014400001028D605A6000F0BBFA0834204603B0F8
:10145000BDE8F08F00240C232046336003B0BDE8C4
:10146000F08F80234FF0400E3F2049E770465DE744
:101470002344E1685A68A56842F00102E9603046F9
:101480008D605A6000F09CFA0834204603B0BDE835
:10149000F08F234430465A6842F001025A6000F04F
:1014A0008FFA0834204603B0BDE8F08FBC6863684B
:1014B00023F00308A84504D3C5EB08030F2B00F362
:1014C0008C80554BDFF860911A68D9F800300133F1
:1014D0002A4404EB080A00F0608102F580520F32C2
:1014E00022F47F6222F00F0211463046019200F092
:1014F00059FCB0F1FF3F8346019A00F058818245C4
:1015000000F2FC80454B1968DA451144196000F07F
:101510005381D9F80000DFF810E101301BBFCAEB9E
:101520000B0A5144CEF800B019601BF0070100F01F
:101530001781C1F10800C1F58051834408315A4434
:10154000C2F30B02C2EB010949463046019300F099
:1015500029FC431C019B00F03F81CBEB00024A4475
:1015600042F001021968C7F808B04944BC42CBF800
:1015700004201960DFF8A49016D0B8F10F0F40F2E4
:10158000FD806268A8F10C0323F00703E01802F065
:1015900001024FF0050E1A430F2B6260C0F804E001
:1015A000C0F808E000F21C811D4BBC681A6891422B
:1015B00088BF19601B4B1A689142626888BF196026
:1015C00022F003029542A2EB050301D80F2B04DCA5
:1015D000304600F0F5F9002438E7621943F00103C2
:1015E00045F0010565603046BA60536000F0E8F9E7
:1015F0000834204603B0BDE8F08F142B71D9542B6A
:1016000000F2A480280B00F16F0E4FEA4E036E30FB
:1016100076E600BF588EFF1FD4BCFF1FD8BCFF1F4B
:10162000D0BCFF1FCCBCFF1F6492FF1F5A0A042AC4
:101630005ED9142A00F2B38002F15C0149005B32EA
:1016400007EB810C57F82110DFF8DC81ACF1080CB6
:101650008C4500F088804A6822F00302934202D24F
:1016600089688C45F7D1D1F80CC07A68C4F80CC0F1
:10167000A160CCF80840CC6088E6631942F001070D
:1016800045F00105656030464B610B61C3F80CE025
:10169000C3F808E05F609A50083400F091F9D5E68D
:1016A0004A6873E608F1010818F0030F0CF1080C02
:1016B0007FF47FAE30E0DC68A34208BF02303FF425
:1016C00035AEB3E60B440C465A68C96854F8085F57
:1016D00042F001025A603046E9608D6000F070F916
:1016E000B4E603F15C0E03F15B004FEA4E0307E63C
:1016F0009A0902F1390149003832A1E7BC424A4B4C
:101700003FF400AF9C68626822F003025AE759F880
:101710000839994540F0828010F0030F00F1FF3046
:10172000F5D17B6823EA04037B6064009C423FF6AA
:10173000BDAE002C3FF4BAAE1C4240467FF435AE3D
:1017400064001C4200F10400FAD02EE6B3F5AA7F33
:1017500018D8E80B00F1780E4FEA4E037730CFE54A
:101760004FF48051EBE60121D8F80430921001FAD1
:1017700002F21A43C8F80420614677E70123CBF848
:10178000043025E740F25452934220D8A80C00F1CF
:101790007D0E4FEA4E037C30B2E51032A4E6542AA7
:1017A00026D81A0B02F16F0149006E3248E7BC6877
:1017B000626822F0030205E7CAF30B0000287FF4F9
:1017C000A8AE4244BB6842F001025A60ECE6FE2338
:1017D0004FF07F0E7E2093E501224FF00009C1E615
:1017E00004F10801304602F031FFD9F80010DBE6C1
:1017F000B2F5AA7F05D8DA0B02F1780149007732F9
:101800001EE740F254518A4205D89A0C02F17D013C
:1018100049007C3214E7FE217E2211E77B6884E7D1
:10182000E808431C5B00F8E5588EFF1F82B049B101
:101830005AB16BB113780B601278101C18BF0120DD
:1018400002B0704701A9002AF3D1104602B07047D8
:101850006FF00100F4E700BF8842F0B50DD98B1896
:1018600098420AD28118002A51D09A1A13F8014DD1
:1018700001F8014D9342F9D1F0BD0F2A48D941EA50
:1018800000039B0746D100F1100401F11003154637
:1018900053F8106C44F8106C53F80C6C44F80C6C52
:1018A00053F8086C44F8086C103D53F8046C44F885
:1018B000046C0F2D03F1100304F11004E8D8A2F119
:1018C000100323F00F0302F00F0E1033BEF1030FCD
:1018D0001944034421D91E1F0D467446043C55F893
:1018E000047B46F8047F032CF8D8AEF1040424F0FE
:1018F000030404342344214402F0030262B1013B97
:101900000A4411F8014B03F8014F8A42F9D1F0BDA6
:101910000346F3E70346F2E7F0BD7246EEE700BF89
:1019200070B4840746D0541E002A41D0CDB203467D
:1019300002E0621EE4B3144603F8015B9A07F8D193
:10194000032C2ED9CDB245EA05250F2C45EA0545D5
:1019500019D903F110022646103E0F2E42F8105CF2
:1019600042F80C5C42F8085C42F8045C02F1100298
:10197000F2D8A4F1100222F00F0204F00F0410328A
:10198000032C13440DD91E462246043A032A46F876
:10199000045BFAD8221F22F003020432134404F03D
:1019A00003042CB1C9B21C4403F8011BA342FBD1B0
:1019B00070BC704714460346C2E700BF704700BFC3
:1019C000704700BF2DE9F04F174683B0002900F0A3
:1019D000C1800E46814607F10B05FFF7EFFF56F871
:1019E00004EC162D2EF00304A6F1080840D81022AE
:1019F0001546AF4241D8944275DAC94B996808EB55
:101A000004008842416800F0D98021F001030344BA
:101A10005B68DB077DD51EF0010F35D0394648469F
:101A2000FFF74CFC0746E0B156F8043C23F00103F5
:101A30004344A0F108029A4200F04481221F242A64
:101A400000F23181132A00F2048103463246116804
:101A500019605168596092689A603146484602F0B0
:101A6000F5FD4846FFF7ACFF384603B0BDE8F08F00
:101A700025F00705002D2A46BBDA0C230020C9F803
:101A8000003003B0BDE8F08F56F8083CC3EB080AFD
:101A9000DAF8043023F0030C04EB0C039342BDDBB3
:101AA0005746DAF80C1057F8080F221F242AC16095
:101AB000886000F21781132A40F212813168CAF857
:101AC00008107168CAF80C101B2A00F22B81083626
:101AD0000AF110023168116071685160B16891605B
:101AE0003E461C46D046631B0F2B1DD8D8F8043049
:101AF00003F0010323434444C8F80430636843F00F
:101B0000010363604846FFF75BFF304603B0BDE862
:101B1000F08F21F003012144914221DBC3688268E8
:101B20000C46D3609A60DEE7D8F8042008EB050184
:101B300002F00102154343F001020B44C8F80450BF
:101B40004A605A6842F0010208315A60484602F081
:101B50007DFDD7E7114603B0BDE8F04FFFF7AEBB00
:101B60001EF0010F7FF45AAF56F8083CC3EB080A89
:101B7000DAF8043023F0030C01EB0C0E96458BDBF6
:101B8000C36882685746D3609A6057F8081FDAF82E
:101B90000C30CB60221F242A996000F29980132A0E
:101BA00062D93368CAF808307368CAF80C301B2A47
:101BB00000F2A08008360AF1100356E021F0030B72
:101BC000A34405F11000834559DA1EF0010F7FF49C
:101BD00025AF56F8081CC1EB080ADAF8041021F00A
:101BE000030CE34458453FF757AF5746DAF80C105B
:101BF00057F8080F221F242AC160886000F2B480C1
:101C0000132A40F2A5803168CAF808107168CAF832
:101C10000C101B2A00F2AF8008360AF1100231685E
:101C2000116071685160B16891600AEB0501C5EB04
:101C30000B0242F0010299604A60DAF8043003F0C6
:101C400001031D434846CAF80450FFF7B9FE384661
:101C50005CE733680360736843601B2A27D800F190
:101C6000080306F10802F2E63B4632681A60726821
:101C70005A60B2689A603E467446D04633E708EB35
:101C80000501C5EB0B0B4BF0010299604A6056F859
:101C9000043C03F001031D43484646F8045CFFF78B
:101CA0008FFE304632E73146FFF7D6FDD5E6B36802
:101CB0008360F368C360242A28D000F1100306F182
:101CC0001002C4E650F8043C23F003031C440AE766
:101CD000314638467446D046FFF7BEFD3E4602E721
:101CE0003A46F7E6314638461C46D046FFF7B4FD83
:101CF0003E46F8E6B368CAF81030F368CAF8143004
:101D0000242A1BD010360AF11803AEE733690361A9
:101D10007369436106F1180200F1180397E600BFEA
:101D2000588EFF1FB168CAF81010F168CAF8141075
:101D3000242A0FD010360AF11802CBE63369CAF80C
:101D400018307369CAF81C3018360AF120038CE782
:101D50003A4664E73269CAF818207269CAF81C204A
:101D600018360AF12002B5E6314638460193FFF7EE
:101D700073FD019B59E7B168CAF81010F168CAF801
:101D80001410242A03D010360AF1180247E73269EA
:101D9000CAF818207269CAF81C2018360AF1200205
:101DA0003DE700BF38B5074C0023054608462360D1
:101DB000F9F752FD431C00D038BD2368002BFBD03F
:101DC0002B6038BD14BDFF1F0EB4F0B59CB021AB25
:101DD0000F4953F8042B019305466FF0004408683F
:101DE00002954FF402774FF6FF7602A90695ADF8FB
:101DF000147004940794ADF8166000F08FF8029BFD
:101E000000221A701CB0BDE8F04003B0704700BF5C
:101E1000E88CFF1FFFFFFFFFFFFFFFFFFFFFFFFF3C
:101E2000FFFFFFFFFFFFFFFFFFFFFFFFFFFFFFFFC2
:101E3000FFFFFFFFFFFFFFFFFFFFFFFFFFFFFFFFB2
:101E400090F800F06DE9024520F007016FF0000CFA
:101E500010F0070491F820F040F049804FF00004A2
:101E60006FF00700D1E9002391F840F000F108007D
:101E700082FA4CF2A4FA8CF283FA4CF3A2FA8CF3B5
:101E80004BBBD1E9022382FA4CF200F10800A4FA1C
:101E90008CF283FA4CF3A2FA8CF3E3B9D1E9042370
:101EA00082FA4CF200F10800A4FA8CF283FA4CF3A7
:101EB000A2FA8CF37BB9D1E9062301F1200182FA61
:101EC0004CF200F10800A4FA8CF283FA4CF3A2FA67
:101ED0008CF3002BC6D0002A04BF04301A4612BA75
:101EE000B2FA82F2FDE8024500EBD2007047D1E978
:101EF000002304F00305C4F100004FEAC50514F007
:101F0000040F91F840F00CFA05F562EA05021CBFD7
:101F100063EA050362464FF00004A9E72DE9F04F9C
:101F2000C1B00C46099115460E930A9002F076FC5A
:101F3000036817931846FFF783FFA38916901E06C0
:101F400003D52369002B01F01A8100231A4612934E
:101F50002593249319930B93DFF864A4149230AB68
:101F6000239399461592A84698F800304446EBB161
:101F7000252B02D11AE0252B03D014F8013F002BAA
:101F8000F9D1C8EB04058DB1249B259AC9F80080CE
:101F900001332A44072BC9F804502592249300F3F7
:101FA000A68009F108090B9B2B440B932378002B87
:101FB00000F0A68000231A468DF86F3019460C9366
:101FC00007934FF0FF3B637804F101085D4608F189
:101FD0000108A3F12000582800F22584DFE810F062
:101FE00088032304230490032304230423042304E9
:101FF000230423049703A50323045D00E2002304C4
:10200000FE000501050105010501050105010501A8
:1020100005010501230423042304230423042304CA
:1020200023042304230423041501810223048102D1
:102030002304230423042304C60223042304CD021F
:1020400023042304230423042304F7022304230486
:102050002503230423042304230423042304230447
:10206000230423042304660379038102810281028D
:102070008103790323042304D1032304DB03A30096
:102080006400EE032304F5032304AA0323042304BA
:10209000BC030C980E9340420C90079B43F0040342
:1020A000079398F8003092E70E98AB460021046839
:1020B0008DF86F10071D0798302378228B458DF817
:1020C00070304FF000058DF8712040F00203C0F22F
:1020D000C78320F0800343F00203079354EA05030B
:1020E0000E9700F093830F461192B348CEE223AAD5
:1020F00009990A9802F002FF48B90DF1C00952E7A8
:10210000259B23B10A98099923AA02F0F7FE099B9F
:102110009B8913F0400F0B9B18BF4FF0FF331846FD
:1021200041B0BDE8F08F1193AB46002A41F03382F5
:10213000079A12F0200300F02E820E9F073727F037
:102140000703002703F10801BB450E91D3E90045C1
:102150008DF86F70C0F2798722F08003079354EAFC
:10216000050300F0758330AEE20842EA4572E908E3
:1021700004F007030D461446303354EA050206F80E
:10218000013DF1D1079AD10740F18480302B00F056
:1021900081803022731E06F8012C30AAD21A0D92CB
:1021A0001E467AE098F800302A2B08F1010401F06D
:1021B000B981A3F13000092898BF002501F26C8194
:1021C00014F8013B05EB850500EB4505A3F1300054
:1021D0000928F5D945EAE575A046FAE6079B43F0DC
:1021E0008003079398F80030F1E6A3F13000002354
:1021F0001C4618F8013B04EB840400EB4404A3F1F3
:1022000030000928F5D90C94E3E61193AB46002A77
:1022100041F0AB81079B43F010030793079B98069F
:1022200040F130850E9F073727F00707D7E90023D5
:1022300007F108010E9114461D46002A73F10003B0
:10224000C0F25B85BBF1000F9DF86F70C0F238855E
:10225000079B23F08003079354EA050300F0DB811A
:10226000002D08BF0A2CC0F0DB8130AE2046294685
:102270000A22002302F044FF303206F8012D2046E6
:10228000294600230A2202F03BFF04460D4654EA89
:102290000503EBD130AB9B1B0D930D9B5B45B8BF8A
:1022A0005B4608930023139317B1089B01330893EF
:1022B000079B13F002030F9302D0089B023308938D
:1022C000079B13F08403109340F0D7820C9B089A6D
:1022D0009D1A002D40F3D182102D2599249A374F55
:1022E00027DD189648461024B946099E2F460A9DB8
:1022F00004E0103F102F00F1080016DD01322F4BD3
:1023000024921031072A259180E81800F1DD23AAD4
:102310003146284602F0F2FD00287FF4F8AE103F67
:10232000102F2599249A30A8E8DC189E3D464F4688
:10233000814601326C18072A25942492C9F800704E
:10234000C9F8045000F328849DF86F7009F108095A
:1023500077B1249B013301340DF16F010122072B6A
:102360002594249389E8060000F3A08309F1080965
:102370000F9B6BB1249B013302341CA90222072B53
:102380002594249389E8060000F39C8309F1080949
:10239000109B802B00F0D5820D9BC3EB0B07002F09
:1023A00039DD074A249B0F92102F28DD22464FF07B
:1023B000100B0A9D099C0AE0306F01004C6F010070
:1023C000046F0100103F102F09F1080916DD0133D9
:1023D0001032072B2592249389E8000CF2DD23AA02
:1023E0002146284602F08AFD00287FF490AE103F77
:1023F000102F259A249B0DF1C009E8DC1446013307
:102400000F9A24933C44072B259489E8840000F319
:10241000418309F10809079BDA0500F13082249B0A
:102420000D99C9F8006001330C44072B2594C9F8B5
:102430000410249300F3188309F10809079B590736
:102440003FD50C9B089A9D1A002D3ADD102D249B38
:10245000BC4F23DD22461026DDF828B0099C04E09D
:10246000103D102D09F1080917DD0133B5492493FA
:102470001032072B259289E84200F1DD23AA21467C
:10248000584602F03BFD00287FF441AE103D102D70
:10249000259A249B0DF1C009E7DC144601332C4436
:1024A000072B25942493C9F80070C9F8045008DD5F
:1024B00023AA09990A9802F021FD00287FF427AE8B
:1024C000259C0B9B0C9A08998A42ACBF9B185B1801
:1024D0000B93002C40F0D482002324930DF1C0090B
:1024E00042E51193AB46002A41F051800E9F073719
:1024F00027F0070303F108020E921A6814925B6832
:102500001593159B149D23F00044284621464FF057
:10251000FF328D4BFEF7BEFA002840F0C2842846F9
:1025200021464FF0FF32884BFEF796FA002840F024
:10253000B8841498159900220023FEF783FA002826
:1025400040F04F879DF86F70804E814B079921F0C6
:1025500080010791119903224FF0000B089247293F
:10256000D8BF1E460D92CDF84CB09DE6079B43F0B8
:102570000803079398F8003029E51193AB46002A29
:1025800041F01180079B43F010030793079A12F064
:1025900020037FF4D2AD079911F0100200F02C85D2
:1025A0000E988DF86F30BBF1000F046800F104073E
:1025B0004FF00005C0F248850A4622F080020792DB
:1025C00054EA05020E9700F043811F46CBE51193B4
:1025D000AB46002A40F0E387079B43F010030793C4
:1025E000079A12F0200300F032830E9F073727F07E
:1025F0000703002703F10801BB450E91D3E900450D
:102600008DF86F70C0F25C8322F08003079354EA68
:1026100005037FF425AEBBF1000F00F0FE8000241F
:1026200040AE303406F8414D34E61193AB46002AF3
:1026300040F09787079B47489D0640F197800E9F83
:10264000073727F00703D3E9004503F108020E928C
:10265000079A12F0010700F0418254EA050300F0E6
:1026600005859DF844208DF871200027079A8DF884
:102670006F703023BB458DF8703042F00203C0F21A
:10268000B58622F0800343F00203079330AE23099E
:1026900004F00F0143EA05732A091C461546435C02
:1026A00006F8013D54EA0503F1D1F3E50E991193C3
:1026B0000A688DF8982000230A461F468DF86F306F
:1026C000043201230893BB4613970E920D9326AE56
:1026D000EEE51193AB46002A3FF4A0AD8DF86F10E4
:1026E0009CE5079B43F04003079398F800306EE4A5
:1026F00098F8003000297FF46AAC0122202166E4BA
:10270000079B43F00103079398F800305FE40E9CA9
:1027100023680C9318460028234603F10403FFF6B0
:10272000B8AC0E9398F8003051E498F800300122CC
:102730002B214CE41193AB46002A3FF451AF8DF8A6
:102740006F104DE74C6F0100FFFFEF7F206E01001F
:10275000146F01001C6F01001193AB46002A40F07A
:102760002A87079B99489D063FF569AF079BDC06C2
:1027700040F135840E9A1346043314680E930025F5
:1027800066E798F800306C2B00F0E284079840F080
:10279000100007901BE4002A40F00987079B9B0666
:1027A00040F106840E9A0B991368CD17084604323F
:1027B00029460E92C3E90001FFF7D6BB079B43F001
:1027C0002003079398F8003001E40E9A11931668DD
:1027D00000248DF86F40171D002E00F0CD85002DD0
:1027E000C0F218852A462146304602F029F8002812
:1027F00000F02A86831B0D93A34623EAE3730E970A
:102800000893CDF84CB09DF86F704DE56F4811926C
:10281000BBF1000F40F073815F464FF0000BCDF825
:1028200034B030AE39E51193002A40F0AC86119AED
:10283000002A3FF465AC002301211F4608918DF862
:1028400098208DF86F309B4613930D9126AE2FE59F
:10285000BBF1000F00F0038600270024002582E46E
:102860005A480793119254EA05030E974FF0000758
:102870007FF40CAF0024002508E7259C68E5119B38
:10288000652B40F3A9801498159900220023FEF7C8
:10289000CFF8002800F03581249B4D4AC9F800206C
:1028A000013301340122072B25942493C9F8042015
:1028B00000F3E88309F108091D9B129A934203DB98
:1028C000079BDB077FF5BAAD249B1699179AC9F8C9
:1028D000002001330C44072B2594C9F804102493DD
:1028E00000F3408409F10809129B5D1E002D7FF75B
:1028F000A5AD384A249B0F92102D40F3E681102697
:102900000A9FDDF824B005E009F10809103D102DFB
:1029100040F3DB8101331034072B25942493C9F84D
:1029200000A0C9F80460EFDD23AA5946384602F03A
:10293000E5FA00287FF4EBAB259C249B0DF1C00940
:10294000E4E70C9B089A9F1A002F7FF725AD214AD8
:10295000249B0F92102F2BDD4A462146B9461025A5
:1029600037460A9C099E06E0A9F11009B9F1100F3B
:1029700002F1080218DD01331031072B2591249351
:10298000C2F800A05560EFDD23AA3146204602F0D0
:10299000B5FA00287FF4BBABA9F11009B9F1100F0B
:1029A0002599249B30AAE6DC3E460C464F469146CC
:1029B00001330F9A24933C44072B259489E8840023
:1029C00000F3458209F10809E6E400BF306F010019
:1029D000585B0100046F0100129B249D012B40F302
:1029E0000882013501340123072D25942495C9F867
:1029F0000060C9F8043000F30D8209F10809169A45
:102A0000179BC9F8003001351444072D25942495EF
:102A1000C9F8042000F30E8209F108090023149874
:102A200015990022FEF704F8129B002840F0C3809D
:102A3000013B013501361C44072D24952594C9F826
:102A40000060C9F8043000F3F58009F10809199A0B
:102A5000C9F80420013514441FAB072D2594249593
:102A6000C9F800307FF7E8AC23AA09990A9802F068
:102A700045FA00287FF44BAB259C0DF1C009DDE43D
:102A800023AA09990A9802F039FA00283FF424ADE4
:102A9000FFF73DBB23AA09990A9802F02FFA0028F4
:102AA0007FF435AB259C0DF1C009B4E423AA099944
:102AB0000A9802F023FA00287FF429AB259C0DF137
:102AC000C00955E423AA09990A9802F017FA0028C8
:102AD0007FF41DAB259C0DF1C00959E4BBF1000F3B
:102AE0008DF86F70C0F2DA8222F08003079354EA07
:102AF00005037FF4CBADBBF1000F3FF48DAE002793
:102B0000B8E61D9D002D40F3CC82139B129A934290
:102B1000A8BF1346002B1D460DDD249BC9F800609D
:102B200001332C44072B2594C9F80450249300F357
:102B3000A38309F10809139B002DA8BF5B1B002B81
:102B40001D4640F3F680BA4A249B0F92102D40F3A5
:102B5000808222461027DDF828B0099C05E009F1A3
:102B60000809103D102D40F3738201331032072BFA
:102B700025922493C9F800A0C9F80470EFDD23AAB8
:102B80002146584602F0BAF900287FF4C0AA259AD7
:102B9000249B0DF1C009E4E723AA09990A9802F0E1
:102BA000ADF900287FF4B3AA9DF86F70259C0DF154
:102BB000C009FFF7CDBB5E1E002E7FF748AF9C4BD0
:102BC0000F93102E2CDDCDF834801027B046DDF8A1
:102BD00028B0099E06E0A8F11008B8F1100F09F11D
:102BE00008091ADD01351034072D25942495C9F8FC
:102BF00000A0C9F80470EEDD23AA3146584602F061
:102C00007DF900287FF483AAA8F11008B8F1100F0D
:102C1000259C249D0DF1C009E4DC4646DDF8348096
:102C20000F9B01353444072D2594249589E84800ED
:102C30007FF70BAF23AA09990A9802F05FF90028E1
:102C40007FF465AA259C249D0DF1C009FFE6079934
:102C500011F0100200F008810E988DF86F30BBF172
:102C6000000F046800F104074FF0000526DB0A4658
:102C700022F08002079254EA05020E971F467FF465
:102C8000EFAAC8E4079BD9062AD4079B5A0627D582
:102C90000E99B1F900400431E51722462B460E91FA
:102CA000FFF7CBBA0E998DF86F30BBF1000F0C68AF
:102CB00001F104074FF0000580F245820E971F4690
:102CC00054EA05037FF4CCAAAAE401330F9A2493B3
:102CD0002C44072B259489E824007FF7ADABC3E68D
:102CE0000E9A146813460433E51722460E93002A01
:102CF0002B4673F10003BFF6A5AA64424FF02D07DF
:102D000065EB4505BBF1000F8DF86F70FFF6A8AAC3
:102D1000079B23F080030793FFF7A2BA23AA099920
:102D20000A9802F0EBF800287FF4F1A9259C0DF138
:102D3000C009139A1D9B32441746129A934247DBEF
:102D4000079AD50744D412990E44F51BCB1A9D421D
:102D5000A8BF1D46002D2E460DDD249AC9F800702F
:102D600001322C44072A2594C9F80450249200F318
:102D7000128309F10809002EACBF9D1B1D46002DD2
:102D80007FF75CAB2A4A249B0F92102D9DDD102605
:102D90000A9FDDF824B004E009F10809103D102D68
:102DA00093DD01331034072B25942493C9F800A038
:102DB000C9F80460F0DD23AA5946384602F09EF8AF
:102DC00000287FF4A4A9259C249B0DF1C009E5E708
:102DD000249A16981799C9F8001001320444072A5A
:102DE0002594C9F80400249200F3A58209F108098A
:102DF000A9E7079BD8073FF5F4AD0135013401235E
:102E0000072D25942495C9F80060C9F804307FF790
:102E10001CAE0FE723AA09990A9802F06FF8002860
:102E20007FF475A9259C249D0DF1C009E7E500BF3D
:102E3000046F010023AA09990A9802F05FF800289C
:102E40007FF465A9259C249D0DF1C009E6E523AA20
:102E500009990A9802F052F800287FF458A9259C95
:102E60000DF1C009FFF798BA079911F040033FF43C
:102E700019AF0E988DF86F200346BBF1000F03F1D8
:102E8000040304884FF00005C0F2B98121F08001ED
:102E9000079154EA05010E9317467FF4E1A9FFF765
:102EA000BABB149C22462046159C23462146FDF7BA
:102EB000F1FD002840F01583119BBBF1FF3F23F08B
:102EC00020030D9300F07682472B00F09281079B40
:102ED00043F480731093159B1F1E149B0893BBBF74
:102EE0003B4603F1004700232D230F93119B662BD4
:102EF00000F06382462B00F05E810D9B089A452B03
:102F000021A81EA90CBF0BF101055D460490039199
:102F10001DA802213B460290019500910A9800F0FD
:102F200007FC119B672B064640F07D82079BDA0762
:102F300040F1BF8274190898394600220023FDF73A
:102F400077FD002840F0A481219B9C4206D93021C6
:102F50005A1C21921970219B9C42F9D89B1B1293F9
:102F60000D9B472B00F08181119B652B40F36A82FA
:102F7000119B662B1D9B139300F04782139A1299A5
:102F80008A42C0F23682079BD90700F1898222EA81
:102F9000E2730D92672211920F9A002A40F05B8132
:102FA0000893109B079393469DF86F70FFF77CB9C9
:102FB000079BDF060BD4079B5E0608D50E9A1368A5
:102FC00004320E92BDF82C201A80FEF7CDBF0E9A67
:102FD000136804320E920B9A1A60FEF7C5BF079B66
:102FE0000E9A13F0400F134600F00E81043314883C
:102FF0000E930025FFF72CBB079911F0400317D063
:103000000E988DF86F200346BBF1000F03F1040307
:1030100004884FF00005C0F2F58021F0800107918F
:1030200054EA05010E933FF413AC1746FFF79BB823
:103030000E998DF86F30BBF1000F0C6801F1040799
:103040004FF0000580F281800E970027FFF78BB8C4
:10305000144601330F9A24932C44072B259489E8B6
:1030600024003FF75BAE09F1080962E60027BB4583
:103070008DF86F70FFF6FEAB079B23F0800307937C
:10308000FFF7C6BB23AA09990A9801F037FF002869
:103090007FF43DA8259C0DF1C0090DE40E9FFFF7BC
:1030A000E2BB249BB14AC9F800200133013401225C
:1030B000072B25942493C9F804206FDC09F1080933
:1030C0002DB9129B1BB9079BDF077FF5B7A9249B7E
:1030D0001699179AC9F8002001330C44072B259440
:1030E000C9F80410249300F3C98109F108096D425D
:1030F000002D40F3A3809E4A0F92102D40F32981AA
:1031000022461027DDF828B0099C05E009F10809DE
:10311000103D102D40F31C8101331032072B2592F6
:103120002493C9F800A0C9F80470EFDD23AA214652
:10313000584601F0E3FE00287EF4E9AF259A249B6F
:103140000DF1C009E4E7079A92E5079AFFF735BA4F
:10315000079B43F02003079308F1010898F800301B
:10316000FEF735BF23AA09990A9801F0C7FE002887
:103170007EF4CDAF259C0DF1C009FFF7B5BB402112
:103180000A98FEF79BF8099A10601061002800F079
:10319000F381099A40235361FEF7D7BE23AA099908
:1031A0000A9801F0ABFE00287EF4B1AF1D9D259C6E
:1031B0000DF1C00984E721A81EA9049003911DA860
:1031C00003210290089ACDF804B03B4600910A987A
:1031D00000F0AEFA5D460646119B462B06EB050451
:1031E0007FF4A9AE3378302B00F06D811D9D2C4407
:1031F000A1E6BBF1000F08BF4FF0010B67E60E938D
:1032000017465DE50E9320E7043314680E930025FE
:10321000FFF71EBA3046FEF713FEA34603460D9095
:10322000FFF7EBBA23AA09990A9801F067FE002874
:103230007EF46DAF259C249B0DF1C0091299C9F84D
:10324000006001330C44072B25942493C9F8041023
:103250007FF7F2A808E42D270893109B07938DF8B9
:103260006F704FF0000BFFF720B81D9BDD1C11DBCA
:103270009B450FDB139381E623AA09990A9801F075
:103280003DFE00287EF443AF259C0DF1C00952E4B9
:10329000234663E6119A023A1192013B002B9DF8F6
:1032A00044201D93B8BF5B428DF87C20B4BF2D2213
:1032B0002B22092B8DF87D2040F3FD800DF18B0032
:1032C00004462C4A82FB0321DA17C2EBA10202EB6F
:1032D0008201A3EB410303F13001092A134604F8EC
:1032E000011DEEDC21463033DAB201F8012D8842AF
:1032F00040F23F810DF17E01234601E013F8012BDE
:1033000001F8012B9842F9D1431C1B1B0DF17E02E1
:1033100013441FAA9B1A129A1993012A13440D935E
:1033200040F3F6800D9B169A134400220D931392DE
:1033300023EAE37330E623AA09990A9801F0DEFD37
:1033400000287EF4E4AE1D9B259C0DF1C009FAE433
:10335000144601330F9A24932C44072B259489E8B3
:1033600024003FF75FAF09F1080967E7585B0100E8
:10337000046F010067666666062D2B4628BF06238C
:103380000D9323EAE373B3460E97139637460893DB
:103390008B4EFEF789BF23AA09990A9801F0AEFD6A
:1033A00000287EF4B4AE1D9B129A259CD31A0DF111
:1033B000C009E0E44FF0060B89E521A81EA904909E
:1033C00003911DA803210290089ACDF804B03B4652
:1033D00000910A9800F0ACF95D46064600EB0B043C
:1033E00000E72D278DF86F70FFF7AEB80793FFF752
:1033F0004DB9169A129B1344139A0D93002A7FDD40
:10340000672223EAE3731192C6E5002B40F398800C
:10341000BBF1000F6BD1079AD40768D41A460D92FE
:1034200023EAE373B8E5119B472B7FF483AD079B39
:10343000DB073FF5D1AE219B9B1B12930D9B472BC6
:103440003FF413AF1D9B28E725EAE5730E97089319
:103450000D95834613909DF86F70FEF725BF079B6F
:10346000DB075F4605D540AE302306F8413DFEF749
:1034700011BFCDF834B030AEFEF70FBF23AA0999C3
:103480000A9801F03BFD00287EF441AE1D9D259C6D
:10349000249B0DF1C0092AE6A0460025FEF799BD40
:1034A000169A139B134467220D93119223EAE37338
:1034B00072E5219B52E5303330228DF87F308DF854
:1034C0007E2020AB25E70898394600220023FDF72F
:1034D000AFFA00287FF48AAEC5F101051D952C4492
:1034E00029E5384E384B9DF86F70FFF72FB8139BC6
:1034F000169A9D1805EB0B030D9323EAE3734BE536
:10350000139B0D9AC3F101031A4413460D9277E7FA
:10351000079B13F001037FF405AF13930D9B23EA80
:10352000E37339E50E9898F8013005680430002DF2
:103530000E90A046BEF64BAD4FF0FF35FEF747BDEF
:10354000BBF1000F02D1079BD80707D5169B5D1C66
:1035500005EB0B030D9323EAE3731DE501230D93A4
:103560001AE58DF86F10FFF765B88DF86F10FEF74C
:1035700051BE0DF17E03CCE60A9A0C2313604FF086
:10358000FF30FEF7CDBD8DF86F10FFF750B98DF805
:103590006F10FEF7ABBF8DF86F10FEF7C9BD8DF849
:1035A0006F10FFF719B88DF86F10FEF7EBBF8DF8AD
:1035B0006F10FFF7F3B88DF86F10FFF7D2B800BFA8
:1035C000446F0100186E0100186F010021B1FF2A3D
:1035D00004D80A7001207047084670478A230360A8
:1035E0004FF0FF30704700BF024B13B1024800F0AC
:1035F00005B870470000000089450100002301461E
:103600001A46184601F0FABC02690B69934200F3AE
:103610008D802DE9F04F03F1FF3801F1140700F11F
:10362000140B57F828205BF828304FEA880483B041
:103630000132B3FBF2F90BEB0403009407EB040A2D
:103640000193B9F1000F39D00025BC46DE462B4668
:103650005CF8046BDEF80020B4B209FB0455360CAC
:103660002C0C09FB0644ADB25B1BA6B213FA82F325
:10367000C6EB124606EB23469BB243EA0643E245FD
:103680004EF8043B4FEA14454FEA2643E0D2009B34
:103690005BF8033093B9019C231F9B450CD254F86F
:1036A000043C4BB9A4F1080302E01A68043B1AB9C0
:1036B0009B4508F1FF38F8D3C0F81080044601F0AC
:1036C00017FB00282EDB09F101095D46002357F89E
:1036D000041B28688AB29A1A090C12FA80F2C1EB0C
:1036E000104303EB224391B241EA0341BA4545F846
:1036F000041B4FEA2343EAD25BF828200BEB880334
:1037000082B91A1F93450BD253F8042C42B9083BD7
:1037100002E01A68043B1AB99B4508F1FF38F8D358
:10372000C4F81080484603B0BDE8F08F0020704711
:103730002DE9F04F016C97B08146239C92469B4641
:1037400049B1426C4A60012393408B6001F0EEF86E
:103750000023C9F84030BBF1000FD84633DB00230B
:103760002360A54B1A4608EA0303934214D050463F
:10377000594600220023FDF75BF9054648B3229A1B
:1037800001231360249B002B00F0C5809B48186028
:10379000013817B0BDE8F08F229A42F20F73136020
:1037A000BAF1000F00F0A2809548249B002BF0D0C6
:1037B000C378002B00F0B18000F10803249A136055
:1037C00017B0BDE8F08F01232BF000482360C346FB
:1037D000C7E714AA15AB0192009352465B464846D0
:1037E00001F030FB5FEA1854089040F08880149D87
:1037F000159C2C4404F23243202B40F39182C3F1F8
:10380000400304F2124008FA03F82AFA00F040EAF2
:103810000800FCF72FFE0123013CA1F1F871109381
:103820000022784BFCF7E8FC6DA3D3E90023FCF7FA
:1038300097FE6DA3D3E90023FCF7E0FC0646204683
:103840000F46FCF727FE6AA3D3E90023FCF788FEA6
:1038500002460B4630463946FCF7D0FC06460F467A
:10386000FDF72EF900220490002330463946FDF77B
:10387000E9F8002840F03082049E162E00F22982DA
:10388000614B03EBC603D3E9000152465B46FDF7EB
:10389000F7F8002800F04982731E049300230C936C
:1038A0002C1B631E029300F1328200230593049BBC
:1038B000002BC0F22382029A0B9311461944002375
:1038C00002910A93209B092B29D8052B40F3588697
:1038D000043B20930025209B023B032B00F23586FE
:1038E000DFE813F02C03280237035904444B474AFE
:1038F000C8F31300002814BF1846104655E7CBF351
:10390000130343F07F5110955046A4F2FF3441F465
:103910004011149D84E73E483BE7C31C4EE700215D
:10392000C9F844104846209100F0DAFF4FF0FF3309
:103930000693209A0D93012307902192C9F8400025
:103940000993159B002BC0F2D180049A0E2A00F334
:10395000CD802D4B03EBC203D3E90034CDE9023413
:10396000219B002BC0F2008356465F4650465946C5
:10397000DDE902AB52465B46FCF71CFFFDF7A0F801
:103980000446FCF787FD52465B46FCF7E9FD0B4613
:10399000024639463046FCF72FFC079D04F1300300
:1039A0002B70069B012B06460F4605F1010562D0E0
:1039B0000022184BFCF7D4FD0022002306460F46D8
:1039C000FDF736F800287ED1CDF81490DDF818A068
:1039D000DDF81CB0DDE9028929E000BFAFF300800B
:1039E00061436F63A787D23FB3C8608B288AC63F05
:1039F000FB799F501344D33F0000F07F595B0100D7
:103A00006C7001000000F83F7070010060700100F0
:103A1000585B010000002440FCF7A2FD00220023B7
:103A200006460F46FDF704F8002840F0B7834246EB
:103A30004B4630463946FCF7BDFEFDF741F80446DB
:103A4000FCF728FD42464B46FCF78AFD02460B4632
:103A500030463946FCF7D0FB04F1300E05F801EB97
:103A6000CBEB050ED64506460F464FF00002B04B95
:103A7000D2D1DDF8149032463B4630463946FCF749
:103A8000BDFB06460F4602460B46DDE90201FCF788
:103A9000D9FF40B932463B46DDE90201FCF7C8FFD9
:103AA00088B1E3070FD515F8014C079A6B1E04E0A7
:103AB0009A4200F02C8413F8014D392C03F10105D2
:103AC000F6D001341C700899484600F02FFF002200
:103AD000049B2A70229A01331360249B002B00F070
:103AE000A78307981D6017B0BDE8F08F099A002AD8
:103AF00000F01281209A012A40F35882069B0A9A0C
:103B00005F1EBA42C0F29783D71B069B002BC0F200
:103B10008A84059D069B059A1A440592029A012102
:103B20001A444846029200F099FF064665B1029990
:103B300000290B4608DDA942059AA8BF2B46D21AD8
:103B4000ED1ACB1A059202930A9B002B40F3FC82DC
:103B5000099A002A00F00182002F00F0FE81314610
:103B60003A46484601F01CF8DDF8208001464246FE
:103B70000646484600F07CFF41460446484600F0B1
:103B8000D5FE0A9BDB1B0A9340F0E68101214846E3
:103B900000F064FF0B9B8046002B00F01982014669
:103BA0001A46484600F0FCFF209B012B804640F35C
:103BB000F8820027D8F8103008EB8303186900F06A
:103BC000FFFEC0F12000029A104410F01F0000F028
:103BD000F681C0F12003042B40F3CA84059BC0F199
:103BE0001C00034405931346034405440293059BBC
:103BF000002B05DD21461A46484601F021F804460F
:103C0000029B002B05DD41461A46484601F018F894
:103C100080460C9B002B40F07C82069B002B40F3DF
:103C20009582099B002B40F0F581DDF81CB0069FC2
:103C30005D4602E000F084FE044641462046FFF760
:103C4000E3FC00F1300A05F801ABCBEB0503BB4206
:103C50004FF00A024FF0000321464846EADB079B7B
:103C6000069A012AACBF9B1801331D464FF0000B8A
:103C700021460122484600F0E3FF4146089001F04A
:103C800037F8002840F30D8315F8012C07996B1EB7
:103C900004E08B4200F0788213F8012D392A03F1F9
:103CA0000105F6D001321A704146484600F03EFE4A
:103CB000002E3FF408AFBBF1000F05D0B34503D091
:103CC0005946484600F032FE3146484600F02EFE86
:103CD000F9E601230C93E3E5DDF810804046FCF79C
:103CE000D9FB02460B4630463946FCF7A1FE0028B8
:103CF0007FF4C2AD08F1FF330493BDE5059A049B40
:103D0000D21A5B420A93002305920B93DAE55B42D9
:103D1000059300230293CAE50A9F059D099E05E7C6
:103D2000C3F120080AFA08F073E50C90B8E500BF6B
:103D30000000244000230993049B219A13440D930F
:103D40000133002B069340F38382069C2646002114
:103D5000172EC9F844100BD9012204235B0003F18C
:103D60001400B042114602F10102F7D9C9F844101B
:103D7000484600F0B5FD0E2C0790C9F840003FF60C
:103D8000E0AD002D3FF4DDAD04995746D84600293B
:103D9000CDE90E7840F39282914B01F00F020E11A3
:103DA00003EBC203F006D3E9004540F14C828D4B92
:103DB00050465946D3E90823FCF7FCFC06F00F06F1
:103DC00082468B464FF0030886B1864FF10709D52E
:103DD00020462946D7E90023FCF7C2FB08F1010879
:103DE00004460D46761007F10807EFD122462B4610
:103DF00050465946FCF7DEFC06460F460C9B43B185
:103E00000022794B30463946FCF71CFE002840F072
:103E100020834046FCF73EFB32463B46FCF7A0FBC6
:103E2000724B0022FCF7EAF9069B0446A1F150759B
:103E3000002B00F0DF81049BDDF818801193099BB3
:103E4000002B00F09782664B694903EBC80353E9E6
:103E500002230020FCF7AEFC22462B46FCF7CCF9EF
:103E600082468B4630463946FCF72AFE0446FCF76C
:103E700011FB02460B4630463946FCF7BDF930349B
:103E8000079DE4B206460F462C7002460B4650468C
:103E900059460135FCF7F4FD00284CD132463B462B
:103EA00000205149FCF7A8F902460B4650465946F6
:103EB000FCF7E6FD002840F00D83B8F1010F40F358
:103EC000B381079B98440DE000204749FCF794F923
:103ED00052465B46FCF7B6FD002840F0FB824545A4
:103EE00000F0A281504659460022424BFCF738FBB5
:103EF0000022404B82468B4630463946FCF730FB69
:103F00000F460646FCF7DCFD0446FCF7C3FA024602
:103F10000B4630463946FCF76FF93034E4B252466E
:103F20005B4605F8014B06460F46FCF78BFD324613
:103F30003B460028C8D0119B0493C4E50023099395
:103F4000219B002B40F389811E461C460D9306934E
:103F5000FDE601230993F3E708940A9A0899484675
:103F600000F01EFE044611E6069B002B3FF7FCAC5A
:103F700040F0DA820022204BDDE90201FCF7F0FA82
:103F800052465B46FCF772FDDDF818804646002875
:103F900000F0F280219B079DDB4304934146484695
:103FA00000F0C4FC002E3FF48EAD8DE6109A002A7E
:103FB00000F0418203F233430A9F059DABE51C20CC
:103FC000059B03440593029B0344054402930EE6BC
:103FD000209B012B40F382820B9F0120F3E500BF61
:103FE00070700100487101000000F03F00001C40AB
:103FF0000000E03F00002440000014403146002350
:104000000A22484600F09CFC0D9B002B064640F31C
:1040100097820693002D05DD31462A46484600F07A
:104020000FFE0646002F40F07C810596069B079AFE
:10403000DDF814B0013BD31808930AF0010309938B
:104040001746C24651462046FFF7DEFA314605467E
:10405000204600F04DFE5A4602905146484600F078
:1040600067FEC268804605F13003002A49D1014647
:104070002046069300F03CFE41460590484600F07D
:1040800055FC059A069B2AB9209919B90999002966
:1040900000F0368202990029C0F2E48005D120990F
:1040A00019B90999002900F0DD80002A00F34D813B
:1040B000089A3B7007F101089742454600F0548189
:1040C000214600230A22484600F03AFC5E45044699
:1040D00031464FF000034FF00A0248460BD000F083
:1040E0002FFC5946064600230A22484600F028FCC9
:1040F00047468346A6E700F023FC4746064683462C
:10410000A0E701464846059300F010FC0122059BFC
:10411000C0E74146204600F0EBFD0028BFF67DAD2C
:104120002146049C0023013C0A224846049400F0E6
:1041300007FC099B0446002B7FF460AF0D9B002B0E
:1041400040F3F681069370E5089C1FE5209B022B47
:104150007FF767AD069B002B40F079814146052231
:10416000484600F0EDFB01468046204600F0C0FDC9
:10417000002808947FF70EAF049A07993123013283
:1041800004920B704D1C09E7049A01320492079ABD
:104190003123137088E501230993CDE5DDF81490F0
:1041A00091E4BAF1000F7FF404ADCBF31303002BBD
:1041B00040F03F812BF000473F0D3F0537B1059B95
:1041C00001330593029B0133029301270B9B0120CE
:1041D000002B3FF4F8ACEDE44046FCF75BF93246C7
:1041E0003B46FCF7BDF90022BF4BFCF707F804463D
:1041F000A1F15075304639460022BC4BFBF7FCFF5D
:1042000022462B4606460F46FCF73AFC804600281D
:1042100040F00581224605F1004330463946FCF75F
:1042200011FC08B14646B5E6DDE90EABFFF789BBE8
:104230000798FFF7AEBA0A9B0B9A0A97FB1A1A4423
:104240000B92002761E4DDE90EAB4FF00208BBE5FD
:104250001C460021C9F844108AE5012421940D94DC
:104260000694F6E7002AD046CDF814B09A4611DD40
:1042700021460122484600F0E3FC4146044600F096
:1042800037FD002840F34981BAF1390F00F006816B
:1042900005F1310AB34687F800A07D1C059E0894FD
:1042A00002E504D11AF0010F01D0EDE4154615F82E
:1042B000013C302B05F1FF32F8D0F5E4049B5C4261
:1042C000002C00F0BF808A4B04F00F0203EBC20306
:1042D000D3E90023DDE90E01FCF742F9241106467B
:1042E0000F4600F02A81834D4FF00208E20709D5FE
:1042F00030463946D5E90023FCF732F908F10108C8
:1043000006460F46641005F10805EFD176E50799DA
:1043100030220A70049A15F8014C01320492FFF71A
:10432000D0BB7168484600F0DBFA33699A1C054639
:10433000920006F10C010C30FAF740FC29460122EC
:10434000484600F07DFC059070E6392BCDF814B09E
:10435000D04600F0A38003F1010AB34687F800A01D
:104360007D1C059E08949FE45A46D046B3469A4663
:1043700016467DE45E4908F1FF3A01EBCA01224688
:104380002B46D1E90001FCF7EBF8CDE912013946E3
:104390003046FCF795FB0446FCF77CF802460B46DA
:1043A00030463946FBF728FF079A3034B8F1010F41
:1043B00006460F46147002F101051ED0079B03EB61
:1043C000080BA84600224C4B30463946FCF7C8F88B
:1043D0000F460646FCF774FB0446FCF75BF83034E6
:1043E00002460B4630463946FBF706FF08F8014BFC
:1043F000C34506460F46E5D1554400223F4BDDE953
:104400001201FBF7FBFE32463B46FCF71BFB002884
:104410004CD0119B049315F8014CFFF746BB4FF0AD
:1044200000084646A8E6059B069A9D1A0023FFF75A
:1044300072BB0027CAE6149B0A9F059DC3F1360391
:10444000FFF769BBDDE90E674FF00208D6E4089478
:10445000A0E5069B002B3FF4BFAE0D9B002B7FF722
:10446000E3AE0022244B30463946FCF779F8064685
:104470000F4608F10100FCF70DF832463B46FCF709
:104480006FF80022184BFBF7B9FE049ADDF8348070
:10449000013A0446A1F150751192D0E43922B34695
:1044A0000894059E3A707D1CFFF7F0BBDDE91223EE
:1044B00000201249FBF7A0FE32463B46FCF7E0FA2B
:1044C00008B9B1E6154615F8013C302B05F1FF326D
:1044D000F8D030E5119B0493FFF7E7BABAF1000F6B
:1044E0007FF47AAD61E600BF00001C40000014407C
:1044F0007070010048710100000024400000E03F9E
:10450000392BCDF814B0D046DDF808B09A46C5D0A6
:10451000BBF1000F3FF7BCAEBCE67FF4BBAE1AF0B8
:10452000010F3FF4B7AEAFE64FF00008464631E565
:10453000209B022B21DC0D9B04E64FF002085DE47A
:10454000209B022B19DC0D9B63E50024C9F8444035
:104550002146484600F0C4F94FF0FF3306930D930F
:10456000012307902194C9F840000993FFF7E9B9A6
:104570003FF43DABC0F13C0022E50D9B0693E9E51D
:104580000125FFF7A8B900BF38B5074D074C2C1B14
:10459000A41005D0013C55F8043D9847002CF9D1F2
:1045A000BDE8384002F0F2BD00000000000000004D
:1045B000F8B5234F0C460646FDF700FABB685D6868
:1045C00025F00305291B01F6EF7121F47F6121F02D
:1045D0000F01A1F58054B4F5805F07DB0021304660
:1045E000FDF7E0FBBB682B44984204D03046FDF752
:1045F000E7F90020F8BD61423046FDF7D3FB0130FA
:104600000DD0104BBA6819682D1B45F001053046D6
:10461000091B55601960FDF7D3F90120F8BD002191
:104620003046FDF7BFFBBA68831A0F2BDEDD064C60
:104630000449246843F00103001B53600860D5E778
:10464000588EFF1FD8BCFF1F6492FF1F002945D062
:104650002DE9F0410D468046FDF7B0F955F8047C90
:104660006A4927F00103A5F10804E2188E68506832
:10467000B24220F0030062D0FE0750600BD455F820
:10468000087CE41B01F1080EA56875453B446FD01A
:10469000E768EF60BD6015186D68ED0742D543F01F
:1046A00001026260E350B3F5007F18D2DB085A1CA8
:1046B0004D6851F83270A76001209B1000FA03F397
:1046C00001EBC2001D430838E0604D6041F8324004
:1046D000FC604046BDE8F041FDF772B970475A0AE8
:1046E000042A53D89A0902F139077F0002F13805EC
:1046F00001EB870051F827204449083890424DD0FB
:10470000516821F003018B4202D292689042F7D1A6
:10471000D068E060A2608460D4604046BDE8F041AB
:10472000FDF74EB995683A4FBD4203443FD0D0687B
:10473000E86043F0010285606260E350B3E7FF0781
:10474000034407D455F8082CA41A1344A068E2685F
:10475000C26090602F4A126843F00100934260608B
:104760008C60B6D32C4B40461968FFF721FFB0E7A9
:1047700011184968C90744D49168D268CA600344D3
:1047800043F0010091606060E350A2E7142A17D85B
:1047900002F15C077F0002F15B05A9E7AA104B68F4
:1047A000012505FA02F213434B600246B1E743F0DC
:1047B00001024C610C61E560A5606260E35088E72E
:1047C000542A06D81A0B02F16F077F0002F16E051A
:1047D0008EE7B2F5AA7F06D8DA0B02F178077F00E0
:1047E00002F1770584E740F25450824206D89A0CD1
:1047F00002F17D077F0002F17C0579E7FE277E2527
:1048000076E743F001026260E35062E7588EFF1FD3
:10481000608EFF1F6092FF1FD4BCFF1F044A054B30
:104820001268506B002808BF1846F030704700BF70
:10483000E88CFF1FEC8CFF1FFFFFFFFFFFFFFFFF58
:1048400001F0FF01102A2BDB10F0070F08D010F841
:10485000013B013A8B422DD010F0070F42B3F6D145
:10486000F0B441EA012141EA014122F007047FF05E
:1048700000070023F0E80256083C85EA010586EAB5
:10488000010685FA47F5A3FA87F586FA47F6A5FAF1
:1048900087F68EB9EED1F0BC01F0FF0102F00702FD
:1048A00032B110F8013B013A83EA010313B1F8D1A8
:1048B0000020704701387047002D06BF3546033889
:1048C000073815F0010F07D1013015F4807F02BFC2
:1048D000013015F4C03F0130F0BC0138704700BF13
:1048E000C36C70B505460C464BB153F8240080B13B
:1048F000026843F8242000230361C36070BD2122B5
:10490000042100F0CDFBE86403460028EDD100202F
:1049100070BD012101FA04F6721D2846920000F0D4
:10492000BFFB0028F3D044608660E4E731B1C36C7C
:104930004A6853F82200086043F82210704700BF0D
:10494000F0B50C6983B00D46064601F1140E002740
:10495000DEF8000081B202FB01310B0C000C02FBFF
:10496000003389B2013701EB0341BC424EF8041B0E
:104970004FEA1343ECDC3BB1AA68944207DA05EB3B
:104980008402013453612C61284603B0F0BD69688C
:10499000019301313046FFF7A3FF2A69023205F186
:1049A0000C01074692000C30FAF708F9F26C6968BE
:1049B000019B52F82100286042F821503D46DEE775
:1049C000030C1B04B3B90004102310F07F4F04BF85
:1049D0000002083310F0704F04BF0001043310F0E0
:1049E000404F04BF80000233002807DB420003D49D
:1049F000202070470023E8E7581C7047184670478E
:104A0000036813F0070207D0D90720D49A0720D4EF
:104A10009B0803600220704799B209B91B0C102251
:104A200013F0FF0F04BF1B0A0832190704BF1B094C
:104A30000432990704BF9B080232D90704D45B08EB
:104A400001D12020704701320360104670470020DA
:104A500070475B0803600120704700BF10B50C462B
:104A60000121FFF73DFF01224461026110BD00BF3B
:104A70002DE9F04F0D691769BD4283B00C4616460B
:104A800004DA2A4634463D460E461746A368616856
:104A900005EB07089845C8BF0131FFF721FF00F17A
:104AA000140C0CEB8809CC45009005D2634600211C
:104AB00043F8041B9945FBD806F1140202EB870A60
:104AC00004F11403524503EB850E54D2CDF8049043
:104AD000994652F8043B1FFA83FBBBF1000F20D02C
:104AE00000204F466646054600E01E4657F8044B38
:104AF0003068A1B283B20BFB0131240C000C4B19BE
:104B00000BFB040000EB134099B2334641EA00412D
:104B1000BE454FEA104543F8041BE6D8756052F8CD
:104B2000043C5FEA134B20D0DCF80030674618469F
:104B30004D46002100E037462C88000C0BFB04009A
:104B400001449CB23E4644EA014346F8043B78687F
:104B500055F8044B83B2240C0BFB043404EB1143D3
:104B6000AE454FEA1341E6D87B6092450CF1040C48
:104B7000AFD8DDF80490B8F1000F0BDD59F8043C14
:104B8000A9F104091BB105E059F8043D13B9B8F1C6
:104B90000108F9D10098C0F8108003B0BDE8F08F8B
:104BA00012F003032DE9F041144607462ED10E46BC
:104BB000A4101CD0BD6C95B3E3074FF0000806D4D9
:104BC000641014D02868A8B10546E307F8D52A4632
:104BD00031463846FFF74CFFB6B17268FB6C641083
:104BE00053F82210316043F822600646EAD130467D
:104BF000BDE8F0812A4629463846FFF739FF28608C
:104C0000C0F800800546E0E70646D9E75A1E0B4D7E
:104C1000002355F82220FFF793FE0646C8E701213E
:104C20003846FFF75DFE40F2712101220023416109
:104C300002610546B8640360BEE700BF3871010039
:104C40002DE9F04791460A698B684FEA691404EB35
:104C5000020808F101059D420E468246496804DDBE
:104C60005B009D4201F10101FADC5046FFF738FE7E
:104C7000002C00F1140238DD02EB8403002142F81D
:104C8000041B9342FBD1346906F1140119F01F098A
:104C900001EB840E21D0C9F1200200240F6807FA2D
:104CA00009FC4CEA04049C4643F8044B51F8044BBD
:104CB0008E4524FA02F4F1D8CCF804400CB108F186
:104CC0000205DAF84C307268013D53F82210056194
:104CD000316043F82260BDE8F087043B51F8042BB3
:104CE00043F8042F8E45F9D8EBE71346CBE700BF16
:104CF00002690B69D21A12D19B0014301431194485
:104D000010B4034401E098420BD253F8044D51F81B
:104D1000042D9442F7D007D3012010BC70471046F1
:104D20007047002010BC70474FF0FF30F5E700BF20
:104D30002DE9F8430B690F4611695B1A002B904669
:104D400017D1890007F1140208F1140553182944FA
:104D500001E09A425ED253F8046D51F8044DA64228
:104D6000F7D060D23B46144647464FF001099846BB
:104D700006E05DDB07F1140502F114044FF00009B1
:104D80007968FFF7ADFDD8F810303E69C0F80C9097
:104D900004EB830CA64605EB860700F11404002300
:104DA0005EF8041B55F8048B8AB213FA88F3090CD9
:104DB0009A1AC1EB184303EB224392B242EA034230
:104DC000F44544F8042B4FEA2343E9D8AF4217D9FE
:104DD000A446294651F804EB13FA8EF2131403EBA0
:104DE0001E4392B242EA03428F424CF8042B4FEA30
:104DF0002343EFD8ED433D4425F0030504352C440F
:104E0000043C22B954F8043D013E002BFAD006615F
:104E1000BDE8F8830021FFF763FD01220023026152
:104E20004361BDE8F8832C464FF000091546A7E71B
:104E30003B4607F1140408F1140547464FF00109F9
:104E400098469DE72DE9F04182B001211C46C3F34D
:104E50000A571546089EFFF743FDC4F31304804626
:104E60000FB144F4801401941DB302A840F8085D0A
:104E7000FFF7C6FD002834D19DE80C00C8F81420C7
:104E8000002B0CBF01210221C8F81830C8F81010FF
:104E9000DFB908EB8103A0F2324030601869FFF7F8
:104EA0008FFD099BC0EB41101860404602B0BDE881
:104EB000F08101A8FFF7A4FD019BC8F8143001217F
:104EC0002030C8F81010002FE3D0099BA7F2334719
:104ED0000744C0F1350037601860404602B0BDE8B5
:104EE000F0819DE80C00C0F1200103FA01F10A43B2
:104EF000C3400193C8F81420C2E700BF2DE9F04F6A
:104F0000936883B09046002B72D083464FF000091F
:104F1000166808688B680D464C46002C45D09C42AC
:104F20001F469A4646D3AB8913F4906F2DD06F6914
:104F3000296907EB4707C1EB000A07EBD777601C2D
:104F40007F105044B8423A4684BF07463A465B0554
:104F500033D511465846FCF7B1F9002837D05246F0
:104F600029690190F9F72AFEAA89019B22F490622F
:104F700042F08002AA81CAEB070203EB0A006F61CC
:104F80002B612860AA602746A24652464946FCF794
:104F900063FCD8F80820AB682868DB1B5044141B5E
:104FA000AB602860C8F8084014B3D6F80090746865
:104FB0000836B2E72746A246E7E75846FCF702FD67
:104FC00003460028D7D129695846FFF73FFB0C2339
:104FD000CBF80030AB89002243F040034FF0FF30A4
:104FE000AB81C8F80820C8F8042003B0BDE8F08FF2
:104FF0000020C8F8040003B0BDE8F08F2DE9F047A9
:10500000254C2568D5F8484106468846924699467B
:10501000C4B360681F2817DC431C76B104EB80051D
:105020000122C5F888A0D4F8881182401143022ECD
:10503000C4F88811C5F808911ED00230636044F8A6
:1050400020800020BDE8F087144B03B34FF4C870F4
:10505000FCF72CF90446D0B1D5F84831002780E898
:105060008800C5F8484138460123C4F88871C4F85F
:105070008C71002EE1D0D1E7D4F88C110A43C4F82A
:105080008C21DAE705F5A674C5F84841C1E74FF071
:10509000FF30BDE8F08700BFF86E0100AD120100DF
:1050A00010B502FB01F1FCF709F90446D8B150F83C
:1050B000042C22F00302043A242A18D8132A14D903
:1050C00000231B2A0360436016D9242A8360C3602F
:1050D00011BF00F110020361436100F118020023C7
:1050E000136053609360204610BD0246F7E700212D
:1050F000FCF716FC204610BD00F10802EFE700BFE8
:1051000053B94AB9002908BF00281CBF4FF0FF312E
:105110004FF0FF3000F07EB9ADF1080C6DE904CE20
:1051200000F006F8DDF804E0DDE9022304B0704782
:105130002DE9F0478C460E460446089D002B50D1C1
:105140008A4217466CD9B2FA82FEBEF1000F0BD02C
:10515000CEF1200420FA04F401FA0EF644EA060C1B
:1051600002FA0EF700FA0EF44FEA1749220CBCFBC4
:10517000F9F01FFA87F809FB10C642EA064600FB61
:1051800008F3B34209D9F61900F1FF3280F0228109
:10519000B34240F21F8102383E44F61AA2B2B6FB77
:1051A000F9F309FB136642EA064403FB08F8A0453D
:1051B00009D9E41903F1FF3280F00A81A04540F2D9
:1051C0000781023B3C44C8EB040443EA0040002151
:1051D000002D62D024FA0EF400232C606B60BDE831
:1051E000F0878B4207D9002D55D0002185E841007A
:1051F0000846BDE8F087B3FA83F1002940F09080BB
:10520000B34202D3824200F2F880841A66EB0306AE
:105210000120B446002D40D085E81010BDE8F0878D
:1052200012B90127B7FBF2F7B7FA87FEBEF1000FFC
:1052300035D1F31B4FEA17481FFA87FC0121B3FB56
:10524000F8F0220C08FB103642EA06460CFB00F38D
:10525000B34207D9F61900F1FF3202D2B34200F28D
:10526000CE801046F61AA2B2B6FBF8F308FB13661E
:1052700042EA06440CFB03FCA44507D9E41903F1F8
:10528000FF3202D2A44500F2B5801346CCEB0404F1
:1052900043EA00409CE729462846BDE8F087CEF166
:1052A000200106FA0EF307FA0EF720FA01F94FEA89
:1052B0001748CE4049EA0309B6FBF8FA4FEA194409
:1052C00008FB1A661FFA87FC44EA06430AFB0CF245
:1052D0009A4200FA0EF40AD9DB190AF1FF3180F084
:1052E00087809A4240F28480AAF1020A3B449B1ACA
:1052F0001FFA89F9B3FBF8F108FB113349EA0343BC
:1053000001FB0CF69E4207D9DB1901F1FF326BD28B
:105310009E4269D902393B449B1B41EA0A418EE710
:10532000C1F1200E22FA0EF48B40234320FA0EF72F
:1053300006FA01F44FEA134C26FA0EF63C43B6FB8C
:10534000FCF9270C0CFB19661FFA83F847EA06469E
:1053500009FB08F7B74202FA01F200FA01FA08D98C
:10536000F61809F1FF3041D2B7423FD9A9F102093D
:105370001E44F61BA0B2B6FBFCF40CFB146640EA1C
:10538000064704FB08F8B84507D9FF1804F1FF30B9
:1053900028D2B84526D9023C1F4444EA0940C8EB4C
:1053A0000707A0FB02894F4544464E4614D329D037
:1053B00065B3BAEB040367EB060707FA0EFECB40B2
:1053C000CF404EEA030385E888000021BDE8F0875E
:1053D0001346F8E61046E0E6B8EB020469EB030674
:1053E0000138E5E70446D8E7114695E78146C0E76E
:1053F0008A467CE7023B3C4448E708460AE7023815
:105400003E442FE7C245E7D33E46D1E72946BDE8F3
:10541000F08700BF704700BF53656E64696E673ADE
:10542000200000005265706C793A20004D6F647561
:105430006C65202569202020616C657274733D25A0
:10544000582020206661756C74733D2558202020FB
:10545000434F563D25582020204355563D255800A2
:1054600053656E74204352433A2025782020202033
:105470002043616C63756C61746564204352433AE8
:1054800020257800476F7420766F6C746167652003
:10549000616E642074656D706572617475726520EB
:1054A00072656164696E677300000000496E766121
:1054B0006C6964206D6F64756C6520726573706FC4
:1054C0006E736520726563656976656420666F72C8
:1054D000206D6F64756C6520256920206C656E3ABF
:1054E0002025692020206372633A2025692020202E
:1054F00063616C633A20256900FFFFFF202D2000C7
:10550000207C20002D000000303020666F756E6416
:1055100000000000416464726573732061737369F5
:10552000676E6564000000004D6F64756C65202532
:1055300069206578697374732E2052656164696EA1
:105540006720766F6C7461676520616E6420746596
:105550006D70657261747572652076616C756573C6
:10556000000000004D6F64756C6520766F6C74618F
:1055700067653A20256600004C6F77657374204399
:10558000656C6C20563A2025662020202020486932
:1055900067686573742043656C6C20563A202566F5
:1055A0000000000054656D70313A202566202020EF
:1055B0002020202054656D70323A202566000000BE
:1055C0004F6E65206F72206D6F726520424D5320C3
:1055D0006D6F64756C6573206861766520656E74A7
:1055E0006572656420746865206661756C742073EB
:1055F0007461746521000000416C6C206D6F6475EE
:105600006C657320686176652065786974656420CF
:1056100061206661756C74656420737461746500E3
:105620004D6F64756C65733A2025692020202056E3
:105630006F6C746167653A2025665620202041769C
:10564000672043656C6C20566F6C746167653A2007
:1056500025665620202020204176672054656D70F5
:105660003A202566432000002020202020202020F2
:10567000202020202020202020202020202020202A
:10568000202020202020204D6F64756C652023256C
:10569000690000002020566F6C746167653A202510
:1056A0006656202020282566562D2566562920205E
:1056B00020202054656D7065726174757265733A4F
:1056C00020282566432D25664329000020204D4FC4
:1056D00044554C45204953204641554C5445443A85
:1056E00000000000202020204F766572766F6C74D9
:1056F0006167652043656C6C204E756D62657273E1
:105700002028312D36293A200000000020202020BA
:10571000556E646572766F6C746167652043656C65
:105720006C204E756D626572732028312D36293AD2
:105730002000000020202020435243206572726F19
:105740007220696E20726563656976656420706198
:10575000636B65740000000020202020506F776587
:1057600072206F6E20726573657420686173206F9C
:105770006363757272656400202020205465737421
:10578000206661756C742061637469766500000041
:1057900020202020496E7465726E616C20726567EE
:1057A00069737465727320696E636F6E7369737465
:1057B000656E740020204D4F44554C4520484153A0
:1057C00020414C455254533A000000002020202034
:1057D0004F7665722074656D70657261747572655F
:1057E000206F6E2054533100202020204F766572A8
:1057F0002074656D7065726174757265206F6E20BE
:105800005453320020202020536C656570206D6F4A
:1058100064652061637469766500000020202020A3
:10582000546865726D616C2073687574646F776E0F
:1058300020616374697665002020202054657374AC
:1058400020416C6572740000202020204F545020AD
:105850004550524F4D20556E636F7272656374618F
:10586000626C65204572726F72000000202020205B
:1058700047524F555033205265677320496E766109
:105880006C69640020202020416464726573732079
:105890006E6F742072656769737465726564000069
:1058A0004D6F64756C65733A2025692043656C6C97
:1058B000733A20256920537472696E67733A202504
:1058C000692020566F6C746167653A202566562002
:1058D00020204176672043656C6C20566F6C7461A4
:1058E00067653A2025665620204C6F772043656C0B
:1058F0006C20566F6C746167653A202566562020CF
:1059000020486967682043656C6C20566F6C746131
:1059100067653A202566562044656C746120566F91
:105920006C746167653A20257A6D56202020417697
:10593000672054656D703A20256643200000000002
:105940004D6F64756C65733A20000000207C204325
:10595000656C6C733A2000005600000056207C20D5
:105960000000000056202D20000000006D560000B1
:105970004176672054656D703A20000043000000B6
:105980004D6F64756C652023000000002020436586
:105990006C6C000020204E6567205465726D2054A9
:1059A000656D703A20000000432020506F73205432
:1059B00065726D2054656D703A2000002C00FFFF69
:1059C0003078000030620000540000004600000003
:1059D000545255450000000046414C53450000001C
:1059E0004445425547000000494E464F0000000024
:1059F0005741524E494E47004552524F5200FFFF09
:105A00006D412000526573657474696E6720746F10
:105A100020666163746F72792064656661756C7469
:105A200073000000534F43203A2000002020667589
:105A3000656C2070776D203A20000000424D5320A5
:105A4000537461747573203A20000000455353204D
:105A50004D6F6465200000003A20556E64657256F3
:105A60006F6C7461676520003A204F766572566FDF
:105A70006C746167652000003A2043656C6C2049B6
:105A80006D62616C616E6365200000003A204F76A4
:105A900065722054656D7020000000003A20556E3C
:105AA0006465722054656D70200000003A204F76C6
:105AB0006572566F6C746167652053746F726167AD
:105AC000652000003A20554E68617070793A0000F8
:105AD0003A204861707079200000000020426F6F0A
:105AE00074200000205265616479200020507265A6
:105AF00063686172676520002044726976652000E2
:105B000020436861726765200000000020457272C2
:105B10006F7220007C2041432050726573656E7463
:105B2000207C00007C204B6579204F4E207C0000BB
:105B30007C2042616C616E63696E672041637469A9
:105B4000766500004F75743A0000000020436F6EC8
:105B5000743A0000310000003000000020496E3A25
:105B6000000000002043686172676520437572720F
:105B7000656E74204C696D6974203A200000000045
:105B80002041207C2044697343686172676520432B
:105B9000757272656E74204C696D6974203A2000CC
:105BA00020410000207C20436861726765204375B6
:105BB0007272656E74204C696D697420496E616300
:105BC0007469766500000000436861726765204370
:105BD000757272656E74204C696D697420496E61CE
:105BE0006374697665000000207C204368617267F9
:105BF000652043757272656E74204C696D697420FE
:105C0000416374697665000043686172676520438B
:105C1000757272656E74204C696D6974204163748D
:105C2000697665004C6F772052616E67653A200097
:105C300053696E676C6520496E3A200056616C7539
:105C40006520414443303A2000000000206D4100AF
:105C5000486967682052616E67653A20000000005D
:105C60006D4100006D412020000000004C6F772046
:105C700052616E6765200000486967682052616E56
:105C800067650000416E616C6F6775652053696ED2
:105C9000676C65200000000043414E627573200070
:105CA0002520534F432000006D41680070756C6CD7
:105CB00020696E204F5554360000000070756C6CE2
:105CC00020696E204F555437000000002043616C5E
:105CD0006962726174696E672043757272656E7471
:105CE000204F6666736574203A3A3A3A3A200000CB
:105CF0002063757272656E74206F666673657420BA
:105D0000312063616C696272617465642000000017
:105D10002E0000002063757272656E74206F6666D7
:105D200073657420322063616C69627261746564AA
:105D30002000000020436F6465642053657474691B
:105D40006E6773204C6F616465642000206D41684C
:105D50002052657365742000446F206E6F74207547
:105D6000736520756E6C65737320796F75206B6E2B
:105D70006F77207768617420697420646F65732180
:105D8000212121210000000031202D2053656E6467
:105D9000696E67204578706572696D656E74616CB7
:105DA0002056696374726F6E2043414E3A000000C2
:105DB00032202D2053657269616C20506F727420FF
:105DC00046756E6374696F6E3A00000053657269C0
:105DD000616C20446973706C6179000043616E20CE
:105DE00042757320457870616E73696F6E000000B4
:105DF00071202D20476F206261636B20746F206DCE
:105E0000656E750031202D2054656D702053656ED0
:105E1000736F722053657474696E673A00000000F6
:105E200032202D20566F6C7461676520556E646555
:105E30007220576869636820546F2049676E6F72DB
:105E4000652043656C6C733A0000000031202D2002
:105E500043656C6C2043686172676520566F6C7493
:105E6000616765204C696D697420536574706F6952
:105E70006E743A200000000032202D2043686172C9
:105E80006765204879737465727369733A200000FE
:105E900033202D205061636B204D61782043686171
:105EA0007267652043757272656E743A2000000057
:105EB000342D205061636B20456E64206F66204353
:105EC00068617267652043757272656E743A20006E
:105ED000352D204368617267657220547970653A88
:105EE0002000000052656C617920436F6E74726F00
:105EF0006C0000004272757361204E4C4735787813
:105F000000000000566F6C74204368617267657210
:105F100000000000456C74656B2043686172676522
:105F200072000000456C636F6E20436861726765A4
:105F30007200000056696374726F6E2F534D4100FA
:105F4000436F646100000000362D20436861726772
:105F500065722043616E204D7367205370643A2050
:105F6000000000006D530000372D2043616E204279
:105F7000617564726174653A200000006B62707331
:105F80000000000038202D20436861726765722090
:105F9000485620436F6E6E656374696F6E3A2000D9
:105FA00020426568696E6420436F6E746163746F2C
:105FB0007273000044697265637420546F204261FB
:105FC00074746572792048560000000039202D2035
:105FD0004368617267652043757272656E742064F0
:105FE0006572617465204C6F773A20002043000091
:105FF00061202D20416C7465726E61746520506162
:10600000636B204D6178204368617267652043753A
:106010007272656E743A2000416C61726D20616E1F
:1060200064205761726E696E672053657474696E7F
:106030006773204D656E750031202D20566F6C748E
:10604000616765205761726E696E67204F6666737F
:1060500065743A200000000032202D2043656C6CEE
:1060600020566F6C74616765204469666665726569
:106070006E636520416C61726D3A200033202D20E3
:1060800054656D70205761726E696E67204F666649
:106090007365743A2000000034202D2054656D7023
:1060A000205761726E696E67204F66667365743A39
:1060B00020000000206D5300436F6E746163746FA5
:1060C0007220616E64204761756765205365747442
:1060D000696E6773204D656E7500000031202D20BC
:1060E0005072654368617267652054696D65723AE4
:1060F0002000000032202D205072654368617267D5
:10610000652046696E6973682043757272656E74A6
:106110003A20000033202D2050574D20636F6E74BD
:106120006163746F7220486F6C6420302D32353596
:10613000203A000034202D2050574D20666F7220E9
:106140004761756765204C6F7720302D32353520DB
:106150003A00000035202D2050574D20666F7220E8
:106160004761756765204869676820302D3235358D
:10617000203A00004D454E55000000004465627510
:106180006767696E67205061757365640000000081
:106190004669726D776172652056657273696F6EBC
:1061A000203A200062202D204261747465727920AB
:1061B00053657474696E67730000000061202D20C0
:1061C000416C61726D20616E64205761726E696E00
:1061D000672053657474696E6773000065202D2015
:1061E0004368617267696E672053657474696E678E
:1061F0007300000063202D2043757272656E742059
:1062000053656E736F722043616C69627261746969
:106210006F6E00006B202D20436F6E746163746F8E
:106220007220616E642047617567652053657474E0
:10623000696E67730000000069202D2049676E6F4A
:1062400072652056616C75652053657474696E675C
:106250007300000064202D2044656275672053653B
:106260007474696E6773000078202D20457870651E
:1062700072696D656E74616C2053657474696E67C4
:106280007300000052202D205265737461727420D7
:10629000424D530071202D2065786974206D656E24
:1062A0007500000044656275672053657474696EFB
:1062B0006773204D656E7500546F67676C65206F5E
:1062C0006E2F6F666600000031202D2043616E2026
:1062D0004465627567203A0032202D204375727242
:1062E000656E74204465627567203A0033202D2066
:1062F0004F757470757420436865636B203A0000B5
:1063000034202D20496E70757420436865636B20BE
:106310003A00000035202D20455353206D6F6465F1
:10632000203A000036202D2043656C6C732050729B
:106330006573656E74205265736574203A000000C1
:1063400037202D2047617567652044656275672099
:106350003A00000038202D20435356204F757470AA
:106360007574203A0000000039202D2044656369CF
:106370006D616C20506C6163657320746F2053688D
:106380006F77203A0000000043757272656E7420CA
:1063900053656E736F722043616C696272617469D8
:1063A0006F6E204D656E750063202D20546F206345
:1063B000616C6962726174652073656E736F7220BF
:1063C0006F6666736574000073202D2043757272CA
:1063D000656E742053656E736F72205479706520FA
:1063E0003A20000020416E616C6F6775652044752E
:1063F000616C2043757272656E742053656E736FA5
:106400007220000020416E616C6F677565205369D2
:106410006E676C652043757272656E742053656E8D
:10642000736F7220000000002043616E627573205C
:1064300043757272656E742053656E736F722000BF
:10644000556E646566696E656400000031202D201C
:10645000696E766572742063757272656E74203A27
:106460000000000032202D205075726520566F6CA0
:106470007461676520626173656420534F43203AFD
:106480000000000033202D2043757272656E742069
:106490004D756C7469706C69636174696F6E203AD4
:1064A0000000000034202D20416E616C6F6775651F
:1064B000204C6F772052616E676520436F6E763A8D
:1064C00000000000206D562F4100000035202D20D7
:1064D000416E616C6F67756520486967682052611D
:1064E0006E676520436F6E763A00000036202D20DF
:1064F00043757272656E742053656E736F722044BB
:1065000065616462616E643A00000000206D5600AF
:1065100038202D2043757272656E74204368616E59
:106520006E656C204368616E67654F7665723A00F0
:1065300037202D43616E2043757272656E7420534F
:10654000656E736F72203A00204C454D20434142E6
:106550002073657269657320000000002049736133
:106560005363616C65204956542D53200000000090
:106570002056696374726F6E204C796E7820564590
:106580002E43414E205368756E740000426174744E
:106590006572792053657474696E6773204D656EFA
:1065A0007500000072202D205265736574204148EB
:1065B00020636F756E7465720000000066202D20E8
:1065C000526573657420746F20436F646564205353
:1065D000657474696E67730031202D2043656C6C9F
:1065E000204F76657220566F6C7461676520536525
:1065F00074706F696E743A200000000032202D2004
:1066000043656C6C20556E64657220566F6C7461C6
:10661000676520536574706F696E743A20000000DE
:1066200033202D204F7665722054656D7065726140
:106630007475726520536574706F696E743A2000CA
:1066400034202D20556E6465722054656D7065721E
:10665000617475726520536574706F696E743A2049
:106660000000000035202D2043656C6C2042616CD9
:10667000616E636520566F6C746167652053657445
:10668000706F696E743A200036202D2042616C6173
:106690006E636520566F6C7461676520487973740A
:1066A00065727369733A200037202D2041682042BB
:1066B0006174746572792043617061636974793AB9
:1066C000200000004168000038202D205061636BDD
:1066D000204D6178204469736368617267653A2070
:1066E0000000000039202D2043656C6C2044697344
:1066F00063686172676520566F6C74616765204CD2
:10670000696D697420536574706F696E743A200006
:1067100030202D20536C61766520737472696E672A
:106720007320696E20706172616C6C656C3A200038
:1067300061202D2043656C6C7320696E2053657257
:106740006965732070657220537472696E673A20B0
:106750000000000062202D20736574706F696E74F4
:1067600020313A200000000063202D20534F4320A9
:10677000736574706F696E7420313A0025000000F3
:1067800064202D20736574706F696E7420323A2016
:106790000000000065202D20534F43207365747066
:1067A0006F696E7420323A200000000067202D20AF
:1067B00053746F7261676520536574706F696E748E
:1067C0003A20000068202D20446973636861726775
:1067D000652043757272656E742054617065722015
:1067E0004F66667365743A20000000006A202D2011
:1067F0004469736368617267652043757272656E80
:10680000742054656D70657261747572652044659D
:1068100072617465203A20006B202D2043656C6CFA
:106820002044697363686172676520566F6C746198
:10683000676520487973746572657369733A2000DF
:10684000457874656E6465642049443A2030782543
:106850002E386C58202870676E203078252E356CC5
:1068600058292020444C433A20253164202044619B
:1068700074613A002C3078252E336C582C66616C8C
:1068800073652C25316400002052454D4F5445203E
:1068900052455155455354204652414D4500000044
:1068A0002C203078252E325800000000496E70757B
:1068B000743A200031204F4E2020000031204F46F6
:1068C0004620000032204F4E2020000032204F464C
:1068D0004620000033204F4E2020000033204F463A
:1068E0004620000034204F4E2020000034204F4628
:1068F00046200000737461742E7478743D000000AB
:10690000204163746976652000000000736F632E78
:1069100076616C3D00000000736F63312E76616C10
:106920003D00000063757272656E742E76616C3D79
:106930000000000074656D702E76616C3D000000F3
:1069400074656D706C6F772E76616C3D0000000091
:1069500074656D70686967682E76616C3D00000033
:10696000766F6C742E76616C3D0000006C6F7763FF
:10697000656C6C2E76616C3D00000000686967688C
:1069800063656C6C2E76616C3D0000006669726D0B
:106990002E76616C3D00000063656C6C64656C7400
:1069A000612E76616C3D000063656C6C62616C2EDB
:1069B00076616C3D0000000047455420444154413D
:1069C0002046524F4D2049443A20000020202021EB
:1069D0002121205365726965732043656C6C7320B7
:1069E0004661756C7420212121000000537461728E
:1069F00074696E67207570210000000053696D7026
:106A0000424D53205632205465736C6100000000E3
:106A1000526561736F6E20666F72206C61737420B3
:106A200052657365743A200053746F70204D6F6423
:106A3000652041636B6E6F776C6564676520457296
:106A4000726F722052657365740000004D444D2DC5
:106A5000415020526573657400000000536F6674E6
:106A6000776172652052657365740000436F7265CB
:106A7000204C6F636B7570204576656E742052658F
:106A800073657400506F7765722D6F6E2052657359
:106A90006574000045787465726E616C2050696E93
:106AA00020526573657400005761746368646F6792
:106AB00028434F5029205265736574004C6F7373DF
:106AC000206F662045787465726E616C20436C6F30
:106AD000636B205265736574000000004C6F737324
:106AE000206F66204C6F636B20696E20504C4C20E9
:106AF00052657365740000004C6F772D766F6C746F
:106B000061676520446574656374205265736574BC
:106B100000000000537461727465642073657269CB
:106B2000616C20696E7465726661636520746F20A4
:106B3000424D532E00FFFFFF22032480050E08095B
:106B40000D0C06070F040013031F050E08090D0C9A
:106B500006070F041F1F1F1F1F1F1F1F1F1F40534C
:106B6000435F1A16171B1D1E1F1F08091F1F1F1F1B
:106B70001F1F031F00131F1F08091F1F1F1F1F1F99
:106B80001F1F8505040607841F1F435F40531A1209
:106B90001F1B1D1E2280240341626F727420696EC8
:106BA0002043414E20626567696E2E20436F756CED
:106BB000646E27742066696E642061207375697441
:106BC00061626C65206261756420636F6E666967DF
:106BD0002100FFFF6FF07F030370037813F0800F35
:106BE000FBD070474008FE4340A004404408FE43E9
:106BF00044A004400018FE4300C004403000FE439F
:106C0000309004403400FE43349004401C18FE438E
:106C10001CC004401018FE4310C004400818FE4376
:106C200008C004400C18FE430CC004400C10FE4386
:106C30000CB004401010FE4310B004401810FE4386
:106C400018B004401C10FE431CB004401410FE4356
:106C500014B004400418FE4304C004400010FE4376
:106C600000B004400008FE4300A004400408FE43B6
:106C700004A004400C08FE430CA004400808FE4396
:106C800008A004401418FE4314C004401818FE4322
:106C900018C004400410FE4304B004400810FE4332
:106CA00008B004401400FE43149004404C08FE4316
:106CB0004CA004400420FE4304D004402410FE43B2
:106CC00024B004402010FE4320B004402810FE43AE
:106CD00028B004402C10FE432CB004400020FE439A
:106CE00000D004404808FE4348A004401000FE4382
:106CF000109004400000000000000000F1E30000DC
:106D000015E4000095E4000091E400008DE400002B
:106D100089E4000085E40000B9E3000065E40000B8
:106D200061E4000059E4000051E4000049E400007F
:106D300039E4000029E4000025E4000099E30000A4
:106D4000A1E30000A9E30000B1E30000FDE30000BF
:106D5000E5E300000000000000000000D1E40000B6
:106D6000F5E4000075E5000071E500006DE5000048
:106D700069E5000065E5000099E4000045E50000D4
:106D800041E5000039E5000031E5000029E500009B
:106D900019E5000009E5000005E5000099E500009F
:106DA000B9E50000D9E5000079E50000DDE4000068
:106DB000C5E40000000000000000000031E6000013
:106DC00055E60000D5E60000D1E60000CDE6000063
:106DD000C9E60000C5E60000F9E50000A5E60000F0
:106DE000A1E6000099E6000091E6000089E60000B7
:106DF00079E6000069E6000065E60000F9E60000BB
:106E000019E7000039E70000D9E600003DE6000080
:106E100025E600000D0AFFFF6E616E006F766600CA
:106E2000696E66000000000000000000C9EA000072
:106E3000C1EA0000BDEA0000B9EA0000B5EA0000BE
:106E4000B1EA0000ADEA0000A9EA0000001519153A
:106E5000000100001C88FF1F12000000000200005B
:106E60004888FF1F4300000000030000A488FF1FA4
:106E700000000000010309043088FF1F000000002B
:106E8000020309048C88FF1F0000000003030904AB
:106E9000A888FF1F000000000000000000000000A4
:106EA00000000000657870006C6F676600FFFFFFF0
:106EB000706F776600FFFFFF000000000000E03FFA
:106EC000000000000000E0BF763C7935EF39EA3D74
:106ED000763C7935EF39EABD0000E0FE422EE63F10
:106EE0000000E0FE422EE6BF00000000000030433C
:106EF00000000000000030C3C088FF1F504F5349FE
:106F00005800FFFF303030303030303030303030EB
:106F100030303030494E46004E414E003031323331
:106F20003435363738394142434445460000000085
:106F300030313233343536373839616263646566EF
:106F400000000000286E756C6C2900FF20202020B6
:106F50002020202020202020202020200020202051
:106F600020202020202028282828282020202020F9
:106F700020202020202020202020202020881010C9
:106F80001010101010101010101010101004040425
:106F900004040404040404101010101010104141E3
:106FA00041414141010101010101010101010101D1
:106FB00001010101010101011010101010104242E5
:106FC00042424242020202020202020202020202A1
:106FD0000202020202020202101010102000000041
:106FE00000000000000000000000000000000000A1
:106FF0000000000000000000000000000000000091
:107000000000000000000000000000000000000080
:107010000000000000000000000000000000000070
:107020000000000000000000000000000000000060
:107030000000000000000000000000000000000050
:107040000000000000000000000000000000000040
:1070500000000000000000000000000000FFFFFF33
:10706000496E66696E697479000000004E614E00D9
:10707000000000000000F03F00000000000024407D
:1070800000000000000059400000000000408F4058
:10709000000000000088C34000000000006AF840C3
:1070A0000000000080842E4100000000D0126341E7
:1070B0000000000084D797410000000065CDCD415D
:1070C000000000205FA00242000000E8764837423E
:1070D000000000A2941A6D42000040E59C30A242DC
:1070E0000000901EC4BCD64200003426F56B0C4351
:1070F0000080E03779C3414300A0D88557347643F8
:1071000000C84E676DC1AB43003D9160E458E14358
:10711000408CB5781DAF154450EFE2D6E41A4B44CD
:1071200092D54D06CFF08044F64AE1C7022DB54412
:10713000B49DD9794378EA440500000019000000A5
:107140007D000000FFFFFFFF0080E03779C341436F
:10715000176E05B5B5B89346F5F93FE9034F384DBD
:10716000321D30F94877825A3CBF737FDD4F157569
:10717000F8B500BFF8BC08BC9E467047E935010071
:0C718000350400000D9E00009DB30000CF
:04718C00F8B500BF93
:08719000A0DFFF7F01000000F9
:1071980001000000090E03005046000053494D50FD
:1071A80020424D5338060000320000001806000047
:1071B8006400000064000000010000000000A0401E
:1071C800100000000A00000001000000010000009B
:1071D80053494D502045434F320000000200000043
:1071E8006400000000000101000101010102010129
:1071F8000202010203010203020204020205020262
:107208000503020603020703020704030704030732
:107218000504070504070605070606070606070707
:107228000707070A0400000018BDFF1F0801090A24
:1072380008000000FFFFFFFFFC6C010000000000D9
:10724800E8030000000000009DEA00005C6D0100FA
:1072580000000000E803000000000000A1EA0000B0
:10726800BC6D010000000000E80300000000000001
:10727800A5EA0000010101002C6E010000000000D9
:10728800E8030000000000000100000012011001E6
:1072980002000040C01683047502010203010000C9
:1072A80018035400650065006E00730079006400DF
:1072B800750069006E006F0009024300020100C0FA
:1072C8003209040000010202010005240010010532
:1072D8002401010104240206052406000107058291
:1072E8000310004009040100020A0000000705031A
:1072F8000240000007058402400000001603550004
:1073080053004200200053006500720069006100CC
:107318006C000000040309040C03000000000000D6
:107328000000000000000000000000000000010153
:1073380000000000AC8BFF1F148CFF1F7C8CFF1F0C
:107348000000000000000000000000000000000035
:107358000000000000000000000000000000000025
:107368000000000000000000000000000000000015
:107378000000000000000000000000000000000005
:1073880000000000000000000000000000000000F5
:1073980000000000000000000000000000000000E5
:1073A80000000000000000000000000000000000D5
:1073B80000000000000000000000000000000000C5
:1073C80000000000000000000000000000000000B5
:1073D80000000000000000000100000000000000A4
:1073E8000E33CDAB34126DE6ECDE05000B00000069
:1073F8000000000000000000000000000000000085
:107408000000000000000000000000000000000074
:107418000000000000000000000000000000000064
:107428000000000000000000000000000000000054
:107438000000000000000000000000000000000044
:107448000000000000000000000000000000000034
:107458000000000000000000000000000000000024
:107468000000000000000000000000000000000014
:107478000000000000000000000000000000000004
:1074880000000000000000000000000000000000F4
:1074980000000000000000000000000000000000E4
:1074A80000000000000000000000000000000000D4
:1074B80000000000000000000000000000000000C4
:1074C80000000000000000000000000000000000B4
:1074D80000000000000000000000000000000000A4
:1074E8000000000000000000000000000000000094
:1074F8000000000000000000000000000000000084
:107508000000000000000000000000000000000073
:107518000000000000000000000000000000000063
:107528000000000000000000000000000000000053
:107538000000000000000000000000000000000043
:107548000000000000000000000000000000000033
:107558000000000000000000000000000000000023
:107568000000000000000000000000000000000013
:107578000000000000000000000000000000000003
:1075880000000000000000000000000000000000F3
:1075980000000000000000000000000000000000E3
:1075A80000000000000000000000000000000000D3
:1075B80000000000000000000000000000000000C3
:1075C80000000000000000000000000000000000B3
:1075D80000000000000000000000000000000000A3
:1075E8000000000000000000000000000000000093
:1075F8000000000000000000000000000000000083
:107608000000000000000000000000000000000072
:107618000000000000000000000000000000000062
:107628000000000000000000000000000000000052
:107638000000000000000000000000000000000042
:107648000000000000000000000000000000000032
:107658000000000000000000000000000000000022
:107668000000000000000000000000000000000012
:107678000000000000000000000000000000000002
:1076880000000000000000000000000000000000F2
:1076980000000000000000000000000000000000E2
:1076A80000000000000000000000000000000000D2
:1076B80000000000000000000000000000000000C2
:1076C80000000000000000000000000000000000B2
:1076D80000000000000000000000000000000000A2
:1076E8000000000000000000000000000000000092
:1076F8000000000000000000000000000000000082
:107708000000000000000000000000000000000071
:107718000000000000000000000000000000000061
:107728000000000000000000000000000000000051
:107738000000000000000000000000000000000041
:107748000000000000000000000000000000000031
:107758000000000000000000C088FF1F4300000078
:107768000000000000000000000000000000000011
:1077780000000000000000000000000043000000BE
:1077880000000000000000000000000000000000F1
:10779800000000000000000000000000430000009E
:1077A80000000000000000000000000000000000D1
:1077B800000000000000000000000000430000007E
:1077C80000000000000000000000000000000000B1
:1077D800000000000000000000000000430000005E
:1077E8000000000000000000000000000000000091
:1077F800000000000000000000000000430000003E
:107808000000000000000000000000000000000070
:10781800000000000000000000000000430000001D
:107828000000000000000000000000000000000050
:10783800000000000000000000000000CD3501003D
:107848002D180100000000005C6F0100105D0100B0
:10785800685C0100685C0100685C0100685C01000C
:10786800685C0100685C0100685C0100685C0100FC
:10787800685C0100FFFFFFFFFFFFFFFFFFFFFFFF47
:10788800FFFF000001004153434949000000000088
:1078980000000000000000000000000000000000E0
:1078A8000000000000004153434949000000000067
:1078B80000000000000000000000000000000000C0
:1078C80000000000000000000000000000000000B0
:1078D800588EFF1F588EFF1F608EFF1F608EFF1F80
:1078E800688EFF1F688EFF1F708EFF1F708EFF1F30
:1078F800788EFF1F788EFF1F808EFF1F808EFF1FE0
:10790800888EFF1F888EFF1F908EFF1F908EFF1F8F
:10791800988EFF1F988EFF1FA08EFF1FA08EFF1F3F
:10792800A88EFF1FA88EFF1FB08EFF1FB08EFF1FEF
:10793800B88EFF1FB88EFF1FC08EFF1FC08EFF1F9F
:10794800C88EFF1FC88EFF1FD08EFF1FD08EFF1F4F
:10795800D88EFF1FD88EFF1FE08EFF1FE08EFF1FFF
:10796800E88EFF1FE88EFF1FF08EFF1FF08EFF1FAF
:10797800F88EFF1FF88EFF1F008FFF1F008FFF1F5D
:10798800088FFF1F088FFF1F108FFF1F108FFF1F0B
:10799800188FFF1F188FFF1F208FFF1F208FFF1FBB
:1079A800288FFF1F288FFF1F308FFF1F308FFF1F6B
:1079B800388FFF1F388FFF1F408FFF1F408FFF1F1B
:1079C800488FFF1F488FFF1F508FFF1F508FFF1FCB
:1079D800588FFF1F588FFF1F608FFF1F608FFF1F7B
:1079E800688FFF1F688FFF1F708FFF1F708FFF1F2B
:1079F800788FFF1F788FFF1F808FFF1F808FFF1FDB
:107A0800888FFF1F888FFF1F908FFF1F908FFF1F8A
:107A1800988FFF1F988FFF1FA08FFF1FA08FFF1F3A
:107A2800A88FFF1FA88FFF1FB08FFF1FB08FFF1FEA
:107A3800B88FFF1FB88FFF1FC08FFF1FC08FFF1F9A
:107A4800C88FFF1FC88FFF1FD08FFF1FD08FFF1F4A
:107A5800D88FFF1FD88FFF1FE08FFF1FE08FFF1FFA
:107A6800E88FFF1FE88FFF1FF08FFF1FF08FFF1FAA
:107A7800F88FFF1FF88FFF1F0090FF1F0090FF1F58
:107A88000890FF1F0890FF1F1090FF1F1090FF1F06
:107A98001890FF1F1890FF1F2090FF1F2090FF1FB6
:107AA8002890FF1F2890FF1F3090FF1F3090FF1F66
:107AB8003890FF1F3890FF1F4090FF1F4090FF1F16
:107AC8004890FF1F4890FF1F5090FF1F5090FF1FC6
:107AD8005890FF1F5890FF1F6090FF1F6090FF1F76
:107AE8006890FF1F6890FF1F7090FF1F7090FF1F26
:107AF8007890FF1F7890FF1F8090FF1F8090FF1FD6
:107B08008890FF1F8890FF1F9090FF1F9090FF1F85
:107B18009890FF1F9890FF1FA090FF1FA090FF1F35
:107B2800A890FF1FA890FF1FB090FF1FB090FF1FE5
:107B3800B890FF1FB890FF1FC090FF1FC090FF1F95
:107B4800C890FF1FC890FF1FD090FF1FD090FF1F45
:107B5800D890FF1FD890FF1FE090FF1FE090FF1FF5
:107B6800E890FF1FE890FF1FF090FF1FF090FF1FA5
:107B7800F890FF1FF890FF1F0091FF1F0091FF1F53
:107B88000891FF1F0891FF1F1091FF1F1091FF1F01
:107B98001891FF1F1891FF1F2091FF1F2091FF1FB1
:107BA8002891FF1F2891FF1F3091FF1F3091FF1F61
:107BB8003891FF1F3891FF1F4091FF1F4091FF1F11
:107BC8004891FF1F4891FF1F5091FF1F5091FF1FC1
:107BD8005891FF1F5891FF1F6091FF1F6091FF1F71
:107BE8006891FF1F6891FF1F7091FF1F7091FF1F21
:107BF8007891FF1F7891FF1F8091FF1F8091FF1FD1
:107C08008891FF1F8891FF1F9091FF1F9091FF1F80
:107C18009891FF1F9891FF1FA091FF1FA091FF1F30
:107C2800A891FF1FA891FF1FB091FF1FB091FF1FE0
:107C3800B891FF1FB891FF1FC091FF1FC091FF1F90
:107C4800C891FF1FC891FF1FD091FF1FD091FF1F40
:107C5800D891FF1FD891FF1FE091FF1FE091FF1FF0
:107C6800E891FF1FE891FF1FF091FF1FF091FF1FA0
:107C7800F891FF1FF891FF1F0092FF1F0092FF1F4E
:107C88000892FF1F0892FF1F1092FF1F1092FF1FFC
:107C98001892FF1F1892FF1F2092FF1F2092FF1FAC
:107CA8002892FF1F2892FF1F3092FF1F3092FF1F5C
:107CB8003892FF1F3892FF1F4092FF1F4092FF1F0C
:107CC8004892FF1F4892FF1F5092FF1F5092FF1FBC
:087CD80000000200FFFFFFFFA6
:00000001FF
