:1000000000800020BD0100006DB8000025B8000090
:1000100025B8000025B8000025B8000025B800006C
:1000200025B8000025B8000025B800006DB8000014
:100030006DB8000025B80000B1E30000B5E3000092
:100040006DB800006DB800006DB800006DB800001C
:100050006DB800006DB800006DB800006DB800000C
:100060006DB800006DB800006DB800006DB80000FC
:100070006DB800006DB800006DB800006DB80000EC
:100080006DB800006DB800006DB800006DB80000DC
:100090006DB800006DB800006DB800006DB80000CC
:1000A0006DB800006DB800006DB800006DB80000BC
:1000B0006DB80000A1B30000ADB30000B1B3000003
:1000C000BDB30000C1B30000C5B300006DB80000AF
:1000D0006DB800006DB800006DB800006DB800008C
:1000E0006DB800006DB800006DB800006DB800007C
:1000F0006DB800001DC500006DB8000075CC000093
:100100006DB80000F9D100006DB800006DB80000B6
:100110006DB800006DB800006DB800006DB800004B
:100120006DB800006DB800006DB800006DB800003B
:100130006DB800006DB800006DB800006DB800002B
:100140006DB800006DB800006DB800006DB800001B
:100150006DB800006DB800006DB800006DB800000B
:100160006DB8000089D400006DB800006DB80000C3
:100170006DB800006DB800006DB800006DB80000EB
:100180006DB800006DB800006DB800006DB80000DB
:100190006DB800006DB800006DB800006DB80000CB
:1001A0006DB800006DB800006DB800006DB80000BB
:1001B0006DB800006DB800006DB80000564B4CF2F1
:1001C000205210B51A804DF628121A8000BF00BFC9
:1001D0000BF050FB514B4FF010621A60504A9A607E
:1001E000504ADA60504A136813F4807304D14F49BF
:1001F0000B604FF4A85313604D4B1A78110703D5C9
:100200001A7842F008021A704A4B4B492A221A7097
:100210004A4A4B4B8B4204D252F8040F43F8040B6A
:10022000F8E7484B484900228B4202D243F8042B9E
:10023000FAE74649464A002352F8230041F82300D2
:1002400001336F2BF8D1434B434A802103F8011B44
:100250009342FBD1414B3D4A1A60414B8A221A70AE
:10026000A3F5805324225A70A0221A709A7992071B
:10027000FCD59A79D406FCD43A4A937903F00C035E
:10028000082B384BF9D103221A7140225A719A79FE
:100290009006FCD5334A9179324B4906FBD5324A58
:1002A000324911600221516020221A709A7902F0BD
:1002B0000C020C2AFAD12E4B2E4A1A602E4B2F4AD2
:1002C0001A6000225A60072243F8042C2C4AC3F813
:1002D0000C2D62B60BF084FD144B1B68DA0705D5B4
:1002E00028480BF061FB284B284A1A60284B1B78E2
:1002F0005B0609D5244C254B22689A4204D121483B
:100300000BF052FB0023236010F0C0FF0BF0B8FA93
:100310000EF0D0FBFEE700BF0E2005403080044009
:10032000823F04000100002B10D0034014D0034092
:1003300002D0074000E007406892FF1FCC71010027
:100340002087FF1F6892FF1F10BDFF1F0082FF1F45
:100350000000000000E400E05FE400E008ED00E0E1
:100360000050064000400640448004400000030165
:1003700004800440C010050014E000E0FF76010096
:1003800000002020620F36611CE00340A5C3945A90
:1003900000F00740FFFFFFFFFFFFFFFFFFFFFFFF32
:1003A000FFFFFFFFFFFFFFFFFFFFFFFFFFFFFFFF5D
:1003B000FFFFFFFFFFFFFFFFFFFFFFFFFFFFFFFF4D
:1003C000FFFFFFFFFFFFFFFFFFFFFFFFFFFFFFFF3D
:1003D000FFFFFFFFFFFFFFFFFFFFFFFFFFFFFFFF2D
:1003E000FFFFFFFFFFFFFFFFFFFFFFFFFFFFFFFF1D
:1003F000FFFFFFFFFFFFFFFFFFFFFFFFFFFFFFFF0D
:10040000FFFFFFFFFFFFFFFFFFFFFFFFDEF9FFFF23
:1004100010B5054C237833B9044B13B10448AFF33E
:1004200000800123237010BD6892FF1F00000000B0
:10043000C8710100084B10B51BB108490848AFF35B
:1004400000800848036803B910BD074B002BFBD0A0
:10045000BDE81040184700BF000000006C92FF1F6D
:10046000C87101006892FF1F00000000F0B400F1A5
:1004700014060F4F00243146031F00F12C0243F8ED
:10048000044FB34241F8047F4FF0000542F8044F97
:10049000F5D1084B084985640022C56405654565AA
:1004A000456683650366C16580F88420F0BC7047AB
:1004B0000000A040000048430000C8C200230360C1
:1004C00043608360C3600361436183640365436584
:1004D000836570472DE9F04190F8844084B0002393
:1004E00064008DF80530E4B2012380468DF80440A5
:1004F0008DF80630032720460CF0D2FD02210DF1C5
:1005000005000CF0D7FD8DF8044002F06DFD30B30E
:100510000921C9480DF026FE002310222146C748B4
:100520000EF040F90121C6480DF01CFE00231022F8
:100530009DF80510C1480EF035F90121C0480DF0B5
:1005400011FE002310229DF80610BC480EF02AF977
:100550000121BB480DF006FEB8480EF013F9022049
:100560008DF804400BF0EEFB02F03EFD002840F059
:10057000778102AE00240CF0D1FD002800F0268126
:10058000042C40F0158101E00CF0D8FD0CF0C6FD04
:100590000028F9D102F028FD10B1A8480EF0F2F8B9
:1005A00098F884406400E4B2202204238DF80440CB
:1005B0008DF805208DF80630032720460CF070FDDD
:1005C00002210DF105000CF075FD8DF8044002F0DC
:1005D0000BFD30B3092198480DF0C4FD0023102213
:1005E000214696480EF0DEF8012195480DF0BAFD3F
:1005F000002310229DF8051090480EF0D3F8012139
:100600008F480DF0AFFD002310229DF806108B4897
:100610000EF0C8F801218A480DF0A4FD87480EF0BD
:10062000B1F802208DF804400BF08CFB02F0DCFCEA
:10063000002840F00B8102AE00240CF06FFD002872
:1006400000F0A980072C40F0988001E00CF076FDC6
:100650000CF064FD0028F9D102F0C6FC10B1774817
:100660000EF090F898F884409DF80B209DF80C301F
:100670009DF80D00C8F870206400E4B29DF80E10DB
:10068000C8F87430332201238DF80440C8F878008C
:10069000C8F87C108DF805208DF806300327204619
:1006A0000CF0FEFC02210DF105000CF003FD8DF8AD
:1006B000044002F099FC30B309215F480DF052FD6F
:1006C0000023102221465D480EF06CF801215C48A1
:1006D0000DF048FD002310229DF8051057480EF03C
:1006E00061F8012156480DF03DFD002310229DF8D0
:1006F000061052480EF056F8012151480DF032FD17
:100700004E480EF03FF802208DF804400BF01AFB23
:1007100002F06AFC002840F09E8002AE00240CF03B
:10072000FDFCF8B1042C0FD101E00CF007FD0CF03A
:10073000F5FC0028F9D102F057FC10B13F480EF04B
:1007400021F804B0BDE8F0810CF0F8FC054606F88D
:10075000010B02F049FC00285AD101340CF0DEFCF8
:100760000028DFD1042CE2D002F03EFC00285ED14C
:10077000013FE6D09DF8044091E70CF0DFFC054610
:1007800006F8010B02F030FC60BB01340CF0C6FC33
:1007900000287FF457AF072C3FF45AAF02F024FC37
:1007A00000284FD1013F3FF45DAF9DF8044004E7BE
:1007B0000CF0C4FC054606F8010B02F015FCE0B98C
:1007C00001340CF0ABFC00287FF4DAAE042C3FF4CB
:1007D000DDAE02F009FC30BB013F3FF4E1AE9DF815
:1007E000044088E6E9B20023102214480DF0DAFF35
:1007F000012113480DF0B6FCC7E7E9B2002310222F
:100800000E480DF0CFFF01210D480DF0ABFCD7E7EE
:10081000E9B20023102209480DF0C4FF0121084865
:100820000DF0A0FC99E705480DF0ACFFD4E70348B4
:100830000DF0A8FF9CE700BF585401000888FF1F77
:10084000785A010009480DF09DFFABE707210848E1
:100850000DF088FCEFE6072105480DF083FC5CE70E
:10086000072103480DF07EFC83E600BF0888FF1FC8
:100870006454010090F87400704700BF90F8700055
:10088000704700BF90F87800704700BF90F87C0078
:10089000704700BF2DE9F04390F8848085B04FEA9F
:1008A00048085FFA88F8322200238DF804808DF81A
:1008B00005208DF8063003250DF1060748F00109E3
:1008C00048460CF0EDFB01AE0DF1050002210CF0E5
:1008D000F1FB8DF804904A4633460020504008242E
:1008E00010F0800F4FEA400018BF80F00700013C75
:1008F000C0B2F5D1BB4202D013F8012FEEE70CF0E5
:10090000CFFB02F071FB00284AD102208DF8048051
:100910000BF018FA02F068FB002840F081800DF11E
:10092000080800240CF0FAFB08B3042C12D101E0F3
:100930000CF004FC0CF0F2FB0028F9D102F054FB9F
:1009400010B13A480DF01EFF02200BF0FBF905B084
:10095000BDE8F0830CF0F2FB08F8010B064602F04C
:1009600043FB70B901340CF0D9FB0028DDD1042C15
:10097000E0D002F039FB78B9013DE5D09DF8048064
:100980009CE7F1B20023102228480DF00BFF012153
:1009900027480DF0E7FBE5E724480DF0F3FEEBE711
:1009A000092124480DF0DEFB2346102249461F484A
:1009B0000DF0F8FE01211E480DF0D4FB2346102255
:1009C0009DF8051019480DF0EDFE012118480DF0B5
:1009D000C9FB102223469DF8061014480DF0E2FED4
:1009E000012113480DF0BEFB21460DF1070216F858
:1009F000014B6140C9B2082311F0800F4FEA410159
:100A000018BF81F00701013BC9B2F5D1B242EED166
:100A1000102206480DF0C6FE04480DF0B3FE74E740
:100A2000072105480DF09EFB79E700BF0888FF1FEE
:100A3000785A010058540100645401002DE9F04F28
:100A4000074691B097F8843002205B008DF808309B
:100A50000BF078F997F8843038465B008DF8083051
:100A6000FFF738FDB86FFC6F7B6F3A6F97F8841013
:100A70008DE81100C94802F0BDFB30223D238DF8FE
:100A800009208DF80A3003260DF10A059DF808901B
:100A900049F0010840460CF003FB0DF1090002216A
:100AA0000CF008FB8DF80880424602AB0020504055
:100AB000082410F0800F4FEA400018BF80F00700B4
:100AC000013CC0B2F5D1AB4202D013F8012FEEE7E2
:100AD0000CF0E6FA02F088FA002840F07D8202204D
:100AE0008DF808900BF02EF902F07EFA002840F005
:100AF000B9820DF10C0AD14600240CF00FFB00283E
:100B000043D0032C34D101E00CF018FB0CF006FBB1
:100B10000028F9D102F068FA10B1A1480DF032FEB8
:100B2000312303268DF809308DF80A609DF808906E
:100B300049F0010840460CF0B3FA0DF1090002211A
:100B40000CF0B8FA8DF80880424602AB0020504005
:100B5000082410F0800F4FEA400018BF80F0070013
:100B6000013CC0B2F5D19D4228D013F8012FEEE729
:100B70000CF0E4FA09F8010B804602F035FA68B986
:100B800001340CF0CBFA0028BBD1032CBED002F00C
:100B90002BFA78B9013E7FF479AFC1E75FFA88F1AB
:100BA000002310227E480DF0FDFD01217D480DF04F
:100BB000D9FAE5E77A480DF0E5FDEBE70CF070FABD
:100BC00002F012FA002840F0C68102208DF8089049
:100BD0000BF0B8F802F008FA002840F03E820DF160
:100BE0000C0900240CF09AFA002844D0032C35D1CB
:100BF00001E00CF0A3FA0CF091FA0028F9D102F010
:100C0000F3F910B166480DF0BDFD342201238DF8D3
:100C100009208DF80A3003269DF8089049F0010854
:100C200040460CF03DFA0DF1090002210CF042FAA9
:100C30008DF80880424602AB00205040082410F096
:100C4000800F4FEA400018BF80F00700013CC0B29F
:100C5000F5D1AB4228D013F8012FEEE70CF06EFA75
:100C600009F8010B804602F0BFF968B901340CF0B5
:100C700055FA0028BAD1032CBDD002F0B5F978B9E5
:100C8000013E7FF453AFC0E75FFA88F100231022E2
:100C900043480DF087FD012142480DF063FAE5E776
:100CA0003F480DF06FFDEBE70CF0FAF902F09CF90C
:100CB000002840F00F8102208DF808900BF042F8D8
:100CC00002F092F9002840F0D7810DF10C090024C0
:100CD0000CF024FA002800F08580032C73D101E089
:100CE0000CF02CFA0CF01AFA0028F9D102F07CF979
:100CF00010B12B480DF046FD012212238DF809207A
:100D00008DF80A304FF003089DF8084020460CF09B
:100D1000C7F902210DF109000CF0CCF98DF808405B
:100D200002F062F930B309211F480DF01BFA0023CD
:100D3000102221461A480DF035FD012119480DF009
:100D400011FA002310229DF8091015480DF02AFD14
:100D5000012114480DF006FA002310229DF80A1014
:100D60000F480DF01FFD01210E480DF0FBF90C4856
:100D70000DF008FD06208DF808400AF0E3FF02F0B0
:100D800033F9002840F0738103AD00260CF0C6F95A
:100D9000002840D0162E30D10AE000BF6C5401006C
:100DA0000888FF1F785A0100585401000CF0C6F95A
:100DB0000CF0B4F90028F9D102F016F91626002833
:100DC0007DD1152035E00CF0B9F909F8010B80460A
:100DD00002F00AF900285BD101340CF09FF90028D9
:100DE0007FF47BAF032C3FF47DAF02F0FDF80028C9
:100DF0006CD1013E7FF410AF7EE70CF09FF905F84F
:100E0000010B044602F0F0F800284DD101360CF039
:100E100085F90028BED1162ECAD002F0E5F80028C8
:100E20004DD1B8F101087FF46FAF701E002840F378
:100E30003582002303AA1C4612F8011B08254C40EA
:100E400014F0800F4FEA440418BF84F00704013DFA
:100E5000E4B2F5D101338342EEDB9DF8218089486D
:100E60004146224602F0C6F9162EC146A34602D1DB
:100E7000A04500F0138197F884108348CDF800B0A6
:100E80004B46324602F0E4F9002011B0BDE8F08F85
:100E90005FFA88F1002310227C480DF083FC0121C9
:100EA0007B480DF05FF997E7E1B200231022774805
:100EB0000DF078FC012176480DF054F9A6E773484F
:100EC0000DF060FC162EACD11520B2E76F480DF086
:100ED00059FC8EE709216F480DF044F92346102292
:100EE00041466A480DF05EFC012169480DF03AF96F
:100EF000234610229DF8091064480DF053FC01218F
:100F000063480DF02FF9102223469DF80A105F4820
:100F10000DF048FC01215E480DF024F921460DF149
:100F20000B0002AA12F8014B6140C9B2082311F06C
:100F3000800F4FEA410118BF81F00701013BC9B2A0
:100F4000F5D19042EED1102250480DF02BFC4F48C5
:100F50000DF018FCAFE609214E480DF003F92346C9
:100F60001022414649480DF01DFC012148480DF072
:100F7000F9F8234610229DF8091044480DF012FCA0
:100F8000012143480DF0EEF8102223469DF80A1087
:100F90003E480DF007FC01213D480DF0E3F82146E5
:100FA0000DF10B0002AA12F8014B6140C9B20823EF
:100FB00011F0800F4FEA410118BF81F00701013B9A
:100FC000C9B2F5D19042EED1102230480DF0EAFBC3
:100FD0002E480DF0D7FBF8E509212E480DF0C2F898
:100FE00023461022414629480DF0DCFB0121284808
:100FF0000DF0B8F8234610229DF8091023480DF093
:10100000D1FB012122480DF0ADF8102223469DF8B6
:101010000A101E480DF0C6FB01211D480DF0A2F874
:1010200021460DF10B0002AA12F8014B6140C9B232
:10103000082311F0800F4FEA410118BF81F007012A
:10104000013BC9B2F5D19042EED110220F480DF00C
:10105000A9FB0E480DF096FB41E507210E480DF067
:1010600081F8BCE507210C480DF07CF841E507212B
:1010700009480DF077F887E6072107480DF072F868
:1010800023E600BFA0540100EC5401000888FF1FB4
:10109000785A010058540100645401009DF80C3046
:1010A00097F88420B3EB420F7FF4EEAE9DF80D303D
:1010B000012B7FF4E9AE9DF80E30122B7FF4E4AEE5
:1010C0009DF810309DF80F0003EB00200FF062FE3A
:1010D0008B490FF0B3FE796EF864044610F06AF89D
:1010E00000B17C66396E204610F046F800B13C66CF
:1010F0003D1FAB4607F1180807F130064FF0000915
:101100009AF806309AF8050003EB00200FF042FE33
:101110007C490FF093FE4BF8040FD8F800100446FA
:1011200010F02AF809F101090AF1020A30B1B96E8A
:10113000204610F035F808B1C8F800403168204664
:1011400010F038F808F1040800B13460B9F1060F66
:1011500006F10406D4D10020B86407F1140455F850
:10116000041F0FF063FDAC42F9D19DF81D209DF8DE
:101170001E30B86403EB022002300FF00BFE624910
:101180000FF010FF014661480FF00CFF60490FF0AF
:101190004BFD60490FF052FE05460DF0BDFE0446C2
:1011A00028460DF0B9FE5C490DF028FF5B49054665
:1011B00020460FF043FE5A490FF038FD59490446C6
:1011C00028460FF03BFE014620460FF02FFD01465A
:1011D0004FF07E500FF0E6FE53490FF025FD9DF8CD
:1011E0001F209DF82030386503EB022009300FF0F6
:1011F000D1FD4E490FF0D6FE014644480FF0D2FE15
:1012000043490FF011FD43490FF018FE05460DF05C
:1012100083FE044628460DF07FFE3F490DF0EEFEAA
:101220003E49054620460FF009FE3D490FF0FEFC01
:101230003C49044628460FF001FE014620460FF0C7
:10124000F5FC01464FF07E500FF0ACFE36490FF032
:10125000EBFCD7F8808078650446B8F1000F3BD1ED
:101260003D6D29462E460FF0A5FF68B32946B86D9F
:101270000FF0A0FFE0B1BD65B8F1000F17D008F185
:10128000130657F82640F96D20460FF093FF00B182
:10129000FC65274801F0AEFF0120F6E59DF821909E
:1012A000244849464246C34601F0A4FFE3E53E6DAB
:1012B000314620460FF07EFFC8B1F96D20460FF091
:1012C00079FF0028E4D1E4E7B96D20460FF054FF20
:1012D0000028EDD02546CEE708F11306B96D57F882
:1012E000265028460FF048FF0028C4D1C9E73146F0
:1012F000F86D0FF041FF0028CBD03446C8E700BF9F
:101300006B57053B2003C839001601470AD7E33F56
:10131000E17A644000007A4400004040A40D8F3917
:101320005A80473A46A6DB3333938843002C014763
:10133000C4540100A0540100052994BF50F82100B5
:10134000002070472DE9F0410B4E8046041F00F14C
:10135000140754F8045F314628460FF00DFF30B1F2
:10136000D8F8681028460FF025FF00B12E46BC4281
:10137000EFD13046BDE8F08100002041F8B50026ED
:10138000041F00F1140754F8045F314628460FF09B
:1013900011FF00B12E46BC42F5D13046F8BD00BF6A
:1013A0002DE9F047876E82464FF00009041F00F1D7
:1013B00014064FF0000854F8045F394628460FF031
:1013C000F9FE0D4950B128460FF0D6FE30B148461F
:1013D00029460FF02BFC08F101088146B442EAD1FE
:1013E000CAF8888040460FF0D5FC014648460FF009
:1013F000D9FDBDE8F08700BF00007042D0F888003A
:10140000704700BF38B5D0F8803043B9456D046DE2
:10141000294620460FF0B0FE30B1204638BD1333C8
:1014200050F82340204638BD2C46204638BD00BF2A
:1014300038B5D0F8803043B9446D056D2146284653
:101440000FF09AFE30B1204638BD133350F82340D8
:10145000204638BD2C46204638BD00BF08B5D0F820
:1014600080301BB1133350F8230008BD416D006D6F
:101470000FF0DCFB4FF07C510FF0E0FC08BD00BF2B
:10148000806C704701299ABF143150F82100002068
:10149000704700BF3E2998BF80F88410704700BF96
:1014A00090F86C00704700BFC0F88010704700BF14
:1014B00080F86C10704700BF8166704770B500F50A
:1014C0000A5506461C3500F1280420468C34FEF7E8
:1014D000CDFFAC42F9D106F1B40501242846002124
:1014E000FFF7E6FF214628460134FFF7D3FF3F2CE4
:1014F00005F18C05F2D142F2A42400250548064AE4
:10150000064B3555002130617161B261F36130469F
:1015100070BD00BF00007A44000048430000C8C20C
:1015200038B500F50A551C3500F1B40402E08C34DE
:10153000AC420AD02046FFF7B3FF0028F7D0204680
:101540008C34FEF7BBFFAC42F4D138BD2DE9F0413D
:1015500042F2A82300F50A56374600228046C250C0
:101560001C36283700F1B40402E08C34B4420DD0AC
:101570002046FFF795FF0028F7D020463D68FFF78B
:101580003DFF8C342844B4423860F1D142F2A823A4
:1015900058F80300BDE8F0812DE9F04F93B0814683
:1015A00042F2AC231046019201284FF0000206914E
:1015B00049F8032000F0038209F50A532C330793FE
:1015C00009F1B40A4FF0010B5046FFF769FFC0B1B3
:1015D00000263446012531465046D9F80870FFF7F9
:1015E000ABFE014638460FF0C7FD18B105FA06F309
:1015F0001C43E4B20136062EEDD1019B012B0AD02B
:10160000F4B90BF1010BBBF13F0F0AF18C0ADBD1EE
:1016100013B0BDE8F08F5946BD480DF003F9032122
:10162000BC480CF09FFD214600230222B8480DF073
:10163000B9F80321B8480CF095FD002C00F0188192
:101640004FEA4B03DBB21946029343F001039DF8C6
:10165000182003931D46184633238DF826208DF855
:1016600025308DF824100BF01BFD0DF12500022113
:101670000BF020FD09AA05928DF824502A4609ABEB
:101680000DF1260600205040082510F0800F4FEA8B
:10169000400018BF80F00700013DC0B2F5D19E4266
:1016A00002D013F8012FEEE70BF0FAFC01F09CFCDE
:1016B000002840F0EC809DF808308DF8243002209E
:1016C0000AF040FB01F090FC002840F06E810AAB6C
:1016D00004931F4600250BF021FD002844D01E2D49
:1016E00035D101E00BF02AFD0BF018FD0028F9D1EF
:1016F00001F07AFC00283DD1019B012B40D0039DD5
:101700009DF808208DF82420322328468DF82530B6
:101710008DF826400BF0C4FC0DF1250002210BF0E2
:10172000C9FC8DF8245009AB2A46002050400825FA
:1017300010F0800F4FEA400018BF80F00700013D15
:10174000C0B2F5D19E423BD013F8012FEEE70BF06B
:10175000F5FC07F8010B804601F046FC20BB013583
:101760000BF0DCFC0028BAD11E2DBDD001F03CFCF2
:101770000028C1D066480DF005F8019B012BBED1B1
:10178000049D0BAF15F8011B6148002310220DF0DA
:1017900009F8012161480CF0E5FCAF42F2D10321C8
:1017A0005D480CF0DFFCAAE75FFA88F10023102205
:1017B00057480CF0F7FF012159480CF0D3FCCEE755
:1017C0000BF06EFC01F010FC002840F0AD809DF89D
:1017D00008308DF8243002200AF0B4FA01F004FC3D
:1017E000002840F0E780049E00250BF097FC00B332
:1017F0001E2D11D101E00BF0A1FC0BF08FFC002895
:10180000F9D101F0F1FBD0B9019B012B1DD0079A52
:1018100013681C441460F4E60BF090FC06F8010B0E
:10182000074601F0E1FB38BB01350BF077FC0028DF
:10183000DED11E2DE1D001F0D7FB0028E4D03448E2
:101840000CF0A0FF019B012BE1D1049E0BAD16F81B
:10185000011B2F48002310220CF0A4FF01212F4868
:101860000CF080FCAE42F2D1079A13682344136057
:1018700027480CF087FFC4E6F9B200231022244861
:101880000CF090FF012126480CF06CFCCCE70921FC
:1018900024480CF067FC2B46102203991C480CF0DE
:1018A00081FF01211E480CF05DFC2B4610229DF8A3
:1018B000251017480CF076FF012119480CF052FC56
:1018C00010222B469DF8261011480CF06BFF0121C9
:1018D00013480CF047FC29460DF1270009AA12F81D
:1018E000013B5940C9B2082311F0800F4FEA410172
:1018F00018BF81F00701013BC9B2F5D19042EED18A
:10190000102203480CF04EFF01480CF03BFFD2E6DA
:101910000888FF1F3C550100405501004455010057
:10192000785A010058540100092127480CF01AFC8C
:101930002B461022039925480CF034FF012124483E
:101940000CF010FC2B4610229DF825101F480CF0BF
:1019500029FF01211E480CF005FC10222B469DF8A2
:1019600026101A480CF01EFF012119480CF0FAFB52
:10197000059829460DF1270210F8013B5940C9B2DC
:10198000082311F0800F4FEA410118BF81F00701D1
:10199000013BC9B2F5D18242EED110220B480CF0C6
:1019A00001FF0A480CF0EEFE11E7072109480CF090
:1019B000D9FB8CE6072107480CF0D4FB13E703485A
:1019C0000CF0E0FEF8E500BF585401000888FF1F46
:1019D000785A0100645401002DE9F04F824685B029
:1019E0004FF0000901238DF800908DF801908DF8DB
:1019F00002304FF00308002420460BF051FB022177
:101A00000DF101000BF056FB8DF8004001F0ECFAEF
:101A100030B30921B5480CF0A5FB00231022214664
:101A2000B3480CF0BFFE0121B2480CF09BFB002331
:101A300010229DF80110AE480CF0B4FE0121AD4813
:101A40000CF090FB002310229DF80210A8480CF027
:101A5000A9FE0121A7480CF085FBA5480CF092FED9
:101A600002208DF800400AF06DF901F0BDFA00285F
:101A700040F0898001AF3E4600240BF04FFB002868
:101A800067D0042C58D101E00BF058FB0BF046FB5B
:101A90000028F9D101F0A8FA10B195480CF072FEB7
:101AA0009DF80430802B40F01E819DF80530002BFE
:101AB00040F019819DF80640012C40F014818E48B9
:101AC00001F098FB0AF1B406254604E001353F2DEC
:101AD00006F18C0686D03046FFF7E2FC83460028EC
:101AE000F4D13B2265F07F0301208DF801208DF8B1
:101AF00002308DF800B00BF0D3FA0DF10100022195
:101B00000BF0D8FA01228DF80020E84658466B46C3
:101B10000DF102026040C0B2082410F0800F4FEABD
:101B2000400018BF80F00700013CC0B2F5D19342DD
:101B30002ED013F8014FEDE70BF000FB06F8010B78
:101B4000054601F051FA98B901340BF0E7FA002884
:101B500097D1042C9AD001F047FA10B164480CF0E8
:101B600011FEB8F1010800F0BE809DF8004043E787
:101B7000E9B2002310225E480CF014FE01215D48FA
:101B80000CF0F0FAE0E707215C480CF0EBFA71E7A3
:101B90000BF086FA01F028FA00285AD103208DF8BC
:101BA00000900AF0CFF801F01FFA002840F096806C
:101BB00000240BF0B3FAB0B30A2C27D101E00BF0EC
:101BC000BDFA0BF0ABFA0028F9D101F00DFA0028AC
:101BD0007FD19DF80430812B7FF404AF9DF8053050
:101BE0003B2B7FF4FFAE9DF806308035AB427FF48F
:101BF000F9AE30460121FFF75BFC0AF50A53404875
:101C00001A6A01321A6201F0F5FAEBE60BF096FA65
:101C100007F8010B804601F0E7F970B901340BF0C9
:101C20007DFA0028C8D10A2CCBD001F0DDF90028BC
:101C300050D1022C7FF7D6AECBE75FFA88F10023B4
:101C400010222B480CF0AEFD01212A480CF08AFA34
:101C5000E4E7092125480CF085FA234610220121EA
:101C600023480CF09FFD012122480CF07BFA23460B
:101C700010229DF801101E480CF094FD01211D4812
:101C80000CF070FA102223469DF8021018480CF050
:101C900089FD012117480CF065FA21460DF1030278
:101CA00018F8014B6140C9B2082311F0800F4FEAC8
:101CB000410118BF81F00701013BC9B2F5D142458E
:101CC000EED110220A480CF06DFD09480CF05AFDC7
:101CD00064E70A2406480CF055FDAAE707210748E7
:101CE0000CF040FA64E705B0BDE8F08F58540100ED
:101CF0000888FF1F785A010048550100645401000C
:101D0000545501002DE9F04742F2A02284B000238F
:101D10000127835082468DF804308DF8053000F19C
:101D2000B4088DF806704FEA47095FFA89F400217C
:101D30004046FFF7BDFB20468DF804400BF0B0F99C
:101D400002210DF105000BF0B5F98DF8044001F00A
:101D50004BF930B3092149480CF004FA0023102252
:101D6000214647480CF01EFD012146480CF0FAF9C7
:101D7000002310229DF8051041480CF013FD0121AD
:101D800040480CF0EFF9002310229DF806103C4863
:101D90000CF008FD01213B480CF0E4F938480CF048
:101DA000F1FC14208DF8044009F0CCFF01F01CF97F
:101DB00000285DD102AE00240BF0B0F940B3082C2E
:101DC00019D101E00BF0BAF90BF0A8F90028F9D10C
:101DD00001F00AF9002846D19DF808304B4522D081
:101DE0000137052009F0AEFF3F2F08F18C089AD18A
:101DF00004B0BDE8F0870BF0A1F9054606F8010B29
:101E000001F0F2F820BB01340BF088F90028D6D19C
:101E1000082CD9D001F0E8F830BB042CE0DD9DF8A7
:101E200008304B45DCD19DF80930002BD8D19DF806
:101E30000A100129D4D19DF80C30002BD0D0404697
:101E4000FFF736FB0AF50A531A6A01321A62C7E72E
:101E5000E9B2002310220A480CF0A4FC0121094831
:101E60000CF080F9CFE7082405480CF08BFCD4E790
:101E7000072105480CF076F99CE700BF5854010093
:101E80000888FF1F785A0100645401002DE9F047CB
:101E900000F50A56354684B080461C36203500F1E0
:101EA000B4040027204600218C34FFF701FBB44224
:101EB0002F60F7D102270DF106064FF07F093C2273
:101EC000A5237E217F208DF805208DF806308DF822
:101ED000041001AD0BF0E4F80DF1050002210BF048
:101EE000E9F88DF804902B467F220020504008240A
:101EF00010F0800F4FEA400018BF80F00700013C4F
:101F0000C0B2F5D1B34202D013F8012FEEE70BF0C7
:101F1000C7F801F069F800285AD17E2364208DF8B3
:101F2000043009F00FFF01F05FF8002840F09080C6
:101F30000DF1080A00240BF0F1F820B3082C15D19C
:101F400001E00BF0FBF80BF0E9F80028F9D101F003
:101F50004BF8F0B99DF808307F2B21D0013FAED16E
:101F60004046FFF739FD04B0BDE8F0870BF0E6F816
:101F700005460AF8010B01F037F8F0B901340BF00F
:101F8000CDF80028DAD1082CDDD001F02DF800289A
:101F9000E0D032480CF0F6FB9DF808307F2BDDD105
:101FA0009DF809303C2BD9D19DF80A30A52BD5D10D
:101FB0009DF80B30572BD1D1D2E7E9B20023102284
:101FC00026480CF0EFFB012125480CF0CBF8D5E7B3
:101FD000092124480CF0C6F8234610227F211F480F
:101FE0000CF0E0FB01211E480CF0BCF82346102247
:101FF0009DF8051019480CF0D5FB012118480CF08C
:10200000B1F8102223469DF8061014480CF0CAFBC4
:10201000012113480CF0A6F821460DF1070215F82E
:10202000014B6140C9B2082311F0800F4FEA410112
:1020300018BF81F00701013BC9B2F5D1AA42EED128
:10204000102206480CF0AEFB04480CF09BFB64E742
:10205000072105480CF086F86AE700BF0888FF1FD3
:10206000785A010058540100645401002DE9F043EE
:1020700085B04FF07F082022FF2381468DF8048031
:102080008DF805208DF8063003260DF1060548F081
:10209000010738460BF004F80DF1050002210BF0A2
:1020A00009F88DF804703A4601AB0020504008242E
:1020B00010F0800F4FEA400018BF80F00700013C8D
:1020C000C0B2F5D1AB4202D013F8012FEEE70AF00F
:1020D000E7FF00F089FF002840F0768202208DF8AB
:1020E000048009F02FFE00F07FFF002840F0B2824C
:1020F0000DF1080800240BF011F8002843D0042C3F
:1021000034D101E00BF01AF80BF008F80028F9D1EF
:1021100000F06AFF10B1C1480CF034FB4FF07F08AB
:1021200000238DF804808DF80630032648F001075F
:1021300038460AF0B5FF0DF1050002210AF0BAFF9A
:102140008DF804703A4601AB00205040082410F08E
:10215000800F4FEA400018BF80F00700013CC0B27A
:10216000F5D1AB4228D013F8012FEEE70AF0E6FFD5
:1021700008F8010B074600F037FF70B901340AF088
:10218000CDFF0028BBD1042CBED000F02DFF78B9C4
:10219000013EC3D09DF8048079E7F9B200231022F4
:1021A0009E480CF0FFFA01219D480BF0DBFFE5E7AC
:1021B0009A480CF0E7FAEBE70AF072FF00F014FF20
:1021C000002840F0C08102208DF8048009F0BAFD9B
:1021D00000F00AFF002840F038820DF108080024C2
:1021E0000AF09CFF002846D0042C37D101E00AF009
:1021F000A5FF0AF093FF0028F9D100F0F5FE10B119
:1022000086480CF0BFFA4FF07F082122FF238DF89B
:1022100004808DF805208DF80630032648F001076C
:1022200038460AF03DFF0DF1050002210AF042FF99
:102230008DF804703A4601AB00205040082410F09D
:10224000800F4FEA400018BF80F00700013CC0B289
:10225000F5D19D4228D013F8012FEEE70AF06EFF6A
:1022600008F8010B074600F0BFFE70B901340AF010
:1022700055FF0028B8D1042CBBD000F0B5FE78B9CA
:10228000013EC0D09DF8048050E7F9B2002310222F
:1022900062480CF087FA012161480BF063FFE5E723
:1022A0005E480CF06FFAEBE70AF0FAFE00F09CFED5
:1022B000002840F0078102208DF8048009F042FDDB
:1022C00000F092FE002840F0CF810DF108080024B4
:1022D0000AF024FF002843D0042C34D101E00AF096
:1022E0002DFF0AF01BFF0028F9D100F07DFE10B190
:1022F0004A480CF047FA4FF07F0800238DF804801D
:102300008DF80630032648F0010738460AF0C8FE6B
:102310000DF1050002210AF0CDFE8DF804703A4659
:1023200001AB00205040082410F0800F4FEA40001D
:1023300018BF80F00700013CC0B2F5D19D4228D003
:1023400013F8012FEEE70AF0F9FE08F8010B074633
:1023500000F04AFE70B901340AF0E0FE0028BBD15B
:10236000042CBED000F040FE78B9013EC3D09DF8E9
:10237000048053E7F9B20023102228480CF012FA27
:10238000012127480BF0EEFEE5E724480CF0FAF9AE
:10239000EBE70AF085FE00F027FE002851D102206D
:1023A0008DF8048009F0CEFC00F01EFE002840F0FD
:1023B00056810DF1080800240AF0B0FE18B3042C71
:1023C00014D101E00AF0BAFE0AF0A8FE0028F9D103
:1023D00000F00AFE10B111480CF0D4F942F2A42327
:1023E000002209F8032005B0BDE8F0830AF0A6FE3C
:1023F00008F8010B074600F0F7FD98B901340AF020
:102400008DFE0028DBD1042CDED000F0EDFDA0B95C
:10241000013EE3D09DF8048075E700BF0888FF1FE8
:10242000785A0100F9B20023102292480CF0BAF950
:10243000012191480BF096FEE0E78E480CF0A2F9DE
:10244000E6E709218D480BF08DFE23461022394620
:1024500088480CF0A7F9012187480BF083FE23463A
:1024600010229DF8051083480CF09CF90121824848
:102470000BF078FE102223469DF806107D480CF0E4
:1024800091F901217C480BF06DFE21460DF107000A
:1024900001AA12F8014B6140C9B2082311F0800F64
:1024A0004FEA410118BF81F00701013BC9B2F5D1E4
:1024B0009042EED110226F480CF074F96D480CF088
:1024C00061F96CE709216D480BF04CFE23461022A0
:1024D000394668480CF066F9012167480BF042FE66
:1024E000234610229DF8051062480CF05BF901218B
:1024F00061480BF037FE102223469DF806105D4818
:102500000CF050F901215C480BF02CFE21460DF136
:10251000070001AA12F8014B6140C9B2082311F06B
:10252000800F4FEA410118BF81F00701013BC9B29A
:10253000F5D19042EED110224E480CF033F94D48BF
:102540000CF020F9B7E609214C480BF00BFE2346AE
:102550001022394647480CF025F9012146480BF076
:1025600001FE234610229DF8051042480CF01AF98E
:10257000012141480BF0F6FD102223469DF806107C
:102580003C480CF00FF901213B480BF0EBFD2146D4
:102590000DF1070001AA12F8014B6140C9B20823EE
:1025A00011F0800F4FEA410118BF81F00701013B94
:1025B000C9B2F5D19042EED110222E480CF0F2F8BB
:1025C0002C480CF0DFF8FEE509212C480BF0CAFD81
:1025D00023461022394627480CF0E4F8012126480A
:1025E0000BF0C0FD234610229DF8051021480CF089
:1025F000D9F8012120480BF0B5FD102223469DF8A3
:1026000006101C480CF0CEF801211B480BF0AAFD67
:1026100021460DF1070001AA12F8014B6140C9B231
:10262000082311F0800F4FEA410118BF81F0070124
:10263000013BC9B2F5D19042EED110220D480CF009
:10264000B1F80C480CF09EF848E507210C480BF057
:1026500089FDC2E507210A480BF084FD48E5072102
:1026600007480BF07FFDA4E6072105480BF07AFD33
:102670002BE600BF0888FF1F785A0100585401005C
:102680006454010038B500F50A551C3500F1B40456
:1026900002E08C34AC420AD02046FEF701FF00284D
:1026A000F7D020468C34FEF7F5F8AC42F4D138BDB3
:1026B0002DE9F04F00218C4A8C4B016000F1B405EC
:1026C00000F50A5783B08246426203622C461C37EB
:1026D00002E08C34BC420AD02046FEF7E1FE00281E
:1026E000F7D020468C34FEF7D5F8BC42F4D1C82090
:1026F00009F028FB2C46012604E001363F2E04F1A8
:102700008C046ED02046FEF7CBFE0028F5D078482A
:1027100000F070FD3146774800F06CFD2046FEF772
:102720008DF92046FEF7ACFE0DF0DEFE02460B46AC
:10273000714800F05FFD2046FEF704FE804620460B
:10274000FEF71CFE834640460DF0CEFE80465846FE
:1027500089460DF0C9FE42464B46CDE90001674867
:1027600000F048FD00212046FEF78CFE0121804646
:102770002046FEF787FE834640460DF0B5FE8046B4
:10278000584689460DF0B0FE42464B46CDE9000161
:102790005B4800F02FFD2046FEF772FE0146DAF896
:1027A00000000EF043FACAF800002046FEF72AFEA9
:1027B000DAF818100EF0E0FC00287BD12046FEF776
:1027C00037FEDAF81C100EF0F5FC002895D02046F4
:1027D000FEF72EFE01363F2ECAF81C0004F18C04D1
:1027E00090D1DAF804000EF0D5FA0146DAF80000CC
:1027F0000EF0D8FBDAF81410CAF8000004460EF008
:10280000D9FC08B1CAF81440DAF8101020460EF0CE
:10281000B3FC08B1CAF810400B2009F05DFA42F28F
:10282000A4231AF8033000284AD1002B58D042F2D2
:10283000A42301220AF803200023CAF80C302C46F6
:1028400002E08C34BC4215D02046FEF729FE002859
:10285000F7D02046FEF792FDDAF80C100EF0AAFC35
:102860000028EED02046FEF789FD8C34BC42CAF821
:102870000C00E9D1234BCAF8083002E08C35BD4288
:1028800015D02846FEF70CFE0028F7D02846FEF7A4
:1028900059FDDAF808100EF06FFC0028EED028463B
:1028A000FEF750FD8C35BD42CAF80800E9D103B0EF
:1028B000BDE8F08F2046FEF7A5FDCAF818007DE7B9
:1028C0002BB942F2A42300220AF80320B4E70E48F1
:1028D00000F0A8FC42F2A42300220AF80320ABE790
:1028E0000A4800F0B5FCA2E700C0794400C079C4F2
:1028F000A85C010068550100A4550100B85501000D
:10290000E45501000000A0403856010000560100C7
:1029100042F2AC23C058704780687047C068704767
:102920000068704741607047F8B500F50A550F46DA
:1029300016461C3500F1B40402E08C34AC420FD0D2
:102940002046FEF7ADFD0028F7D020463946FEF7B9
:10295000ABFD204631468C34FEF7AEFDAC42EFD1E4
:10296000F8BD00BF2DE9F041274A284B426200F52F
:102970000A5507464FF0000803621C3500F1B40405
:10298000002602E08C34A54210D02046FEF788FDD8
:102990000028F7D02046FEF761FD1D490EF00AFC25
:1029A00080B98C34A54206F10106EED142F2A02393
:1029B000F858801B0EF0EEF9014640460EF0F2FA90
:1029C000BDE8F0812046FEF749FD014640460EF085
:1029D0002DF980462046FEF741FD396A0EF0EAFBEC
:1029E00060B92046FEF73AFD796A0EF0C5FB002873
:1029F000C8D02046FEF732FD7862C3E72046FEF7D6
:102A00002DFD3862EDE700BF00C0794400C079C4F5
:102A100000008CC2006A7047406A7047F8B500F544
:102A20000A55074600261C3500F1B40402E08C3438
:102A3000AC420FD02046FEF733FD0028F7D02046E9
:102A4000FEF7AEFC014630460EF0F0F88C34AC4296
:102A50000646EFD142F2A023F8580EF09BF901464A
:102A600030460EF09FFAF8BD2DE9F04F91B00446C4
:102A7000B8480F9100F066FBB64800F063FB42F2E5
:102A8000A026B44800F05EFB2046A559FEF75EFD87
:102A900081462068D4F804B00DF026FDCDE90C0184
:102AA0002046FFF7BBFF82462046A768D4F80C807B
:102AB000FFF758FF0DF018FDCDE90A0139464046F1
:102AC0000EF0B2F8A4490EF0B9F90DF00DFDCDE904
:102AD000080140460DF008FDCDE9060138460DF02D
:102AE00003FDCDE9040150460DF0FEFCDDE90C23A9
:102AF000CDE90201CDE9002329465B464A469748C5
:102B000000F020FB934800F01DFB0921944809F0D8
:102B100001FCA15993480BF085FE0A21924809F067
:102B2000F9FB2046FEF712FD01468E480BF07AFEB7
:102B30008C480BF027FE20680DF0D6FC03260246D9
:102B40000B46009687480BF077FE0121874809F075
:102B5000E1FB84480BF016FE2046FFF75FFF0DF007
:102B6000C3FC009602460B467E480BF065FE04212E
:102B70007F4809F0CFFBA0680DF0B6FC0096024636
:102B80000B4678480BF058FE04217A4809F0C2FB46
:102B9000E0680DF0A9FC009602460B4671480BF068
:102BA0004BFE0421724809F0B5FBA168E0680EF005
:102BB0003BF869490EF042F90DF096FC00270246F9
:102BC0000B46009767480BF037FE02216A4809F070
:102BD000A1FB64480BF0D6FD0A21684809F09AFB76
:102BE0002046FFF7BFFE0DF07FFC009602460B4625
:102BF0005C480BF021FE0121614809F08BFB59482C
:102C00000BF0C0FDBA46B4344FF00108DDF83CB01B
:102C100007E008F10108B8F13F0F04F18C0400F05F
:102C200091802046FEF73CFC0028F2D02046FDF7BC
:102C300021FE2046FDF722FE2046FDF723FE20461A
:102C4000FDF724FE08214F480BF08CFA41464E4810
:102C50000BF0E8FDB8F1090F77DD02214B480BF0CE
:102C600081FA2046FEF70CFC0DF03EFC5FFA8BF972
:102C700002460B46CDF8009043480BF0DDFD0121E4
:102C80003A480BF06FFA5646002520E006214048EE
:102C90000BF068FA31463C480BF0C4FD02213D4878
:102CA0000BF060FA29462046FEF746FB0DF01CFCAF
:102CB000CDF8009002460B4633480BF0BDFD0135C0
:102CC00001212A480BF04EFA062D09D03E46092E66
:102CD00006F10107DADC01212F480BF043FAD5E7B2
:102CE00011212E480BF03EFA00212046FEF7CAFBC8
:102CF0000DF0FAFB022502460B46009522480BF028
:102D00009BFD122126480BF02DFA01212046FEF7EB
:102D1000B9FB0DF0E9FB009502460B461A480BF093
:102D20008BFD012116480BF01DFA08F10108164829
:102D30000BF028FDB8F13F0F0AF1060A04F18C04EC
:102D40007FF46FAF11B0BDE8F08F012112480BF096
:102D500009FA82E7A85C010000007A44E05801000B
:102D600080590100C887FF1F8C5901009859010044
:102D70009C590100A4590100AC590100B05901004F
:102D8000BC590100C05901000888FF1FEC68010010
:102D9000CC590100685A0100785A0100D459010049
:102DA000E85901002DE9F04F85B000F1B4058A46DD
:102DB00003929B462E464FF0010806E008F10108F9
:102DC000B8F13F0F06F18C067BD03046FEF768FB6A
:102DD0000028F3D000230A2251467D480BF0E2FC84
:102DE00001217C480BF0BEF903980DF07DFB002318
:102DF0000246009376480B460BF01EFD01217548F4
:102E00000BF0B0F9594672480BF00CFD01217148E6
:102E10000BF0A8F941466E480BF004FD01216D4806
:102E20000BF0A0F900244FF0020921463046FEF7CE
:102E300083FA0DF059FBCDF8009002460B4664482A
:102E40000BF0FAFC0134012162480BF08BF9082CDD
:102E50004FF00207E9D100213046FEF713FB0DF0D9
:102E600043FB009702460B4659480BF0E5FC012155
:102E700058480BF077F901213046FEF703FB0DF0BF
:102E800033FB009702460B4651480BF0D5FC01215D
:102E900050480BF067F939463046FEF7F3FA0DF06B
:102EA00023FB009702460B4649480BF0C5FC08F18E
:102EB000010847480BF066FCB8F13F0F06F18C069D
:102EC00083D101274FF0000904E001373F2F05F1BE
:102ED0008C0579D02846FEF7E3FA0028F5D00023C8
:102EE0000A2251463C480BF05DFC0121394809F0AB
:102EF000BDFD03980DF0F8FACDF8009002460B46A0
:102F000035480BF099FC0121324809F0AFFD5946D4
:102F100031480BF087FC01212E4809F0A7FD394606
:102F20002D480BF07FFC01212A4809F09FFD002469
:102F30004FF0020821462846FEF7FEF90DF0D4FABC
:102F4000CDF8008002460B4623480BF075FC013497
:102F50000121204809F08AFD082C4FF00206E9D132
:102F600000212846FEF78EFA0DF0BEFA00960246C2
:102F70000B4619480BF060FC0121164809F076FD5C
:102F800001212846FEF77EFA0DF0AEFA00960246C1
:102F90000B4611480BF050FC01210E4809F066FD6C
:102FA00031462846FEF76EFA0DF09EFA009602466C
:102FB0000B4609480BF040FC013707480BF0E2FBD9
:102FC0003F2F05F18C0585D105B0BDE8F08F00BF1E
:102FD0000888FF1FFC590100DC87FF1F014B187098
:102FE000704700BF2087FF1F024B1878B0FA80F0AF
:102FF000400970472087FF1F0278002A00F0908068
:1030000070B5034682B00D46252A2AD158785C1C3B
:1030100008B325282FD0732831D0642824D06928FC
:1030200022D066284FD07A2859D0782835D0582811
:103030002FD062283ED0422838D06C2814D0632884
:1030400012D0742857D054285FD00BF00FF9627853
:10305000631C002AD8D1344802B0BDE870400BF0A0
:1030600091BB18781C46F0E72B1D29682E481D4699
:103070000BF0D8FBEBE710460BF0F8F8E7E72E680B
:1030800030460EF0FDFE0146304604350BF06AF87E
:10309000DDE7022125480BF065F82E1D296822483E
:1030A0000023102235460BF07DFBD0E7022120489B
:1030B0000BF058F82E1D29681B48002302223546C4
:1030C0000BF070FBC3E7073525F007050321D5E9B1
:1030D00000231548009108350BF0AEFBB7E7073524
:1030E00025F007050021D5E900230F480091083598
:1030F0000BF0A2FBABE7296801290EBF0D480E4873
:10310000012104350BF02EF8A1E72B68012B07BF36
:1031100004210A480A48052104350BF023F896E7F4
:1031200001480BF02FBB00BF0888FF1F005A0100A9
:10313000045A0100085A01000C5A0100105A0100FB
:10314000185A01000FB400B583B004A951F8040B5C
:103150000191FFF751FF03B05DF804EB04B0704735
:1031600070B51B4B1B4C1B6882B00D460193019B35
:103170002360194604460023164617480A220BF01E
:1031800011FB032115480AF0EDFF032C07D8DFE8F7
:1031900004F01A151002052111480AF0E3FF02217C
:1031A00010480AF0DFFF31462846FFF725FF02B03E
:1031B00070BD07210C480AF0D5FFF0E704210B4849
:1031C0000AF0D0FFEBE7052109480AF0CBFFE6E75C
:1031D00010BAFF1F8492FF1F0888FF1F3C55010093
:1031E000385A0100685A0100305A0100285A01007B
:1031F000205A01000FB400B5094B187883B020B1F4
:1032000003B05DF804EB04B0704705AB1A460499AF
:103210000193FFF7A5FF03B05DF804EB04B070471E
:103220002087FF1F0FB4094B00B51B78012B83B01B
:1032300004D903B05DF804EB04B0704705AB1A463F
:10324000049901930120FFF78BFFF2E72087FF1F0E
:103250000FB40B4B00B51B78032B83B004D903B01C
:103260005DF804EB04B0704705AB1A46049901936E
:103270000320FFF775FF03B05DF804EB04B070475F
:103280002087FF1F30B4074D074C084900232B70DF
:10329000236003654365836580F85C300B6030BC58
:1032A000704700BF9092FF1F8C92FF1F8892FF1FF4
:1032B0000A4A0B49D06D936D03FB00F34FF47A700B
:1032C00000FB03F0642310B50B600DF063FD0549AE
:1032D000054C0DF067FE206010BD00BF9893FF1FE6
:1032E0004087FF1FE4388E3E5893FF1F10B5074CF0
:1032F00020460BF047FA064B204619680BF092FA6D
:1033000003210448BDE810400AF02CBF0888FF1FC5
:103310000C95FF1F405A010038B5044608460D467B
:103320000EF0AEFD2368024629465B6820469847AA
:10333000054620460BF026FA284438BD2DE9F8430F
:103340004C484D4C4D4E4E4F4E4DFFF7FBFE4E4BF5
:103350004E4A5A6014224E494E481A70DC604E4A5A
:103360001E6100244D4E9F61DD624D4F4D4D9962AF
:10337000D8614FF07C514C481A635C630C224B4C73
:103380009E63DF634A4E1D6596274A4D9964D86453
:10339000022101205A655C6200223224C3F8C46015
:1033A000A3F8627064264FF496771D625D611D6418
:1033B0004FF41675597059721872986583F8442045
:1033C000C3F8A440A3F86440DE65A3F86670A3F8D0
:1033D0006070A3F8CC50D967C3F8B8104FF47A7175
:1033E00040F61C49A3F8D0504FF00A089A67C3F87A
:1033F0008000C3F88420C3F88C40C3F8AC4041F28D
:10340000040CC3F8A820C3F8B4004FF05A0EC3F858
:10341000BC60294F83F8C92083F8CA20274EC3F81F
:10342000901041F2883240F2D66144F62065FF24C4
:103430000520C3F86890C3F86C80C3F870C0C3F867
:1034400074E0C3F89470C3F89860C3F89C50C3F854
:10345000B040A3F8C200A3F8CE20A3F8D220C3F84E
:103460008820A3F8C020A3F8A010A3F8A210BDE8FC
:10347000F88300BF445A0100666686400000404061
:1034800033338340000082429893FF1F20A107003E
:10349000CDCCCC3DCDCC4C40000020C10000204222
:1034A0000000A0400AD7233D9A99794033337340F6
:1034B0009A99993ECDCC4C3E0000114400F0C8458D
:1034C00070B5464C464D4748E66800232B70FFF721
:1034D00025FA014630460DF04FFE08B104232B704B
:1034E0004048FFF719FA21690DF046FE18B12B7814
:1034F00043F010032B703B48FFF78CFAE16A0DF0A4
:1035000059FE18B12B7843F040032B700023354847
:103510006B70FFF781FA216B314E0DF02DFE08B173
:103520000123737000232F48EB70FFF7F7F905466E
:103530002C482B4EFFF7F0F9014628460DF074FB9E
:10354000216C0DF037FE08B10123F370264D25489C
:1035500000232B70FFF7E2F9A16A0646E0680DF040
:1035600063FB014630460DF025FE08B104232B70A5
:103570001C48FFF7D1F9A16A064620690DF056FBF9
:10358000014630460DF0F8FD18B12B7843F01003DA
:103590002B701448FFF73EFAE16B0646E06A0DF027
:1035A00043FB014630460DF005FE18B12B7843F081
:1035B00040032B7000230B486B70FFF72DFAE16B73
:1035C0000546206B084C0DF031FB014628460DF0F6
:1035D000D3FD08B10123637070BD00BF9893FF1F36
:1035E0009493FF1FB895FF1F0895FF1F2DE9F04327
:1035F000A14C2368012B83B02FD0022B5ED0032B6C
:103600007ED03BBB9D4B9E4AD3F8AC10D3F8B03074
:1036100012685B1A632B0EDD9A4803FB02F380FBF2
:103620000302DB17C3EB62131944062003B0BDE8A5
:10363000F04308F0CBB9944803FB022380FB03025C
:10364000DB17C3EB22121144062003B0BDE8F043A0
:1036500008F0BCB903B0BDE8F0838C4E33680A3380
:10366000B3F57A7F6EDC184633600DF093FB884922
:103670000DF0E4FB8046814DD5F8AC000DF08AFBDF
:103680000746D5F8B0000DF085FB39460DF0CCFAB1
:1036900041460DF0D3FB7F490DF084FC39460DF017
:1036A000C5FA0DF0A7FD0146062008F08FF97A4B08
:1036B0001B68002B4BD12368022BA0D1734B6F4E9C
:1036C00000221A60D6F8AC000DF064FB0546D6F86F
:1036D000B0000DF05FFB29460DF0A6FA00210DF0B9
:1036E000ADFB6C490DF05EFC29460DF09FFA0DF024
:1036F00081FD0146062008F069F92368032B80D17B
:10370000624B5E4E4FF47A721A60D6F8AC000DF040
:1037100041FB0546D6F8B0000DF03CFB29460DF004
:1037200083FA5C490DF08AFB5A490DF03BFC2946AF
:103730000DF07CFA0DF05EFD0146062008F046F91A
:1037400023685EE700234FF00008336093E702210F
:1037500052480AF007FD52480BF014F80621514870
:103760000AF000FD30680DF015FB49490DF066FBCD
:103770000CF0BAFE022702460B46009748480BF0B1
:103780005BF80D2148480AF0EDFCD5F8AC000DF0CF
:1037900001FB804630680DF0FDFA3D490DF04EFB0F
:1037A0008146D5F8B0000DF0F5FA41460DF03CFA2F
:1037B000014648460DF042FB36490DF0F3FB414609
:1037C0000DF034FA0CF090FE009702460B46344898
:1037D0000BF032F8394631480AF0C4FC30480AF0A0
:1037E000D1FF39462D4808F095FD30480AF0CAFF50
:1037F00006212C4808F08EFD30680DF0CBFA2449E4
:103800000DF01CFB0CF070FE009702460B4627489B
:103810000BF012F80D21244808F07CFDD5F8AC001F
:103820000DF0B8FA804630680DF0B4FA18490DF082
:1038300005FB0646D5F8B0000DF0ACFA41460DF098
:10384000F3F9014630460DF0F9FA12490DF0AAFBE2
:1038500041460DF0EBF90CF047FE009702460B468F
:1038600012480AF0E9FF39460C4808F053FD0F48AA
:103870000AF088FF1FE700BFF094FF1F9893FF1F17
:103880004087FF1F1F85EB51CBF08D28AC92FF1FA7
:10389000CDCCCC3D0000C8424887FF1FEC6801003A
:1038A0000888FF1F645A01006C5A0100C887FF1F77
:1038B00030B51C481C4C83B00AF064FF19480AF06C
:1038C00061FF18480AF05EFF0D2118480AF04AFC13
:1038D00017480AF057FF16480AF054FF14480AF038
:1038E00051FF0D21114808F015FDD4F8A830012B27
:1038F00022D0104D0B48297800230A220AF052FFEB
:10390000002329780A480A220AF04CFF2B78052B5D
:1039100000F29080DFE813F0390242024B025402B9
:103920005D0266020888FF1F9893FF1F7C5A010002
:10393000C887FF1F0495FF1F0921C7480AF012FC22
:103940000921C54808F0E6FCC448FEF7E5FF2169F7
:103950000DF012FC38B10F21C1480AF003FC0F2111
:10396000BF4808F0D7FCBD48FEF7D8FFE1680DF06E
:1039700021FC38B10E21BB480AF0F4FB0E21B948F6
:1039800008F0C8FCB548FEF7C9FF0546B348FEF786
:10399000C3FF014628460DF047F9216C0DF00AFCE3
:1039A00038B11121B0480AF0DDFB1121AE4808F012
:1039B000B1FCAA48FEF7D6FFE16A0DF0FBFB38B177
:1039C0000C21AA480AF0CEFB0C21A84808F0A2FC62
:1039D000A248FEF7C7FF216B0DF0CEFB38B10D21D9
:1039E000A3480AF0BFFB0D21A14808F093FCA14BAE
:1039F0009A481B68012B00F02982FEF78DFF216990
:103A00009D4D0DF0D7FB002800F0BD819348FEF7D7
:103A100085FFE968994D0DF0AFFB58B12B78052B68
:103A200000F02E82082196480AF09CFB0821944859
:103A300008F070FC022193480AF094FB022191489F
:103A400008F068FC122008F047F9012800F0DA813C
:103A5000112008F041F9012800F0E2818A4B1B682F
:103A6000012B00F0EA8102218648884C0AF07AFB9B
:103A7000874B884819680AF0D5FE86480AF082FE0E
:103A8000042185480AF06EFB0B2008F025F900237D
:103A900001460A227F480AF085FE0C2008F01CF936
:103AA000002301460A227B480AF07CFE142008F01D
:103AB00013F9002301460A2276480AF073FE152006
:103AC00008F00AF900230A22014672480AF06AFE49
:103AD000062172480AF046FB71480AF053FE0421A1
:103AE0006D4808F017FC0B2008F0F6F8002301469B
:103AF0000A226B480AF056FE0C2008F0EDF800236D
:103B000001460A2266480AF04DFE142008F0E4F847
:103B1000002301460A2262480AF044FE152008F0FC
:103B2000DBF8002301460A225D480AF03BFE06212D
:103B30005A4808F0EFFB2368DB074FF0010140F122
:103B4000E18058480AF00EFB0121564808F0E2FBDC
:103B5000236898074FF0010140F1E18051480AF0D5
:103B600001FB01214F4808F0D5FB23685A074FF0AD
:103B7000010140F1E1804B480AF0F4FA0121494883
:103B800008F0C8FB23681B074FF0010140F1E180FA
:103B900044480AF0E7FA0121424808F0BBFB04213F
:103BA00041480AF0DFFA112008F096F80023014698
:103BB0000A2238480AF0F6FD102008F08DF800239C
:103BC00001460A2233480AF0EDFD122008F084F87D
:103BD000002301460A222F480AF0E4FD132008F0D2
:103BE0007BF800230A2201462A480AF0DBFD042163
:103BF0002D4808F08FFB112008F06EF800230146D5
:103C00000A2227480AF0CEFD102008F065F80023AC
:103C100001460A2222480AF0C5FD122008F05CF88D
:103C2000002301460A221E480AF0BCFD132008F0BA
:103C300053F80A220023014619480AF0B3FD184838
:103C40000AF0A0FD182119480AF08CFA184B1888C0
:103C50000DF0A0F82EE000BF8C5A0100B895FF1FB0
:103C6000985A0100A85A0100B85A0100CC5A010024
:103C7000DC5A01003893FF1F9893FF1F0495FF1F24
:103C8000105B0100EC6801002095FF1F6C94FF1F82
:103C9000F494FF1F0888FF1F845B01008C5B010008
:103CA000C887FF1F945B01009C5B0100A45B0100BF
:103CB0009C92FF1F77490DF0C1F80CF015FC002411
:103CC00002460B46009474480AF0B6FD1F21734863
:103CD0000AF048FA724B18880DF05CF86D490DF047
:103CE000ADF80CF001FC00940B4602466A480AF05D
:103CF000A3FD02216B480AF035FA2B78032B30D054
:103D000003B030BD68480AF02DFA0121664808F07A
:103D100001FB236898074FF001013FF51FAF624890
:103D20000AF020FA0121604808F0F4FA23685A07E3
:103D30004FF001013FF51FAF5B480AF013FA012174
:103D4000594808F0E7FA23681B074FF001013FF5D7
:103D50001FAF55480AF006FA0121534808F0DAFA75
:103D60001DE7524B1B78002B45D01E2150480AF00E
:103D7000F9F950481B2108F0CDFA4F4803B0BDE8CF
:103D800030400AF0FFBC4D4D54E606214C480AF085
:103D9000E9F906214A4808F0BDFA4BE607214948EF
:103DA0000AF0E0F90721474808F0B4FA42E6072193
:103DB00045480AF0D7F90721434808F0ABFA39E63D
:103DC000082142480AF0CEF90821404808F0A2FA3A
:103DD00030E60B213E480AF0C5F90B213C4808F0BB
:103DE00099FA27E607213B480AF0BCF90721394830
:103DF00008F090FA1EE6202137480AF0B3F91D2199
:103E00003648B8E70E2136480AF0ACF90E2134489E
:103E100008F080FA112007F05FFF01287FF41EAE42
:103E20000A2130480AF09EF90A212E4808F072FA59
:103E30002D4B1B68012B7FF416AE12212B480AF084
:103E400091F91221294808F065FA0CE6FEF764FDA5
:103E5000616A0DF0AFF988B116212548174D0AF0B7
:103E600081F90A2123480AF07DF91621204808F03B
:103E700051FA0A211F4808F04DFADBE50F4DD1E554
:103E80000A211C480AF06EF90A211A4808F042FA81
:103E9000D0E500BFCDCCCC3D0888FF1FC05B010042
:103EA0001095FF1FE05B0100985B0100A892FF1FC7
:103EB000285C0100485C0100C887FF1F0495FF1FB4
:103EC0001C5B0100245B0100385B0100405B0100CA
:103ED0002C5B01004C5B0100E45B0100085C01000D
:103EE000545B0100645B01002095FF1F705B0100C3
:103EF000EC5A0100045B01002DE9F04F7C4CE56FAA
:103F0000012D8DB000F0D181032D00F01181DFF87B
:103F10001882784F784EA36F7848012B09BF31681B
:103F2000316801F10041316007F09CFA3B68002BD9
:103F300040F0AB807148DFF8F09107F069FA3B6818
:103F4000C8F800000546002B43D1E36F684A012BF7
:103F500060D06B4928460DF02DF9C0B96949284653
:103F60000DF00AF998B9684A684B12680B920B9ADF
:103F70001A60D4F8B4000CF00DFF29460CF05EFF77
:103F80000023C8F8000033600DB0BDE8F08FDFF803
:103F900078A15E4FDAF800300A930A983B68DFF8A0
:103FA0008C91C01A0CF0F2FE29460CF047FF5849DC
:103FB0000CF0F8FF56490CF0F5FFD9F800100CF0A2
:103FC00035FEDAF800300993099BC9F800003B6020
:103FD000CFE70CF089FA022502460B4600954D48C2
:103FE0000AF02AFC04214C480AF0BCF8D9F8000079
:103FF0000CF07AFA009502460B4648480AF01CFC81
:104000000421454808F086F9E36FD9F80050384A92
:10401000012B9ED1424B1B68012B00F09382022B97
:10402000A7D1D2F89C7038460CF0B4FE29460DF0AA
:10403000A3F840B978420CF0ADFE29460DF0BAF86D
:10404000002800F0B282DFF8C0A0304FDAF800306C
:10405000079307983B68DFF8D490C01A0CF096FEDF
:1040600029460CF0EBFE2A490CF09CFF28490CF085
:1040700099FFD9F800100CF0D9FDDAF8003006935A
:10408000069BC9F800003B6073E71C4807F0C0F9C5
:104090000CF02AFA022502460B4600951D480AF04C
:1040A000CBFB03211F480AF05DF8D4F89C10194897
:1040B0000AF0B8FB03211B480AF054F80F4807F038
:1040C000A7F90CF011FA009502460B4613480AF0C6
:1040D000B3FB0321134808F01DF9D4F89C100F48D6
:1040E0000AF0A0FB03210F4808F014F922E700BFF3
:1040F0009893FF1F4495FF1F6C93FF1F7093FF1F42
:104100000000FA430000FAC310BAFF1F1495FF1F06
:1041100000007A440888FF1FA45C0100C887FF1FC5
:104120005C87FF1F405501004C93FF1F5893FF1FF2
:10413000DFF85493CA4ED9F80030DFF85083D3F833
:1041400054010F210123336006F0F2FB3368C54FA1
:10415000012B3B6800F0D280002B40F09981D9F808
:104160000030C14DD3F85401036C19688EB22E6033
:1041700006F0FEF8B4F8A22040F6E44303FB06F193
:10418000B1FBF0F0801A00B20CF004FEB749B84E53
:104190008246D4F894000CF051FE014650460CF0D3
:1041A00001FF2B683060632BDFF8BCA200F34B816A
:1041B000002333603B68002B3FF4ADAE0221AD48D5
:1041C00009F0D0FFD9F800202B68D2F8540140F64E
:1041D000E44B0BFB03FA06F0CBF8BAFBF0F00CF063
:1041E000D5FD8246B4F8A2000CF0D4FD014650463D
:1041F0000CF01AFD0CF078F94FF0020A02460B465B
:10420000CDF800A09C480AF017FB5146994809F0E8
:10421000A9FF30680CF068F9CDF800A002460B4603
:1042200095480AF009FB5146944809F09BFF514616
:10423000904809F097FF51468E4808F06BF8D9F87E
:1042400000202B68D2F854010BFB03FB06F090F81A
:10425000BBFBF0F00CF09AFD0546B4F8A2000CF0A0
:1042600099FD014628460CF0DFFC0CF03DF9CDF835
:1042700000A002460B4682480AF0DEFA51467D480D
:1042800008F048F830680CF02FF9CDF800A002468D
:104290000B467B480AF0D0FA5146784808F03AF8C5
:1042A0005146744808F036F835E6DFF8E081D4F876
:1042B0009C70D8F80060DFF8D09138460CF06AFDA9
:1042C00031460CF077FF48B178420CF063FD0146AF
:1042D00030460CF06FFF002840F06E81D9F80020C6
:1042E0005F4ED2F854015F4F02230E21336006F077
:1042F0001FFB3368012B3B687FF42EAF002B40F08F
:104300006581D9F80030584DD3F85401036C196811
:104310001FFA81FBC5F800B006F02AF8B4F8A03007
:10432000534E40F6E44A0AFB0BFBBBFBF0F0C01A0D
:1043300000B20CF02FFD4D498346D4F898000CF0E4
:104340007DFD014658460CF02DFED9F800202B6863
:104350003060D2F854010AFB03FA06F009F8B4F809
:10436000A030BAFBF0F00FFA80FAC3EB0A03002B7F
:10437000B4F8C220B8BF5B429342BCBF0023336095
:104380003B68002B3FF4C7AD02213A4809F0EAFE32
:10439000D9F800202B68D2F8540140F6E44A0AFB11
:1043A00003FB05F0E5FFB4F8A010BBFBF0F003B28F
:1043B000591A31480AF036FA02212E4809F0D2FE85
:1043C00030680CF091F84FF0020B02460B46CDF826
:1043D00000B029480AF030FA03212A4809F0C2FE49
:1043E0005946244809F0BEFE5946224807F092FF7C
:1043F000D9F800202B68D2F854010AFB03FA05F023
:10440000B7FFB4F8A010BAFBF0F00FFA80FAC1EBD6
:104410000A011B480AF006FA5946164807F07AFFC7
:1044200030680CF061F8CDF800B002460B46144835
:104430000AF002FA0321134807F06CFF59460D48B1
:1044400007F068FF67E5D9F80030D3F8540105F0AC
:104450008FFFDAF8003064389842FFF4A9AEA9E67D
:104460005C87FF1F4495FF1F9093FF1FACC5273744
:104470006C93FF1FEC6801000888FF1FA05C01001F
:10448000C887FF1F8C5C01001895FF1F4C93FF1F0E
:104490008148824DDFF834A20AF074F90C2180487B
:1044A00009F060FE0C217F4809F05CFE7E480AF0AE
:1044B00069F90C217A4807F02DFF0C21794807F0A3
:1044C00029FFD9F800203B68D2F85401026C11682A
:1044D0008EB22E60002B3FF44BAE05F049FF40F644
:1044E000E44B0A2200230BFB06F1B1FBF0F16A4812
:1044F0000AF058F902216D4809F034FEB4F8A21010
:1045000065480AF08FF9DAF800302968D3F85401C9
:104510000BFB01FB05F02CFF0023BBFBF0F10A2293
:1045200061480AF03FF90221604807F0F3FEB4F851
:10453000A2105D480AF076F9DAF800302E68D3F858
:10454000540115E65A4928460CF034FE58B9594929
:1045500028460CF011FE30B9574A584B12680592A4
:10456000059A1A6005E5DFF850A1544FDAF80030DB
:10457000049304983B68DFF86091C01A0CF006FCC5
:1045800029460CF05BFC4E490CF00CFD4C490CF03C
:1045900009FDD9F800100CF049FBDAF8003003935C
:1045A000039BC9F800003B60E3E4434A434B1268B5
:1045B0000892089A1A60DCE4D9F80030414ED3F82A
:1045C000540135600F2106F0B3F9BFE532480AF017
:1045D000D9F835480AF0D6F8E36F012B4FF00B01FC
:1045E00052D0394809F0BEFD0B21374807F092FE42
:1045F0000C212C48294D354E09F0B4FD0C212948D9
:1046000007F088FED9F800203B68D2F85401026C0C
:1046100011681FFA81FBC5F800B0002B3FF47CAE97
:1046200005F0A6FE40F6E44A0A2200230AFB0BF13D
:10463000B1FBF0F118480AF0B5F80121244809F05F
:1046400091FDB4F8A01014480AF0ECF8336829681A
:10465000D3F854010AFB01FA05F08AFE0023BAFBE5
:10466000F0F10A2210480AF09DF80121184807F0DD
:1046700051FEB4F8A0100C480AF0D4F83368D5F80D
:1046800000B0D3F8540147E6124809F06BFD0B2146
:10469000104807F03FFEABE70888FF1F9093FF1F0D
:1046A000905C01007C5C0100C887FF1FEC68010082
:1046B0000000FA430000FAC310BAFF1F1495FF1F51
:1046C00000007A445C87FF1F705C01001895FF1F93
:1046D000785A0100645C01005893FF1F2DE9F047F0
:1046E000B64D2B6882B0002B00F0B180B44CB54FB2
:1046F000D4F88430DFF81483B34EB14D012B00F0B1
:10470000E080D5F85CA0D6F80090AD6D05FB0AF509
:104710004FF47A7000FB05F00CF03CFBAB49DFF87E
:10472000A4A2054648460CF089FB29460CF03AFC49
:10473000A7490CF083FB0CF05DFD632838607ADD3F
:104740002846A2490CF02EFC6423CAF80030D8F8A1
:1047500000303060002B77D0E36F994D012B00F0D3
:10476000E080032B00F01681022B00F00A81994DA6
:104770009948022109F0F6FC28680BF0B5FE0224E6
:1047800002460B46009495480AF056F82146944894
:1047900009F0E8FC2146904809F0E4FC39688F48AC
:1047A0000AF040F806218F4809F0DCFC30688749A0
:1047B0000CF044FB0BF098FE009402460B46874831
:1047C0000AF03AF80321884809F0CCFC834809F044
:1047D000D9FF2146804807F09DFD28680BF084FE34
:1047E000009402460B4681480AF026F821467C4890
:1047F00007F090FD7D4809F0C5FF39687B480AF055
:1048000011F80621774807F085FD30686F490CF0F4
:1048100015FB0BF069FE009402460B4673480AF044
:104820000BF80321704807F075FD704802B0BDE831
:10483000F04709F0A7BF0028BCBF0023CAF800302A
:10484000D8F80030002B87D102B0BDE8F087684867
:104850005B4CFEF7E3F86749A76EE66E0CF0EEFAE4
:104860000CF0EEFC226F636FD21B9B1B80B29A424E
:10487000A0EB070064DC03FB00F393FBF2F31E44A0
:10488000DFF888814F4FD8F800303E60002B5ED1B2
:104890003346E06DA26D4C4E00FB03F002FB00F0CE
:1048A00000EB800040000CF075FA48490CF07AFBF0
:1048B00001232B60D4F884303060012B404D7FF40D
:1048C00020AF4B48FEF7AAF84A49D5F868A0D5F8BA
:1048D0006C900CF0B3FA0CF0B3FC2A6F6B6FA56D03
:1048E000CAEB0202C9EB030380B29A42CAEB000092
:1048F000D4F85CA0C6BF03FB00000132584390FB14
:10490000F2F0484400FB0AF005FB00F000EB8000E9
:1049100040000CF03FFA2D490CF044FB814630601A
:10492000F4E6354B1B68012B4FF00A013CD03348AD
:1049300009F018FC0A21314807F0ECFCEB6F10E796
:1049400003FB0000531C90FBF3F0064498E70221A0
:10495000214809F007FC3968204809F063FF02216B
:104960001D4809F0FFFB02211B4807F0D3FC396802
:104970001E4809F057FF0221174807F0CBFC3B689F
:1049800087E707211E4809F0EDFB07211C4807F0C7
:10499000C1FCECE610211B4809F0E4FB102119488A
:1049A00007F0B8FCE36FDFE6174809F0DBFB0A21EC
:1049B000154807F0AFFCEB6FD3E600BFB092FF1FC6
:1049C0009893FF1F4087FF1F5893FF1FE4388E3EC8
:1049D0000000C8424C93FF1FEC6801000888FF1FCD
:1049E000A05C0100E05C0100E85C0100C887FF1FDB
:1049F000B895FF1F00007A445C87FF1FB85C010078
:104A0000D85C0100C45C0100AC5C01004887FF1F5A
:104A100030B5112083B007F05FF9012818D01220BB
:104A200007F05AF9012813D000210B2007F04EF9A6
:104A300000210C2007F04AF90021152007F046F963
:104A40002649274B0120002208701A6003B030BDB0
:104A50000121152007F03AF9224A234C234B126812
:104A6000D4F8881001921B68019A1D4D0B449342A3
:104A70004FF00201296005D901210C2007F026F929
:104A800003B030BDD4F890000CF084F9184B1968CD
:104A90000CF072FB0028EFD101210B2007F016F972
:104AA00094F8C8300324012B2C600DD0122007F09D
:104AB00013F9012808BF094B4FF0110008BF1C7003
:104AC00007F00AF9012802D1044B02221A700021D2
:104AD0000C2007F0FBF803B030BD00BF0495FF1FAA
:104AE0004095FF1F10BAFF1F9893FF1F4C95FF1FA3
:104AF0004C93FF1FF0B56D4E6D4D34682B689C4292
:104B000087B03AD014F0010156D014F002014AD017
:104B100014F004013ED0E3070FD52B68DF070CD457
:104B2000644F3A68002A00F09E80634B1B68019333
:104B3000019B934200F289803468A0070DD52B6851
:104B400099070AD45D4F3A68002A3ED05A4B1B6839
:104B50000393039B93425AD8346862070DD52B68A0
:104B60005B070BD4564F3A68002A3FD0524B1B6864
:104B70000593059B934258D834680CB107B0F0BD3B
:104B80002146162006F022FF2146172006F01EFFC0
:104B900007B0F0BD052006F019FF2B68346803F05C
:104BA000FB032B60B7E7172006F010FF2B68346873
:104BB00003F0FD032B60ABE7162006F007FF2B6820
:104BC000346803F0FE032B609FE73E4B1B68002B0D
:104BD00056D1FF21172006F0F9FE374B3A4A1968E3
:104BE0000291029912680A443A60B0E7354B1B689B
:104BF000002B50D1FF21052006F0E8FE2E4B324A53
:104C000019680491049912680A443A60AFE72F4B7F
:104C10001720D3F88C1006F0D9FE2B68346843F0C7
:104C2000020300222B603A6097E7284B0520D3F857
:104C30008C1006F0CBFE2B68346843F0040300228E
:104C40002B603A60002C99D19AE7204B1620D3F8BC
:104C50008C1006F0BBFE2B68346843F00103002281
:104C60002B603A6069E7FF21162006F0AFFE124B79
:104C7000154A19680091009912680A443A6055E78C
:104C8000134809F07FFD0C21124809F06BFA104817
:104C900009F078FD9DE70E4809F074FD0C210E48DF
:104CA00009F060FA0A4809F06DFDA3E74095FF1F7F
:104CB0006C94FF1FE494FF1F10BAFF1FE894FF1FBE
:104CC000EC94FF1F4887FF1F7087FF1F9893FF1FFB
:104CD0000888FF1FEC5C0100FC5C01002DE9F04737
:104CE0006B4EDFF8D4813368DFF8D091D3F85401EC
:104CF000684D0F2105F01CFE002301222221664889
:104D0000C8F80030C9F8002009F02CFA22216248C6
:104D100007F000FBD8F80030132B24DC40F6E44702
:104D20003368B5F8A0A0D3F85401036C1C6805F0F3
:104D30001FFBA4B2012107FB04F4B4FBF0F45748B5
:104D40005444A5F8A04009F00DFA0121534807F09A
:104D5000E1FA642006F0F6FFD8F800300133132B97
:104D6000C8F80030DCDDB5F8A0304D4A4D48A2FB54
:104D700003129B1A02EB5303C3F30F131946A5F852
:104D8000A03009F04FFD1D21474809F0EBF9022141
:104D9000464809F0E7F9434809F0F4FCB5F8A010DB
:104DA000434809F03FFD1D213F4807F0B3FA0221B7
:104DB0003E4807F0AFFA3E4809F0E4FC32680023B1
:104DC000D2F85401C8F800300E2105F0B1FD0223DD
:104DD00022213148C9F8003009F0C4F922212E48B7
:104DE00007F098FAD8F80030132B24DC40F6E4479B
:104DF0003368B5F8A290D3F85401036C1C6805F031
:104E0000B7FAA4B2012107FB04F4B4FBF0F4234881
:104E10004C44A5F8A24009F0A5F901211F4807F06C
:104E200079FA642006F08EFFD8F800300133132B96
:104E3000C8F80030DCDDB5F8A230194A1948A2FBE9
:104E400003129B1A02EB5303C3F30F131946A5F881
:104E5000A23009F0E7FC1D21164809F083F9022170
:104E6000124809F07FF90F4809F08CFCB5F8A21040
:104E70000F4809F0D7FC1D210E4807F04BFA0B48EC
:104E8000022107F047FA0A48BDE8F04709F07ABC6A
:104E90001895FF1F9893FF1F0C5D0100505D0100E6
:104EA000876118860888FF1F305D0100EC680100EB
:104EB000C887FF1F545D01004893FF1F5C87FF1FD9
:104EC0002DE9F843C04BC14CC14E1B68706D40F2D8
:104ED000513108222160E271002B40F06F810BF00C
:104EE00059FFB16905460BF0A9FFBA49B84F0BF05D
:104EF000A5FF0CF0A5F980B203126372B64AB74B56
:104F000012881B882072A37228461B121512E372A6
:104F10002273F16965730BF091FFAE49AB4D0BF055
:104F20008DFF0CF08DF983B21A122946AC48A37399
:104F3000E27306F0D5F8AB4AAB4B12681988A17240
:104F4000D3B2237203EB83035B00237302EB820370
:104F500043F3D7134FEA212E12124FF008084FF0F7
:104F60000009294663739E4884F80BE040F25533EC
:104F70006272236084F8078084F80E9084F80F90A2
:104F800006F0AEF840F256339848236084F8078064
:104F9000FDF7C6FC96490BF051FF0CF051F9207259
:104FA0009248FDF7BDFC92490BF048FF0CF048F920
:104FB000904A8F49C0F30723637210680BF0F2FF29
:104FC0000CF018F940FA08F3A0728848E372FDF774
:104FD000C9FC80490BF032FF0CF00CF920738348B8
:104FE000FDF7C0FC7B490BF029FF0CF003F940F3FF
:104FF0000720294660737A4884F80E9084F80F9051
:1050000006F06EF8022006F09DFE7B4A7B4B11787D
:105010002172517890786172D178A0721A7898785C
:10502000E172597822736173DA78A07340F25A33CF
:1050300029466B48E273236084F8078006F050F835
:105040006F4B67481A7822725A7862729A78A27205
:10505000DA78E2721A7922735A7962739A79DB7973
:10506000E373294640F25E33A273236084F807801D
:1050700006F036F8022006F065FE624B58481A78B2
:1050800022725A7862729A78A272DA78E2721A7987
:1050900022735A7962739A79DB79E37329464FF464
:1050A0005C73236084F80780A27306F019F8564BEE
:1050B0001B68012B00F0AE80022006F043FEF36D6A
:1050C0002373022500221B12284640F2733808275A
:1050D00063732272012362729922A273E372E373F3
:1050E000A572C4F80080E77106F02CFE3F48C4F8B2
:1050F0000080E771FDF710FC44490BF09FFE0CF0B7
:105100009FF820723948FDF707FC40490BF096FEE6
:105110000CF096F8C0F3072334486372FDF7FEFBEA
:105120003A490BF08BFE0CF08BF8A0722F48FDF77C
:10513000F5FB36490BF082FE0CF082F8C0F3072332
:105140002A48E372FDF768FC31490BF06FFD0CF063
:1051500077F820732548FDF75FFC2D490BF066FDBD
:105160000CF06EF8C0F3072320486373FDF752FC80
:1051700027490BF05BFD0CF063F8A0731B48FDF7AB
:1051800049FC23490BF052FD0CF05AF80F49C0F3CB
:1051900007231348E37305F0A3FF284606F0D2FD6A
:1051A000B26DF36DE57112FB03F3C3F3072140F217
:1051B0007932237261722260BDE8F8830BF0EAFD58
:1051C000716A05468FE600BF3893FF1F3095FF1FB9
:1051D0009893FF1F000020411095FF1F9C92FF1F16
:1051E00068B8FF1F4087FF1F4487FF1FB895FF1F48
:1051F0000000C8424C93FF1F9493FF1F0895FF1FA8
:105200002C87FF1F6087FF1F2095FF1F00007A4437
:10521000339388432648FDF77FFB396D0BF006FD7D
:1052200081462348FDF77AFB014648460BF0A4FF70
:1052300000283FF441AF40F2C3331D4885F8078092
:105240002B60FDF769FBFF6C39460BF095FFC8B189
:10525000184938460BF0F2FD0BF0F2FF80B240FA2D
:1052600008F368722B7200230127042503221249D8
:105270001248A772E57222736373A373E37305F098
:105280002FFF19E70A48FDF747FB0A490BF0D6FD47
:105290000BF0D6FFC0F3072305482B72FDF73CFB4C
:1052A00004490BF0CBFD0BF0CBFF6872DBE700BFCE
:1052B000B895FF1F00007A443095FF1F68B8FF1FA4
:1052C0002DE9F04F83B008F0E7FE384D286007F075
:1052D000A3F8002840F36881354F07F0ADF83B682C
:1052E0002860042B00F06681092B00F07C83022BE0
:1052F0004CD1A0F13103422B52D8DFE813F09E0DC0
:105300006B0D190D310D4E0D5B00700C7F0C5100B3
:105310005100510051005100510051005100510005
:1053200051005100510051005100510051005100F5
:1053300051005100510051005100510051005100E5
:1053400051005100510051005100510051005100D5
:1053500051005100510051005100510051005100C5
:1053600051004300510051005100510051005100C3
:105370005100510051005100510051005100810075
:105380005100960CFFF7AAFC3B682868082B2AD12D
:10539000322800F00984712832D0312801F0F081E0
:1053A000732831D003B0BDE8F08F00BF9892FF1F83
:1053B0005095FF1F01233B6008F0AAFE002805DD81
:1053C000C148C24C09F072FBA4F8C20007F024F8EF
:1053D000002805DDBE48BD4C09F068FBA4F8C200FA
:1053E00063203B682860072B40F09681332802F049
:1053F000798640F37383342802F0FE857128CFD17B
:10540000002273233A602B603B68002BCAD1B14E57
:10541000AD48B14C09F0B6F90421B04808F0A2FE3D
:10542000A94809F0AFF91021AD4808F09BFEA64845
:1054300009F0A8F91321AB4808F094FE2168A248AE
:1054400009F0F0F9A04809F09DF91421A64808F0E8
:1054500089FE9D4809F096F91E21A44808F082FEB5
:10546000994809F08FF91521A14808F07BFE96486C
:1054700009F088F91E219F4808F074FE924809F04F
:1054800081F920219C4808F06DFE8F4809F07AF9D7
:1054900019219A4808F066FE8B4809F073F9122129
:1054A000974808F05FFE884809F06CF91921954883
:1054B00008F058FE844809F065F90F21924808F079
:1054C00051FE814809F05EF90D21904808F04AFE2E
:1054D0007D4809F057F97E4809F054F904217F48C6
:1054E00006F018FF7A4809F04DF910217C4806F0C3
:1054F00011FF774809F046F913217A4806F00AFFB0
:105500002168734809F08EF9714809F03BF91421BC
:10551000754806F0FFFE6E4809F034F91E21734805
:1055200006F0F8FE6A4809F02DF91521704806F0DA
:10553000F1FE674809F026F91E216E4806F0EAFEE2
:10554000634809F01FF920216B4806F0E3FE60482C
:1055500009F018F91921694806F0DCFE5C4809F0E9
:1055600011F91221664806F0D5FE594809F00AF9EA
:105570001921644806F0CEFE554809F003F90F21C1
:10558000614806F0C7FE524809F0FCF80D215F485B
:1055900006F0C0FE4E4809F0F5F800220123326003
:1055A0003B6003B0BDE8F08F594F28683B68042B7F
:1055B0007FF49AAEA0F13103402B3FF6F1AE01A289
:1055C00052F823F0CD690000176A00005B69000003
:1055D000516A0000E5690000016A0000136A0000DA
:1055E0001B6A00001F6A0000A1530000A1530000C5
:1055F000A1530000A1530000A1530000A1530000DB
:10560000A1530000A1530000A1530000A1530000CA
:10561000A1530000A1530000A1530000A1530000BA
:10562000A1530000A1530000A1530000A1530000AA
:10563000A1530000A1530000A1530000A15300009A
:10564000A1530000A1530000A1530000A15300008A
:10565000A1530000A1530000A1530000A15300007A
:10566000A1530000A1530000A1530000A15300006A
:10567000A1530000A1530000A1530000A15300005A
:10568000A1530000A1530000A1530000A15300004A
:10569000A1530000A1530000A1530000A15300003A
:1056A000A1530000A1530000A1530000A15300002A
:1056B000A1530000A1530000A1530000A15300001A
:1056C000A1530000015400000888FF1F9893FF1F9A
:1056D000C887FF1F4887FF1F2487FF1FB461010091
:1056E000BC610100D0610100E4610100FC610100C6
:1056F0001C62010034620100546201007862010002
:1057000094620100A8620100C4620100D462010039
:105710005095FF1F3B682868062B40F08D80A0F154
:105720003103402B3FF63CAE01A252F823F000BFFC
:10573000AB6A0000FB6A00004B6B0000956B000039
:105740003B6C0000596C0000C96C0000556A0000F9
:10575000676A0000A1530000A1530000A15300009C
:10576000A1530000A1530000A1530000A153000069
:10577000A1530000A1530000A1530000A153000059
:10578000A1530000A1530000A1530000A153000049
:10579000A1530000A1530000A1530000A153000039
:1057A000A1530000A1530000A1530000A153000029
:1057B000A1530000A1530000A1530000A153000019
:1057C000A1530000A1530000A1530000A153000009
:1057D000A1530000A1530000A1530000A1530000F9
:1057E000A1530000A1530000A1530000A1530000E9
:1057F000F16D0000A1530000A1530000A15300006F
:10580000A1530000A1530000A1530000A1530000C8
:10581000A1530000A1530000A1530000A1530000B8
:10582000A1530000A1530000A1530000A1530000A8
:10583000015400003B682868052B15D1332802F07D
:10584000738440F37881352802F0B684C2F28B84E9
:1058500071287FF4A5ADCE49002373220B603B6015
:105860002A60D1E53B682868032B40F0B680A0F1A0
:105870003003422B3FF694AD01A252F823F000BF53
:105880008D59000079790000C77900001578000073
:1058900057780000DD7800002B790000417C000083
:1058A0007B7C0000C57C0000A1530000A1530000D8
:1058B000A1530000A1530000A1530000A153000018
:1058C000A1530000A1530000A1530000A153000008
:1058D000A1530000A1530000A1530000A1530000F8
:1058E000A1530000A1530000A1530000A1530000E8
:1058F000A1530000A1530000A1530000A1530000D8
:10590000A1530000A1530000A1530000A1530000C7
:10591000A1530000A1530000A1530000A1530000B7
:10592000A1530000A1530000A1530000A1530000A7
:10593000A1530000A1530000A1530000A153000097
:10594000A1530000137D0000536E00006777000034
:10595000A1770000DB770000157A0000B37A000021
:10596000017B0000A1530000537B0000957B0000E9
:10597000A1530000A1530000A1530000A153000057
:10598000A153000001540000FD7B000008F0C0FBA3
:1059900000280DDD7F48804C09F088F80126034679
:1059A000014662227D48A3653E602A60FCF7BAFF8B
:1059B00006F032FD002842F318837948764C09F04E
:1059C00075F801260346014662227448A3653E60CD
:1059D0002A60FCF7A7FF3B682868012B27D07328B3
:1059E0007FF4E0AC10E56C4C6B4A94F8CA30012BA4
:1059F00084BF002384F8CA3094F8C930012B02D93F
:105A0000002382F8C930322800F0D68671283FF48E
:105A1000F7AC31287FF4C4AC94F8C930B3FA83F3FF
:105A20005B090122782084F8C9303A602860A0F12F
:105A30005203262B3FF6B4AC01A252F823F000BF6C
:105A40006D7D0000A1530000A1530000A153000090
:105A5000A1530000A1530000A1530000A153000076
:105A6000A1530000A1530000A1530000A153000066
:105A7000A1530000A1530000A1530000155C0000D9
:105A800027850000095E0000FB5D000097620000B2
:105A9000A1530000A1530000A1530000315C00009D
:105AA000A15300002D850000A1530000A153000068
:105AB000A1530000A1530000A15300004D7D000040
:105AC000A1530000A1530000A1530000A153000006
:105AD000A1530000A1530000235C0000312802F014
:105AE000AB8232287FF45CAC08F012FB00280DDD9D
:105AF0002848294C08F0DAFF0BF04CF929490BF043
:105B00009DF90122612320643A602B6006F084FC39
:105B100000287FF7FFAD22481F4C08F0C7FF0BF0AD
:105B200039F920490BF08AF96123012220643A6097
:105B30002B6018467BE7312802F05F8332287FF420
:105B40002FAC08F0E5FA002809DD1248124C08F0E5
:105B5000ADFF01226B23C4F890003A602B6006F081
:105B60005BFC00287FF77EAE0D480B4C08F09EFFD3
:105B700001226B23C4F890003A602B6001E008F02A
:105B80008BFA08F0C5FA0028F9D100F024BE00BF56
:105B9000F094FF1F0888FF1F9893FF1FB895FF1F01
:105BA000C887FF1F6F12833A08F0B2FA002814DD8D
:105BB0009848994C08F07AFF0BF0ECF897490BF0F5
:105BC0003DF994F84410034602469548A364FCF757
:105BD000ABFE012269233A602B6006F01DFC002811
:105BE00040F3B7868F488C4C08F060FF0BF0D2F87A
:105BF0008A490BF023F994F844100346024688487A
:105C0000A364FCF791FE012369203B6028600EE746
:105C100008F042FA08F07CFA0028F9D110E008F008
:105C20003BFA08F075FA0028F9D13BE308F034FAA2
:105C300008F06EFA0028F9D100F014BD06F0FCFB64
:105C400006F0EAFB04460028F8D17248724D08F0CD
:105C500099FD704808F096FD6E4808F093FD6D4878
:105C600008F090FD6B4808F08DFD1F216E4808F08C
:105C700079FA684808F086FD1C216C4808F072FA31
:105C8000A86A6B490BF0DAF80AF02EFC0094024681
:105C90000B46604808F0D0FD0221664808F062FA21
:105CA0005C4808F06FFD2321634808F05BFA286C1C
:105CB0005F490BF0C3F80AF017FC009402460B464C
:105CC000544808F0B9FD02215A4808F04BFA5148EF
:105CD00008F058FD1921594808F044FAE86B0AF019
:105CE00003FC022602460B4600964A4808F0A4FD33
:105CF0003146534808F036FA464808F043FD19216A
:105D0000504808F02FFAB5F8C010424808F08AFD54
:105D100003214D4808F026FA3E4808F033FD41487B
:105D200008F030FD3F4808F02DFD3E4808F02AFD00
:105D30003C4808F027FD3B4808F024FD1F213A4865
:105D400006F0E8FA374808F01DFD1C21374806F038
:105D5000E1FAA86A36490BF071F80AF0C5FB009425
:105D600002460B462F4808F067FD3146314806F0E1
:105D7000D1FA2C4808F006FD23212F4806F0CAFA74
:105D8000286C2B490BF05AF80AF0AEFB009402463F
:105D90000B46244808F050FD3146264806F0BAFA72
:105DA000204808F0EFFC1921244806F0B3FAE86B0C
:105DB0000AF09AFB00960B4602461A4808F03CFD92
:105DC00031461F4806F0A6FA164808F0DBFC1921F8
:105DD0001C4806F09FFAB5F8C010124808F022FDE2
:105DE0000321194806F096FA0E4808F0CBFC072369
:105DF0003B60FFF7D7BA08F04FF908F089F900289F
:105E0000F9D125E008F048F908F082F90028F9D125
:105E10007EE100BF0888FF1F9893FF1F6F12833A2F
:105E2000B895FF1FC887FF1F586001007860010008
:105E300000007A44AC59010098600100BC60010088
:105E40002C600100D8600100F460010006F0F4FA53
:105E500006F0E2FA0028F9D19548DFF8A0B2DFF8A1
:105E6000A0A2DFF8A092DFF8A082924E924D934C50
:105E700008F088FC8E4808F085FC8D4808F082FC0C
:105E80008B4808F07FFC8A4808F07CFC13218C4882
:105E900008F068F9864808F075FC0D21894808F07B
:105EA00061F9834808F06EFC0F21874808F05AF921
:105EB000DBF800107E4808F0B5FC7D4808F062FC75
:105EC0001321824808F04EF9DAF80010784808F0FB
:105ED000A9FC774808F056FC12217D4808F042F9E9
:105EE000D9F80010724808F09DFC714808F04AFC8F
:105EF0001121784808F036F9D8F800106C4808F0FD
:105F000091FC6B4808F03EFC0E21734808F02AF91A
:105F1000724B6748D3F8A81008F084FC644808F076
:105F200031FC19216E4808F01DF93168604808F00D
:105F300079FC5F4808F026FC11216A4808F012F944
:105F400029685B4808F06EFC594808F01BFC1021DA
:105F5000654808F007F92168554808F063FC544883
:105F600008F010FC1C21614808F0FCF8604B504818
:105F7000196808F057FC4E4808F004FC13215D48EE
:105F800008F0F0F84A4808F0FDFB5B4808F0FAFB1F
:105F9000594808F0F7FB584808F0F4FB564808F059
:105FA000F1FB554808F0EEFB1321454806F0B2F925
:105FB000514808F0E7FB0D21424806F0ABF94E4886
:105FC00008F0E0FB0F21404806F0A4F9DBF80010D0
:105FD000494808F027FC484808F0D4FB13213B4807
:105FE00006F098F9DAF80010434808F01BFC424824
:105FF00008F0C8FB1221364806F08CF9D9F80010D9
:106000003D4808F00FFC3C4808F0BCFB112131482A
:1060100006F080F9D8F80010374808F003FC36483D
:1060200008F0B0FB0E212C4806F074F92B4B3248D7
:10603000D3F8A81008F0F6FB2F4808F0A3FB1921AD
:10604000274806F067F931682B4808F0EBFB2A482F
:1060500008F098FB1121234806F05CF929682648CE
:1060600008F0E0FB244808F08DFB10211E4806F0E4
:1060700051F92168204808F0D5FB1F4808F082FB41
:106080001C211A4806F046F9194B1B48196808F0FC
:10609000C9FB194808F076FB1321164806F03AF9B7
:1060A000154808F06FFB04233B60FFF77BB900BF86
:1060B0000888FF1FF494FF1FF094FF1F2C95FF1F0B
:1060C000E4620100F8620100086301001863010046
:1060D0002C63010040630100546301009893FF1F8B
:1060E000646301008063010094630100A863010000
:1060F0006C87FF1F305E0100C887FF1FE094FF1F01
:106100004495FF1F2895FF1FB492FF1F06F094F9D6
:1061100006F082F90028F9D1AA48AB4C08F032FB0E
:10612000A84808F02FFBA74808F02CFBA54808F06A
:1061300029FBA44808F026FB1F21A44808F012F808
:10614000A04808F01FFB1E21A14808F00BF89D484D
:1061500008F018FB1A219F4808F004F89E4808F040
:1061600011FB9D4808F00EFB9B4808F00BFB9A487A
:1061700008F008FB984808F005FB1F21934806F03B
:10618000C9F8954808F0FEFA1E21914806F0C2F8B9
:10619000914808F0F7FA1A218E4806F0BBF8E36F31
:1061A000022B02F08181032B02F06E81012B02F0A1
:1061B0005B810921894807F0D5FF824808F0E2FA9F
:1061C0008648092106F0A6F8834808F0DBFA142176
:1061D00083487D4D07F0C6FFA16F7A4808F022FB87
:1061E000784808F0CFFA1C217E4807F0BBFFD4F8AE
:1061F0008410744808F016FB724808F0C3FA1C219A
:10620000794807F0AFFFD4F8B4106E4808F00AFBE5
:106210006C4808F0B7FA1421714806F07BF8A16FBA
:106220006D4808F0FFFA6C4808F0ACFA1C216D4884
:1062300006F070F8D4F88410674808F0F3FA66485E
:1062400008F0A0FA1C21684806F064F8D4F8B410ED
:10625000614808F0E7FA604808F094FAE36F23F029
:106260000202012A02F01A80022B02F02D81132172
:106270005E4807F077FF534808F084FA13215B4823
:1062800006F048F8544808F07DFA02233B60FFF717
:1062900089B807F001FF07F03BFF0028F9D1B3E010
:1062A00006F0CAF806F0B8F804460028F8D14548C8
:1062B000454D08F067FA434808F064FA414808F091
:1062C00061FA404808F05EFA3E4808F05BFA152192
:1062D000474807F047FF3B4808F054FA394808F0B0
:1062E00051FA2C21434807F03DFF364808F04AFA9E
:1062F0002521414807F036FF23460A2295F8C910A8
:10630000304808F04FFA2F4808F03CFA19213B4872
:1063100007F028FF304808F035FA2F4808F032FA25
:106320002D4808F02FFA2C4808F02CFA2A4808F0DB
:1063300029FA15212E4805F0EDFF274808F022FA2A
:10634000254808F01FFA2C212A4805F0E3FF2248CF
:1063500008F018FA2521284805F0DCFF234695F8B7
:10636000C9101D480A2208F01DFA1B4808F00AFA55
:106370001921224805F0CEFF95F8CA30002B41F0D4
:1063800070870E211E4807F0EDFE0E4808F0FAF95E
:106390001B480E2105F0BEFF0F4808F0F3F913214A
:1063A000124807F0DFFE074808F0ECF913210F4808
:1063B00005F0B0FF084808F0E5F909233B60FEF757
:1063C000F1BF00BF0888FF1F9893FF1FC86301003B
:1063D000E863010008640100C887FF1F80640100B2
:1063E0008C640100A4640100C4640100305E0100FB
:1063F000AC620100985D0100C85D0100F05D010024
:106400000C5E010006F018F806F006F805460028B4
:10641000F8D18648864C08F0B5F9844808F0B2F9FE
:10642000824808F0AFF9814808F0ACF97F4808F0DD
:10643000A9F911217F4807F095FE7C4808F0A2F9E0
:1064400028217D4807F08EFEA0697C490AF0F6FC01
:106450000AF04AF8009502460B46744808F0ECF939
:106460000221774807F07EFE704808F08BF916216C
:10647000744807F077FE206A70490AF0DFFC0AF0E2
:1064800033F8009502460B46684808F0D5F902211A
:106490006B4807F067FE654808F074F96A4808F031
:1064A00071F9694808F06EF9674808F06BF96648B9
:1064B00008F068F9644808F065F911215D4805F0B5
:1064C00029FF614808F05EF928215B4805F022FFAA
:1064D000A0695A490AF0B2FC0AF006F80095024693
:1064E0000B46594808F0A8F90221554805F012FF5B
:1064F000554808F047F91621524805F00BFF206A6D
:106500004E490AF09BFC09F0EFFF00950B4602464E
:106510004D4808F091F90221494805F0FBFE4A4830
:1065200008F030F9D4F8B830002B68DD1D21474859
:1065300007F018FEB4F860000AF02CFC44490AF099
:106540007DFC09F0D1FF022502460B460095374835
:1065500008F072F901213F4807F004FE334808F0C3
:1065600011F91F213C4807F0FDFDB4F864000AF062
:1065700011FC37490AF062FC09F0B6FF00950246AB
:106580000B462A4808F058F90121324807F0EAFD85
:10659000264808F0F7F81D212C4805F0BBFEB4F89A
:1065A00060000AF0F7FB2A490AF048FC09F09CFF5A
:1065B000009502460B46244808F03EF90121254883
:1065C00005F0A8FE204808F0DDF81F21224805F05C
:1065D000A1FEB4F864000AF0DDFB1D490AF02EFCB0
:1065E00009F082FF009502460B46174808F024F98F
:1065F0001848012105F08EFE134808F0C3F8112158
:10660000164807F0AFFD1121144805F083FED4F8B9
:10661000B830062B01F2C483DFE813F0D50CDE0C92
:10662000CC0CC30CBA0CB10CBA0B00BF0888FF1F0E
:106630009893FF1F206201008C5E010000007A44E5
:10664000AC590100B85E0100C887FF1FD05E010091
:10665000CDCCCC3D08650100F05E0100105F01006B
:1066600005F0EAFE05F0D8FE04460028F8D1C3483C
:10667000C34D08F087F8C14808F084F8BF4808F017
:1066800081F8BE4808F07EF8BC4808F07BF8152178
:10669000BC4807F067FDB94808F074F81821BA48FB
:1066A00007F060FD23460A2295F84410B34808F02D
:1066B00079F8B24808F066F82821B44807F052FD8E
:1066C000A86CB3490AF0BAFB09F00EFF0094024629
:1066D0000B46AA4808F0B0F80221AE4807F042FD88
:1066E000A64808F04FF81321AB4807F03BFDA3483C
:1066F00008F048F8A94808F045F8A84808F042F81A
:10670000A64808F03FF8A54808F03CF8A34808F070
:1067100039F815219B4805F0FDFDA04808F032F836
:106720001821994805F0F6FD23460A2295F84410F1
:106730009A4808F037F8994808F024F82821934837
:1067400005F0E8FDA86C92490AF078FB09F0CCFE50
:1067500000940B460246914808F06EF802218D48DD
:1067600005F0D8FD8D4808F00DF813218A4805F092
:10677000D1FD8A4808F006F808233B60FEF712BEF8
:1067800007F0C6FC002840F3E2807C487C4C08F00F
:106790008DF984F8440005F03FFE002801F34C8594
:1067A00094F84400A26C02288ABF0021014684F8B4
:1067B00044107B48FFF725BA94F8CA30B3FA83F344
:1067C0005B090122782084F8CA303A602860FFF71C
:1067D0002EB905F031FE05F01FFE0028F9D16748FB
:1067E00007F0D0FF654807F0CDFF644807F0CAFF07
:1067F000624807F0C7FF614807F0C4FF21216948DC
:1068000007F0B0FC5D4807F0BDFF1521664807F0B2
:10681000A9FCD4F88810594808F004F8022163480C
:1068200007F0A0FC554807F0ADFF1E21604807F0B7
:1068300099FCD4F89010514807F0F4FF03215D480B
:1068400007F090FC4D4807F09DFF1E215A4807F0C5
:1068500089FCD4F88C10494807F0E4FF474807F05A
:1068600091FF1D21554807F07DFCD4F8AC1043483A
:1068700007F0D8FF414807F085FF1E21504807F078
:1068800071FCD4F8B0103D4807F0CCFF3B4807F04E
:1068900079FF424807F076FF404807F073FF3F4812
:1068A00007F070FF3D4807F06DFF3C4807F06AFFB6
:1068B00021213C4805F02EFD384807F063FF1521E3
:1068C000394805F027FDD4F88810344807F0AAFFAE
:1068D0000221364805F01EFD304807F053FF1E2107
:1068E000334805F017FDD4F890102C4807F09AFFB4
:1068F0000321304805F00EFD284807F043FF1E2114
:106900002D4805F007FDD4F88C10244807F08AFFC5
:10691000224807F037FF1D21284805F0FBFCD4F87A
:10692000AC101E4807F07EFF1C4807F02BFF1E210D
:10693000234805F0EFFCD4F8B010184807F072FFB8
:10694000164807F01FFF05233B60FEF72BBD0C4CDC
:1069500021E73B682868FEF746BD1A4A1A4E1368BD
:10696000002B0CBF012100214FF0010311603B609F
:1069700041F0648564202860FEF7B6BC0888FF1FDC
:106980009893FF1F7C620100445E0100605E01007D
:1069900000007A44AC590100305E0100C887FF1F37
:1069A000B895FF1FF86001001C610100A45F0100A1
:1069B000346101008C5C01005461010074610100CC
:1069C000946101002895FF1F5095FF1FB24A13687C
:1069D000B3FA83F35B0901216420136039602860F6
:1069E000FFF725B8AD4CD4F8A830B3FA83F35B09B0
:1069F00001226420C4F8A8303A602860FFF717B875
:106A00000123A7483B60FAF7A1FDA64A3B68106046
:106A1000B0E7A54ADBE7A54AD9E7A54AD7E70123AE
:106A20003B6007F075FB002801F31484A14C05F0CE
:106A3000F3FC002801F3088420680428C8BF02235F
:106A40004FF06400C8BF236028603B68FEF74CBC71
:106A5000994ABCE7914B93F8C820012A0CBF002249
:106A6000012283F8C82007F053FB00280ADD934871
:106A70008A4C08F01BF80AF08DF901226523606347
:106A80003A602B6005F0C8FC00287EF7D3AE8C4836
:106A9000824C08F00BF80AF07DF96523012260634F
:106AA0003A602B601846FEF7C2BF07F031FB0028A2
:106AB0000DDD8248794C07F0F9FF0AF06BF9814946
:106AC0000AF070FA01226523A0613A602B6005F09C
:106AD000A3FC00287EF7AEAE7948704C07F0E6FFC5
:106AE0000AF058F977490AF05DFA65230122A0619E
:106AF0003A602B601846FEF79ABF07F009FB0028A2
:106B00000DDD6E48654C07F0D1FF0AF043F96D4981
:106B10000AF048FA0122652320623A602B6005F0F2
:106B20007BFC00287EF786AE65485C4C07F0BEFF14
:106B30000AF030F963490AF035FA65230122206230
:106B40003A602B601846FEF772BF07F0E1FA0028A2
:106B50000CDD5A48514C07F0A9FF00EB80004300C0
:106B600001216522A4F8603039602A6005F054FCE8
:106B700000287EF75FAE5248484C07F097FF00EBC5
:106B80008000430001226520A4F860303A6028604C
:106B9000FEF74DBF07F0BCFA00280CDD47483F4C1C
:106BA00007F084FF00EB8000430001216522A4F878
:106BB000643039602A6005F02FFC00287EF73AAE79
:106BC0003F48364C07F072FF00EB80004300012283
:106BD0006520A4F864303A602860FEF728BF2F4A89
:106BE000D2F880300133032BC8BF0123C2F88030B4
:106BF000012363203B602860FEF719BF01233B603F
:106C000007F086FA002805DD2C48244C07F04EFFDB
:106C1000C4F89C0005F000FC0028E9DD28481F4C62
:106C200007F044FFC4F89C00E2E71C4AD36F01332D
:106C3000032BC8BF0023D367DAE7184AD2F8B8306D
:106C40000133062BC8BF0023C2F8B83001236520EA
:106C50003B602860FEF7EBBE07F05AFA002809DD1A
:106C600016480E4C07F022FF01226523C4F8BC0031
:106C70003A602B6005F0D0FB00287EF7DBAD1048B2
:106C8000064C07F013FF65230122C4F8BC003A60EC
:106C90002B601846FEF7CBBEE094FF1F9893FF1FB2
:106CA000B895FF1FF494FF1FF094FF1F4495FF1F3A
:106CB0002C95FF1F6C87FF1FB492FF1F0888FF1FD2
:106CC000C887FF1F00007A4407F022FA002816DD6B
:106CD0007148724C07F0EAFE4FF47A7303FB00F33D
:106CE0006F48636003F0E6FE002361686D4A00931D
:106CF0006B4803F0FDFF012265233A602B6005F02D
:106D00008BFB00287EF796AD6748644C07F0CEFEFB
:106D10004FF47A7303FB00F36148636003F0CAFE2B
:106D2000002361685F4A5E48009303F0E1FF8DE74E
:106D300001233B6007F0ECF9002805DD5648574C6D
:106D400007F0B4FEC4F8B40005F066FB00287FF736
:106D50004FAF5548514C07F0A9FEC4F8B40047E7BF
:106D600001233B6007F0D4F9002807DD4A484B4C6B
:106D700007F09CFE0AF00EF8C4F8980005F04CFBF2
:106D800000287EF72DAB4848444C07F08FFE0AF0F0
:106D900001F8C4F89800FEF723BB01233B6007F01D
:106DA000B7F9002807DD3C483C4C07F07FFE09F0AE
:106DB000F1FFC4F8940005F02FFB00287EF710AB1C
:106DC0003948364C07F072FE09F0E4FFC4F894002D
:106DD000FEF706BB314CD4F88430B3FA83F35B0979
:106DE00001226320C4F884303A602860FEF71FBE99
:106DF00007F08EF900280CDD2748284C07F056FED6
:106E000000EB8000430001216522A4F86230396064
:106E10002A6005F001FB00287EF70CAD22481F4CCC
:106E200007F044FE00EB8000430001226520A4F837
:106E300062303A602860FEF7FABD184CA36FB3FACF
:106E400083F35B0901226320A3673A602860FEF7A1
:106E5000EEBD07F05DF9002808DD0F480F4C07F084
:106E600025FE01226223A0663A602B6005F0D4FA69
:106E7000002841F3BA800C48084C07F017FE0122A5
:106E80006223A0663A602B6001E007F005F907F085
:106E90003FF90028F9D10BE00888FF1F9893FF1FE6
:106EA00068B8FF1F04BAFF1FC887FF1F05F0C4FAA8
:106EB00005F0B2FA06460028F8D1C34807F062FC94
:106EC000C14807F05FFCC04807F05CFCBE4807F013
:106ED00059FCBD4807F056FC1521BC4807F042F9A3
:106EE000B94807F04FFC1421B94807F03BF9B64800
:106EF00007F048FC1B21B74807F034F9B24807F007
:106F000041FC1321B44807F02DF9AF4807F03AFCD3
:106F1000AD4807F037FCAC4807F034FC2021AF48FF
:106F200007F020F9E068AE4909F088FF09F0DCFAC3
:106F3000009602460B46A44807F07EFC0221A948B1
:106F400007F010F90221A84807F00CF99E4807F055
:106F500019FC2121A54807F005F92069A04909F08D
:106F60006DFF09F0C1FA009602460B46964807F0FD
:106F700063FC02219B4807F0F5F802219A4807F0CC
:106F8000F1F8914807F0FEFB1F21994807F0EAF855
:106F9000E06A09F0A9FA022502460B4600958A48E4
:106FA00007F04AFC0121934807F0DCF829468E4897
:106FB00007F0D8F8844807F0E5FB20218E4807F059
:106FC000D1F8206B09F090FA009502460B467E48F6
:106FD00007F032FC0121874807F0C4F829468248AF
:106FE00007F0C0F8784807F0CDFB2321834807F06D
:106FF000B9F8E06C7A4909F021FF09F075FA0096BA
:1070000002460B46704807F017FC2946754807F002
:10701000A9F82946744807F0A5F86B4807F0B2FBB9
:107020001F21774807F09EF8206D6D4909F006FF93
:1070300009F05AFA009602460B46634807F0FCFB3B
:107040002946684807F08EF82946674807F08AF80D
:107050005D4807F097FB19216A4807F083F8E16D56
:10706000594807F0DFFB2946674807F07BF82946B7
:107070005D4807F077F8544807F084FB182163480F
:1070800007F070F8B4F8660009F084FE604909F072
:10709000D5FE09F029FA009502460B464A4807F04A
:1070A000CBFB01215B4807F05DF829464E4807F00D
:1070B00059F8454807F066FB2B21574807F052F86E
:1070C000E069474909F0BAFE09F00EFA0096024657
:1070D0000B463D4807F0B0FB2946424807F042F80E
:1070E0002946414807F03EF8374807F04BFB1F217F
:1070F0004A4807F037F8A16D334807F093FB29465B
:10710000394807F02FF8304807F03CFB202144486D
:1071100007F028F8616D2C4807F084FB29463248B7
:1071200007F020F8284807F02DFB10213D4807F014
:1071300019F8A16E244807F075FB2946294807F085
:1071400011F82946284807F00DF81F4807F01AFBE8
:107150001321354807F006F8E16E1B4807F062FB83
:107160000121324806F0FEFF29461F4806F0FAFFCB
:10717000154807F007FB10212D4806F0F3FF216F9B
:10718000114807F04FFB2946164806F0EBFF294649
:10719000154806F0E7FF0C4807F0F4FA14212548DB
:1071A00006F0E0FF616F084807F03CFB01211F4833
:1071B00006F0D8FF29460C4806F0D4FF024807F035
:1071C000E1FA162138E000BF0888FF1FCC650100F6
:1071D000E4650100FC650100305E010018660100F5
:1071E00000007A44AC590100EC6801003C660100E3
:1071F00060660100BC59010080660100A4660100C0
:10720000C8660100E8660100046701000867010024
:10721000CDCCCC3D0865010024670100506701001A
:107220007067010094670100A8670100BC67010056
:10723000C0670100D4670100C44806F093FF606A8C
:10724000C34909F0FBFD09F04FF9009602460B46D1
:10725000C04807F0F1FA2946BF4806F083FF2946E7
:10726000BE4806F07FFFBB4807F08CFA2421BC48DB
:1072700006F078FFD4F8C400B54909F0DFFD09F045
:1072800033F9009602460B46B24807F0D5FA294674
:10729000B14806F067FF2946B04806F063FFAD48E5
:1072A00007F070FA2B21AF4806F05CFFA06B09F0E5
:1072B0001BF9009502460B46A64807F0BDFA0121CE
:1072C000A94806F04FFF2946A44806F04BFFA14805
:1072D00007F058FA2721A54806F044FF60699C4949
:1072E00009F0ACFD09F000F9009602460B469948FA
:1072F00007F0A2FA2946984806F034FF2946974835
:1073000006F030FF934807F03DFA924807F03AFA4A
:10731000974807F037FA964807F034FA944807F090
:1073200031FA934807F02EFA914807F02BFA15210D
:10733000904804F0EFFF8E4807F024FA14218E489D
:1073400004F0E8FF8A4807F01DFA1B218B4804F07F
:10735000E1FF874807F016FA1321894804F0DAFFA5
:10736000834807F00FFA824807F00CFA804807F0CC
:1073700009FA2021834804F0CDFFE068744909F040
:107380005DFD09F0B1F8009602460B46784807F01B
:1073900053FA2946704804F0BDFF29466F4804F0AF
:1073A000B9FF734807F0EEF92121774804F0B2FFE6
:1073B0002069674909F042FD09F096F800960246F7
:1073C0000B466B4807F038FA2946634804F0A2FFE1
:1073D0002946624804F09EFF654807F0D3F91F2153
:1073E0006A4804F097FFE06A09F07EF800950246CB
:1073F0000B465F4807F020FA01215B4804F08AFF42
:107400002946564804F086FF594807F0BBF9202169
:107410005F4804F07FFF206B09F066F80095024694
:107420000B46534807F008FA01214F4804F072FF59
:1074300029464A4804F06EFF4D4807F0A3F923217E
:10744000544804F067FFE06C414909F0F7FC09F08B
:107450004BF8009602460B46454807F0EDF92946E1
:107460003D4804F057FF29463C4804F053FF40488C
:1074700007F088F91F21484804F04CFF206D34497B
:1074800009F0DCFC09F030F8009602460B4638485B
:1074900007F0D2F92946304804F03CFF29462F482E
:1074A00004F038FF324807F06DF919213B4804F029
:1074B00031FFE16D2E4807F0B5F92946384804F050
:1074C00029FF2946254804F025FF294807F05AF9E5
:1074D0001821344804F01EFFB4F8660009F05AFC85
:1074E000314909F0ABFC08F0FFFF009502460B465E
:1074F0001F4807F0A1F901212C4804F00BFF294691
:10750000164804F007FF1A4807F03CF92B212848D9
:1075100004F000FFE0690E4909F090FC08F0E4FF78
:10752000009602460B46124807F086F929460A489B
:1075300004F0F0FE2946094804F0ECFE0C4807F080
:1075400021F91F211B4804F0E5FE35E0EC6701003E
:1075500000007A440888FF1FAC590100EC68010064
:10756000046801002C680100BC5901005868010042
:10757000C887FF1FCC650100E4650100FC650100C0
:10758000305E0100186601003C6601006066010083
:1075900080660100A4660100C8660100E86601007B
:1075A0000467010008670100CDCCCC3D08650100EF
:1075B0002467010050670100A16DB74807F032F958
:1075C0002946B64804F0A6FEB34807F0DBF82021B0
:1075D000B34804F09FFE616DAF4807F023F92946D8
:1075E000AE4804F097FEAC4807F0CCF81021AD4847
:1075F00004F090FEA16EA84807F014F92946AA48A5
:1076000004F088FE2946A54804F084FEA24807F04D
:10761000B9F81321A54804F07DFEE16E9E4807F0FD
:1076200001F90121A24804F075FE29469B4804F0A7
:1076300071FE994807F0A6F810219E4804F06AFEF2
:10764000216F954807F0EEF82946974804F062FE4E
:107650002946924804F05EFE8F4807F093F8142103
:10766000954804F057FE616F8B4807F0DBF8012165
:107670008F4804F04FFE2946884804F04BFE8648A8
:1076800007F080F816218D4804F044FE606A8C49AA
:1076900009F0D4FB08F028FF009602460B467E480E
:1076A00007F0CAF82946804804F034FE29467B4892
:1076B00004F030FE784807F065F82421814804F092
:1076C00029FED4F8C4007E4909F0B8FB08F00CFF8D
:1076D000009602460B46704807F0AEF829467248FD
:1076E00004F018FE29466D4804F014FE6A4807F0BD
:1076F00049F82B21744804F00DFEA06B08F0F4FE4D
:10770000009502460B46644807F096F801216F4841
:1077100004F000FE2946614804F0FCFD5E4807F0D5
:1077200031F827216A4804F0F5FD6069644909F0E1
:1077300085FB08F0D9FE00960B460246564807F036
:107740007BF82946584804F0E5FD2946534804F0E3
:10775000E1FD514807F016F84F4807F013F80323EE
:107760003B60FDF71FBE06F0D3FC002808DD59483A
:10777000594C07F09BF901226223E0663A602B60C6
:1077800004F04AFE002840F330844348524C07F08E
:107790008DF901226223E0663A602B60FFF777BB28
:1077A00006F0B6FC002808DD4A484B4C07F07EF98D
:1077B0000122622320673A602B6004F02DFE00282E
:1077C00040F313843448444C07F070F901226223DB
:1077D00020673A602B60FFF75ABB06F099FC00283F
:1077E00008DD3C483C4C07F061F9012262236067E8
:1077F0003A602B6004F010FE002840F3F683264820
:10780000354C07F053F90122622360673A602B6020
:10781000FFF73DBB06F07CFC00280ADD2D482E4C0E
:1078200007F044F909F0B6FA01226223E0623A60F7
:107830002B6004F0F1FD002840F3D7831648264C56
:1078400007F034F909F0A6FA01226223E0623A60F7
:107850002B60FFF71CBB06F05BFC00280ADD1D480F
:107860001D4C07F023F909F095FA012262232063E9
:107870003A602B6004F0D0FD002840F3B683064840
:10788000154C07F013F909F085FA012262232063F1
:107890003A602B60FFF7FBBAC887FF1FEC68010056
:1078A0007067010094670100AC590100A8670100EE
:1078B000BC670100C0670100D4670100EC670100EC
:1078C00000007A44046801002C680100BC590100E2
:1078D000586801000888FF1F9893FF1F06F018FCE6
:1078E00000280DDDBF48C04C07F0E0F809F052FA5F
:1078F000BE4909F057FB01226223E0643A602B6025
:1079000004F08AFD002840F37083B948B64C07F0B4
:10791000CDF809F03FFAB54909F044FB0122622392
:10792000E0643A602B60FFF7B2BA06F0F1FB002882
:107930000DDDAC48AC4C07F0B9F809F02BFAAB49B7
:1079400009F030FB0122622320653A602B6004F0CD
:1079500063FD002840F34983A548A34C07F0A6F82F
:1079600009F018FAA14909F01DFB012262232065E4
:107970003A602B60FFF78BBA06F0CAFB00280DDDDA
:107980009848994C07F092F809F004FA974909F0E1
:1079900009FB01226223E0603A602B6004F03CFDA9
:1079A000002840F3228392488F4C07F07FF809F0BB
:1079B000F1F98E4909F0F6FA01226223E0603A609B
:1079C0002B60FFF764BA06F0A3FB00280DDD8548A5
:1079D000854C07F06BF809F0DDF9844909F0E2FA0B
:1079E0000122622320613A602B6004F015FD00281B
:1079F00040F3FB827E487C4C07F058F809F0CAF946
:107A00007A4909F0CFFA0122622320613A602B60A3
:107A1000FFF73DBAFBF792FC02217648724C06F064
:107A2000A1FB704806F0AEFE0221724806F09AFBF8
:107A30006C4806F0A7FE02216E4806F093FB6948E9
:107A400006F0A0FE17216C4806F08CFB654806F096
:107A500099FE0221674806F085FB624806F092FE17
:107A60000221644804F056FC614806F08BFE0221B6
:107A7000604804F04FFC5E4806F084FE02215D4839
:107A800004F048FC5A4806F07DFE5B48172104F0DC
:107A900041FC574806F076FE0221564804F03AFCB5
:107AA000534806F06FFE012262233A602B60FFF715
:107AB000EEB906F02DFB00280DDD4A484A4C06F0D1
:107AC000F5FF09F067F9494909F06CFA01226223D0
:107AD00060623A602B6004F09FFC002840F38582CE
:107AE0004348414C06F0E2FF09F054F93F4909F0E0
:107AF00059FA0122622360623A602B60FFF7C7B92E
:107B000006F006FB00280EDD3648374C06F0CEFFA7
:107B100009F040F9354909F045FA01226223C4F819
:107B2000C4003A602B6004F077FC002840F35D82CB
:107B30002F482D4C06F0BAFF09F02CF92B4909F01B
:107B400031FA01226223C4F8C4003A602B60FFF7C7
:107B50009EB906F0DDFA00280ADD2248224C06F024
:107B6000A5FF09F017F901226223A0633A602B6098
:107B700004F052FC002840F338821D481A4C06F0ED
:107B800095FF09F007F901226223A0633A602B6098
:107B9000FFF77DB906F0BCFA00280DDD1148124C44
:107BA00006F084FF09F0F6F8104909F0FBF901220C
:107BB000622360613A602B6004F02EFC002840F3E1
:107BC00014820B48084C06F071FF09F0E3F80749EE
:107BD00009F0E8F90122622360613A602B60FFF747
:107BE00056B900BF0888FF1F9893FF1F00007A4412
:107BF000C887FF1FEC680100745D01005C4B5D48A5
:107C00005D4C002202211A6006F0ACFA5B4806F0D7
:107C1000B9FD0B215A4806F0A5FA0221554806F095
:107C2000A1FA564806F0AEFD0221524804F072FB5C
:107C3000544806F0A7FD0B21514804F06BFB2BE7DD
:107C400006F066FA002808DD4C484B4C06F02EFF83
:107C500001226223E0653A602B6004F0DDFB00281E
:107C600040F3C3814748444C06F020FF01226223C1
:107C7000E0653A602B60FFF70AB906F049FA002880
:107C80000CDD3E483C4C06F011FF00EB8000430049
:107C900001216222A4F8663039602A6004F0BCFB3E
:107CA000002840F3A2813748334C06F0FFFE00EB7A
:107CB0008000430001216222A4F8663039602A6006
:107CC000FFF7E5B806F024FA00280DDD2B482A4C12
:107CD00006F0ECFE09F05EF82B4909F063F9012289
:107CE0006223E0613A602B6004F096FB002840F3C9
:107CF0007C812448204C06F0D9FE09F04BF822493B
:107D000009F050F901226223E0613A602B60FFF72D
:107D1000BEB806F0FDF9002808DD1848164C06F03C
:107D2000C5FE0122622360653A602B6004F074FB9B
:107D3000002840F35A8113480F4C06F0B7FE012289
:107D4000622360653A602B60FFF7A1B8D42200215E
:107D500009480E4E03F0EEFC2B6801210022732B24
:107D600031603A607DF41EABFDF752BB05F08AFB33
:107D7000B092FF1FEC6801009893FF1F0888FF1F57
:107D80008C5D0100C887FF1F00007A444887FF1FF1
:107D90000421BD4806F0E6F90421BB4804F0BAFA14
:107DA000BA48BB4D06F0EEFCBA4806F0EBFCD4F83E
:107DB000B830002B52DD1821B74806F0D3F9D5F8BA
:107DC000BC10B24806F02EFD0221B44806F0CAF9F4
:107DD000AE4806F0D7FC1121B14806F0C3F9686837
:107DE00008F0D4FFAF4909F029F808F07DFB002620
:107DF00002460B460096A54806F01EFD0421AA483F
:107E000006F0B0F9A14806F0BDFC1821A24804F024
:107E100081FAD5F8BC109F4806F004FD02219F4866
:107E200004F078FA9B4806F0ADFC11219C4804F060
:107E300071FA686808F0AAFF9A4908F0FFFF08F095
:107E400053FB009602460B46924806F0F5FC964816
:107E5000042104F05FFA8F4806F094FC1B2193483C
:107E600006F080F91B21914804F054FA94F8C830C8
:107E7000002B00F0DA82012B07D114218C4806F088
:107E800071F914218A4804F045FA8048804E06F0C2
:107E900079FC1F21874806F065F9606B08F024FB28
:107EA000022502460B460095784806F0C5FC294697
:107EB000814806F057F9754806F064FC754806F0ED
:107EC00061FC1F217B4804F025FA606B08F00CFB75
:107ED00000950B4602466F4806F0AEFC29467648F0
:107EE00004F018FA6B4806F04DFCD4F8B830002BBB
:107EF00033DD2721714806F035F9B6F8620008F045
:107F000049FF6F4908F09AFF08F0EEFA0095024623
:107F10000B465E4806F090FC01216A4806F022F903
:107F20005A4806F02FFC2721644804F0F3F9B6F80C
:107F3000620008F02FFF624908F080FF08F0D4FAD1
:107F4000009502460B46534806F076FC5D48012139
:107F500004F0E0F94F4806F015FC13215A4806F0EA
:107F600001F94A4806F00EFC1321574804F0D2F9F3
:107F7000484806F007FC06233B60FDF713BA0B21C7
:107F8000524806F0EFF80B21504804F0C3F907E718
:107F90000D214F4806F0E6F80D214D4804F0BAF9DE
:107FA000FEE60D214B4806F0DDF80D21494804F0AE
:107FB000B1F9F5E60C21484806F0D4F80C21464802
:107FC00004F0A8F9ECE60D21444806F0CBF80D21A9
:107FD000424804F09FF9E3E60C21414806F0C2F85C
:107FE0000C213F4804F096F9DAE63B682868012B3B
:107FF0007DF4F5ACFDF71BBD06F08AF8002809DD1D
:108000002248234C06F052FD01226123A4F8C0004F
:108010003A602B6004F000FA00287DF77BAB1D4826
:108020001B4C06F043FD61230122A4F8C0003A6016
:108030002B601846FDF7FBBC06F06AF800280DDD42
:108040001248134C06F032FD08F0A4FE154908F062
:10805000F5FE01226123A0623A602B6004F0DCF996
:1080600000287DF757AB0B48094C06F01FFD08F0C0
:1080700091FE0C4908F0E2FE61230122A0623A6001
:108080002B601846FDF7D3BC805F01000888FF1FF6
:108090009893FF1FC887FF1F885F0100A45F01003E
:1080A000A85F01006F12833ABC5F0100C45F01004A
:1080B000F45F01000C6001002C60010030600100E1
:1080C000CDCCCC3D08650100305E0100745F01003D
:1080D000645F0100545F0100445F0100245F010000
:1080E000345F010006F014F800280ADD6548664C8C
:1080F00006F0DCFC08F04EFE01226123E0633A60EA
:108100002B6004F089F900287DF704AB5F485E4CD2
:1081100006F0CCFC08F03EFE61230122E0633A60E9
:108120002B601846FDF783BC05F0F2FF002809DD3F
:108130005448554C06F0BAFC01226B23C4F88C005D
:108140003A602B6004F068F900287DF78BAB4F484C
:108150004D4C06F0ABFC01226B23C4F88C003A6056
:108160002B60FDF70EBD05F0D3FF00280EDD45485E
:10817000454C06F09BFC464BC4F8AC0002221A604A
:10818000FBF734FA01226B233A602B6004F044F9C8
:1081900000287DF767AB3D483B4C06F087FC3C4B25
:1081A000C4F8AC0002221A60FBF720FA01226B230C
:1081B0003A602B60FDF7E5BC05F0AAFF00280EDD54
:1081C0003048314C06F072FC314BC4F8B000032249
:1081D0001A60FBF70BFA01226B233A602B6004F064
:1081E0001BF900287DF73EAB2848274C06F05EFCC3
:1081F000274BC4F8B0000322D5E705F089FF00281B
:1082000009DD2048204C06F051FC01226B23C4F804
:1082100088003A602B6004F0FFF800287DF722AB5D
:108220001A48194C06F042FC01226B23C4F888005E
:108230003A602B60FDF7A5BC144806F037FCC0B2CD
:1082400084F84400FEF7AEBA104806F02FFC206018
:10825000FEF7F3BB0B480F4C06F028FC2060FEF73E
:10826000E6BB11210C4805F07DFF064806F08AFAAE
:108270001121094804F04EF8044806F083FAFEF78D
:108280008EB800BF0888FF1F9893FF1FC887FF1F85
:10829000F094FF1F6C87FF1F1C5E01001C21A54886
:1082A00005F060FFD5F89800A34908F0C7FD08F075
:1082B0001BF9022602460B460096A04806F0BCFABF
:1082C00005219F4805F04EFF9C4806F05BFA1C21F3
:1082D000984804F01FF8D5F89800974908F0AEFDCB
:1082E00008F002F900960B460246964806F0A4FAFA
:1082F0000521934804F00EF8924806F043FAEB6F1C
:10830000012B30D11D21904805F02CFFD5F89400A9
:10831000894908F093FD08F0E7F8009602460B46FD
:10832000864806F089FA0521854805F01BFF834839
:1083300006F028FA1D21844803F0ECFFD5F89400DC
:108340007D4908F07BFD08F0CFF800960B46024609
:108350007C4806F071FA0521794803F0DBFF794883
:1083600006F010FAEB6F23F00202012A7DF47CAFD5
:108370001C217648764D05F0F5FEB4F8C2106F4822
:1083800006F050FA0321734805F0ECFE6B4806F046
:10839000F9F91C216D4803F0BDFFB4F8C21069481B
:1083A00006F040FA03216B4803F0B4FF654806F07D
:1083B000E9F9E36F012B7DF457AF1F21664805F003
:1083C000D1FED5F89C0008F0E5FC644908F036FDC4
:1083D00008F08AF8022602460B460096574806F037
:1083E0002BFA31465E4805F0BDFE544806F0CAF946
:1083F0001F21594803F08EFFD5F89C0008F0CAFCF5
:10840000564908F01BFD08F06FF800960B4602462F
:108410004C4806F011FA3146514803F07BFF4948B9
:1084200006F0B0F9EB6FFDF71FBF12214D4805F0C4
:1084300099FE12214B4803F06DFF26E54A4B0024BC
:1084400021460B201C6003F041FC21460C2003F068
:108450003DFC2146142003F039FC2146152003F091
:1084600035FC3368FEF786BA1E21404805F07AFED7
:10847000324806F087F91E213C4803F04BFF314893
:1084800006F080F9FDF7A3BE2021394805F06AFE09
:108490002A4806F077F92021354803F03BFF2948A8
:1084A00006F070F9FDF793BE1721324805F05AFE29
:1084B000224806F067F917212E4803F02BFF2148C8
:1084C00006F060F9FDF783BE17212B4805F04AFE40
:1084D0001721294803F01EFFD4F88030012B0ED05D
:1084E000022B16D0032B7DF4C2AE24491348FAF7B1
:1084F00013FF22491348FAF70FFFFDF7B8BE2049D2
:108500000E48FAF709FF1E490E48FAF705FFFDF776
:10851000AEBE1C490948FAF7FFFE1A490948FAF7A6
:10852000FBFEFDF7A4BE0A4CFEF7B1BC084CFDF7FC
:1085300028BB00BFE46401000AD7233C0888FF1F62
:1085400004650100C887FF1F0C6501002C65010050
:108550009893FF1F4C650100506501006F12833A2C
:10856000E05B0100E05F01004095FF1F2464010013
:10857000446401006864010070650100B065010099
:10858000886501009C65010010B5124C124A2368F1
:10859000101D12F8011F904241EA0323F9D10F4A3E
:1085A000236003F1004313600D4BDB6F022B08D0F7
:1085B0000C4B1B68012B00D010BDBDE81040FAF732
:1085C00095BE1068084C08F0E5FB2060FBF794FCB2
:1085D000EEE700BF9492FF1F6393FF1F0C95FF1FF0
:1085E0009893FF1FE094FF1F6C93FF1F08B5134B78
:1085F000187BDB7AFF2812D040B243EA0020104BF0
:10860000104ADB6F00EB800000EB80008000022B43
:1086100010600BD00C4B1B68012B03D008BDFF2B47
:10862000EAD1FBE7BDE80840FAF760BE08F0B2FB0C
:10863000064B1860FBF760FCECE700BF5C93FF1F84
:108640009893FF1F0C95FF1FE094FF1F6C93FF1F73
:1086500030B5664D664883B0294602F039FC654B5B
:10866000D3F88030012B09D0022B0FD0032B26D05A
:10867000614B1B68012B3DD003B030BD2A6840F22E
:10868000C2339A42F4D1FFF77FFFF1E72B6840F243
:108690002252934221D040F22352934200F099801B
:1086A00040F221529342E3D1544BD5F80A001860AE
:1086B00008F070FB524C2060FBF71EFCD8E72B68DB
:1086C000DA00504A48BFC3F311239342D0D12B7A2A
:1086D000002BCDD1FFF78AFFCAE72C7B6A7BEB7AB0
:1086E000A87A494902EB042202EB034303EB00633F
:1086F0000B60BDE7454C4648236801930199002370
:108700000A2206F04FF8236800930A2200230099FA
:10871000404806F047F82A68344B002ADB7951DBE1
:108720003D493E4809F068FB3C4809F0A9FB014679
:108730003A4805F017FD394809F0A2FB01463748D1
:1087400003F0E8FD2C68294B14F0804422D1DB793A
:10875000C3B12B1932491A7A304809F04DFB2F4822
:1087600009F08EFB01462D4805F0FCFC2B4809F072
:1087700087FB0146294803F0CDFD0134EB79E4B2D3
:10878000A342E6D8224805F0FDFF224805F0FAFF93
:1087900003B030BD234D214C0FCD0FC495E803002D
:1087A00044F8040B204620F81419152105F0DAFCD2
:1087B000A4F1140009F064FB0146A4F1140003F0D5
:1087C000A9FDDFE71849154822F0604209F014FBC3
:1087D000AAE72C7B6A7BEB7AA87A144902EB042285
:1087E00002EB034303EB00630B6041E75C93FF1F65
:1087F00068B8FF1F9893FF1FE094FF1F0C95FF1FA1
:108800006C93FF1F14F20100DC94FF1F10BAFF1FCE
:108810000888FF1FC887FF1FA8680100B892FF1FC4
:10882000D4680100BC680100806801004895FF1F02
:10883000854B1B78052B00F0E3812DE9F04F834F2A
:10884000834C844E3B78B4F86620328083B0824DEE
:10885000002B71D0B4F862302B808048FAF7DCF836
:10886000216B08F089FC08B100232B807B48FAF7C4
:10887000D1F8E16A08F09EFC10B1002333802B8010
:108880007648FAF74BF8E16808F094FC08B1002349
:108890002B807248FAF742F8E16808F08BFC08B1C7
:1088A00000232B806D48DFF8A881FAF735F821699D
:1088B00008F062FC002800F0D580002333802B886C
:1088C000654E002B00F0BC803B786448604F002B65
:1088D00036D1FAF7A1F8616B08F04EFC002840F0A1
:1088E0002F815F4B5D481B68594E012B00F058816A
:1088F000FAF714F8216A0746A06908F095F90146CD
:10890000384608F057FC002800F09A80288808F0C4
:1089100041FA81465148FAF701F8B7698246316A4F
:10892000384608F081F98046B6F8640008F02EFA5F
:108930000446B6F8600062E0B4F860302B808CE743
:10894000FAF76AF8616B08F017FC00282ED030881F
:1089500008F020FA82464148FAF75EF88346B7F8F5
:108960006200D7F8309008F011FA49468046584620
:1089700008F05AF941468346002008F055F90146AF
:10898000584608F05BFA49468346786B08F04CF984
:108990000146584608F006FB414608F047F90146F3
:1089A000504608F041F908F04BFC30802C4B2B4826
:1089B0001B68274E012B00F00B81F9F7AFFF216AEE
:1089C0000746A06908F030F90146384608F0F2FB86
:1089D000002835D0288808F0DDF981461F48F9F7CE
:1089E0009DFFB7698246316A384608F01DF9804616
:1089F000B6F8640008F0CAF90446B6F8620008F058
:108A0000C5F9214608F010F941460646504608F0DF
:108A10000BF90146304608F011FA41460646384641
:108A200008F002F90146304608F0BCFA214608F089
:108A3000FDF80146484608F0F7F808F001FC2880E8
:108A400003B0BDE8F08F00BF0495FF1FA892FF1F81
:108A50009893FF1F1095FF1F9C92FF1FB895FF1F53
:108A60003893FF1F8748F9F757FFD8F81C1008F014
:108A700083FB00287FF421AF3388DFF80C92002BB2
:108A80003FF41DAF7F48F9F7C5FFD8F8381008F05C
:108A900091FB002840F0C5807A48DFF8F481F9F7AF
:108AA0003BFF216908F086FB002800F0AF80754885
:108AB000DFF8DC91F9F730FFD4F8C4108046E069A4
:108AC00008F0B4F80146404608F056FB00283FF491
:108AD000F6AE308808F05EF983466A48F9F71CFF65
:108AE0000090B9F86600D9F81C8008F04FF9009B97
:108AF00082464146184608F097F8514600900020FB
:108B000008F092F8009B0146184608F097F9D9F84A
:108B1000C4100090404608F089F8414608F084F8F7
:108B2000009B0146184608F03DFA514608F07EF8D1
:108B30000146584608F078F808F082FB3080BEE61F
:108B4000308808F027F982464E48F9F765FF8346DA
:108B5000B7F86000D7F8309008F018F94946804619
:108B6000584608F061F841468346002008F05CF85A
:108B70000146584608F062F949468346786B08F08A
:108B800053F80146584608F00DFA414608F04EF8F1
:108B90000146504608F048F808F052FB3080A0E645
:108BA000F9F7BCFE216A0746606A08F03DF8014605
:108BB000384608F0FFFA00283FF442AF288808F052
:108BC000E9F881462F48F9F7A9FE776A8246A6E6BA
:108BD000F9F7A4FE216A0746606A08F025F8014605
:108BE000384608F0E7FA00283FF42AAF288808F052
:108BF000D1F881462348F9F791FE776A8246F2E67A
:108C00002149224A00230B80138070471D48F9F741
:108C100083FED8F81C1008F0CDFA00287FF447AF87
:108C20004DE6B9F8000008F0B5F883461548F9F7A5
:108C3000F1FE0190B8F86600D8F838A008F0A6F860
:108C4000019A00905146104607F0EEFF009B014646
:108C5000184608F0F3F851460090D8F82C0007F0B9
:108C6000E3FF009B0146184608F09CF9002107F03D
:108C7000DDFF0146584607F0D7FF08F0E1FAA9F8F2
:108C8000000009E7B895FF1F1095FF1F9C92FF1F7A
:108C90009893FF1F08B5274805F074FD0721264863
:108CA00005F060FA112003F017F80621F8B1234807
:108CB00005F058FA122003F00FF8062100B32048FF
:108CC00005F050FA122003F007F8062108B31D48FA
:108CD00005F048FA132002F0FFFF062110BB1A48E6
:108CE00005F040FA1348BDE8084005F04BBD1748B1
:108CF00005F038FA122002F0EFFF06210028DED13D
:108D0000134805F02FFA122002F0E6FF0621002892
:108D1000DDD1104805F026FA132002F0DDFF062110
:108D20000028DCD00C4805F01DFA0248BDE80840D8
:108D300005F028BD0888FF1FE0680100E868010011
:108D4000F86801000869010020690100F06801006D
:108D500000690100106901001869010010B5254C77
:108D60002368042B27DC01210B2002F0AFFF012137
:108D70000C2002F0ABFF0121142002F0A7FF01211B
:108D8000152002F0A3FFFF21162002F01FFEFF2195
:108D9000172002F01BFEFF21052002F017FEFF2125
:108DA000062002F013FE236801330A2B2360C4BFA0
:108DB0000023236010BD00210B2002F087FF00215B
:108DC0000C2002F083FF0021142002F07FFF00211D
:108DD000152002F07BFF0021162002F0F7FD002194
:108DE000172002F0F3FD0021052002F0EFFD002125
:108DF000D6E700BF2495FF1F30B5092183B0BC48DA
:108E000003F034FE222003F0D9FDBA4BD3F8A8308A
:108E1000012BB94B1B7809D0052B10D8DFE813F0D4
:108E200049014E0158015D0153010B00002B00F078
:108E30005981052B03D10721B04803F017FE2220EA
:108E400003F0BCFDFF2003F0B9FDFF2003F0B6FDE9
:108E5000AB4CFF2003F0B2FD0821AA4803F006FE48
:108E60002168A94805F0DEFCFF2003F0A7FDFF20E4
:108E700003F0A4FDFF2003F0A1FD0921A34803F0A6
:108E8000F5FD2168A04805F0CDFCFF2003F096FD1C
:108E9000FF2003F093FDFF2003F090FD0C219C4880
:108EA00003F0E4FD9B4B1C680021204608F082F98A
:108EB000002800F0FB802046974908F073F807F07F
:108EC00013FB002402460B4600948F4805F0B4FCC7
:108ED000FF2003F073FDFF2003F070FDFF2003F07F
:108EE0006DFD09218D4803F0C1FD8D48F9F73AFD6C
:108EF00007F0FAFA009402460B46834805F09CFC02
:108F0000FF2003F05BFDFF2003F058FDFF2003F07E
:108F100055FD0C21834803F0A9FD8148F9F77CFD3C
:108F200007F0E2FA009402460B46774805F084FC0D
:108F3000FF2003F043FDFF2003F040FDFF2003F07E
:108F40003DFD0D21784803F091FD7548F9F762FD6C
:108F500007F0CAFA009402460B466B4805F06CFC19
:108F6000FF2003F02BFDFF2003F028FDFF2003F07E
:108F700025FD09216D4803F079FD6948F9F7D0FC1A
:108F800007F0B2FA009402460B465F4805F054FC25
:108F9000FF2003F013FDFF2003F010FDFF2003F07E
:108FA0000DFD0C21624803F061FD5D48F9F7B4FC4A
:108FB000594907F043FF07F097FA009402460B4621
:108FC000514805F039FCFF2003F0F8FCFF2003F0C6
:108FD000F5FCFF2003F0F2FC0D21564803F046FD9E
:108FE0004F48F9F79BFC4C4907F028FF07F07CFA43
:108FF000009402460B46444805F01EFCFF2003F097
:10900000DDFCFF2003F0DAFCFF2003F0D7FC092190
:10901000494803F02BFD494B3B48196805F002FC19
:10902000FF2003F0CBFCFF2003F0C8FCFF2003F07F
:10903000C5FC0E21424803F019FD3948F9F76EFCD2
:1090400005463748F9F768FC0146284607F0ECFD6D
:10905000314907F0F3FE07F047FA009402460B4649
:10906000294805F0E9FBFF2003F0A8FCFF2003F0EE
:10907000A5FCFF2003F0A2FCFF2003F09FFC0C21C5
:10908000304803F0F3FC2648F9F742FC01461E483D
:1090900005F0C8FBFF2003F091FCFF2003F08EFCDD
:1090A000FF2003B0BDE8304003F088BC04F100406D
:1090B00002E70621244803F0D9FCC0E60721234833
:1090C00003F0D4FCBBE60B21214803F0CFFCB6E64D
:1090D0000721204803F0CAFCB1E608211E4803F02E
:1090E000C5FCACE608211D4803F0C0FCA7E600BFA4
:1090F000286901009893FF1F0495FF1F4C5B010036
:109100004087FF1F40690100DC87FF1F4C69010099
:10911000586901004C93FF1F00007A446869010000
:10912000B895FF1F7469010084690100946901000A
:10913000A0690100B0690100C06901002487FF1F18
:10914000CC690100DC6901001C5B0100245B0100AB
:109150002C5B0100385B0100405B010034690100B9
:10916000064B1B68012B02D00548F9F78BBA054B5B
:109170000348D3F8A4100022F8F70EBA2095FF1F79
:10918000B895FF1F9893FF1F2DE9F041B54DD5F815
:10919000B830042B54D0032B00F08580012B00F055
:1091A000AE80022B00F01F81062B01D0BDE8F081BC
:1091B000AD4C686D08210022DC2350262660E17149
:1091C0002272637207F0E6FDA96907F037FEA7492E
:1091D000064607F0EFFF20BB01229023A272E37244
:1091E000A34BA14D18880023237307F0D3FD31460C
:1091F00007F024FE9F49064607F0BEFFE0B19E49F6
:10920000304607F0CFFE08F01BF8C0F30720687364
:10921000A8730123E37394499848BDE8F04101F035
:109220005FBF9749304607F009FE08F009F880B2A1
:109230000312E072A372D3E796236873AB73E8E777
:10924000894C904AA379226043F001030822E2711D
:10925000A371686D07F09EFDA96907F0EFFD8849CD
:1092600007F0ECFD07F0ECFF814B874A1B88126882
:1092700093FBF2F380B200261A12071260722146A5
:109280007E48E372A272277226736673A673E67332
:1092900001F026FFA279D5F8B83066F30002032B5F
:1092A000A2717FF47BAF704C686DA3720122E8233A
:1092B000072140F2FF26227263722660E17107F0F7
:1092C00069FDA96907F0BAFD6D4907F0B7FD07F020
:1092D000B7FF674B6C4A1B88126893FBF2F382B2AC
:1092E0001E121712214665486373E2722773A67334
:1092F00001F0F6FED5F8B830012B7FF452AF634B86
:10930000594C1B682360072280231020E2712372CE
:1093100002F0E2FC002840F09D805D4B1B68544F3A
:10932000DFF86481686D504E03EB83035B001A1213
:10933000A37262723B88D8F8002093FBF2F31A12F2
:109340006273A37307F026FDA96907F077FD514BFF
:10935000196807F069FC4A4907F070FD07F070FFD3
:1093600080B20312314620734448E37201F0B8FE24
:10937000022002F0E7FC484B1B6823600722802391
:109380001020E271237202F0A7FC002860D1404B4C
:109390001B68686D03EB83035B001A127272B37271
:1093A00007F0F8FCA96907F049FD3C4B196807F084
:1093B0003BFC334907F042FD07F042FF82B2161230
:1093C000D8F800003B88227393FBF0F326492B4822
:1093D000A3731A12E672627301F082FED5F8B830F8
:1093E000022B7FF4E1AE204C2448237240F20E326F
:1093F000012321462260E37101F072FE1C4B1B88A1
:109400005B00FF2BC8BFFF23042140224FF44170B3
:109410002060E17122726372686D07F0BBFCA9697C
:1094200007F00CFD1149064607F0C4FEA0B1314615
:10943000304607F0FBFB07F003FF80B20312E07237
:10944000A37209490D4801F04BFED5F8B830ABE6E0
:10945000134B9DE7124B61E701229023A272E37246
:10946000EFE700BF9893FF1F3095FF1F00004843B0
:109470009C92FF1F00404E450000704368B8FF1FDC
:1094800000002041F4E506185887FF1F3C87FF1FA6
:109490005087FF1FD494FF1F3487FF1F5493FF1F73
:1094A0005487FF1F38B5164D164A1748294602F053
:1094B00011F800B938BD12211448154C04F052FEC1
:1094C000296814480023102205F06CF9114805F0B2
:1094D00059F904F1080502210F4804F043FE14F87D
:1094E000011F0C480023102205F05CF9092004F04C
:1094F000BDFEA542EFD10748BDE8384005F042B9AE
:109500003C93FF1F4093FF1F5495FF1FEC69010020
:109510003F93FF1F0888FF1F005A01002DE9F04FFD
:1095200095B001E0FFF794F8A94801F09BFC0028F2
:10953000F8D104F0EDFD002801DDFBF7C1FE02F0DB
:109540006BFF002801DDFBF7BBFEA24C94F8CA308C
:10955000012B00F04082A04E3368012B14D0FBF7A2
:10956000C9FAD4F8A8509B4F012D00F0AB809B4F57
:109570003B78052B00F27381DFE813F00902D1017B
:10958000B201820173015601954D2B68954A0B93E8
:109590000B9B1168924F5B1AB3F5FA7F2FD82B689B
:1095A000914E10933268109B8D4F9B1A41F2883276
:1095B00093421CD82B688D4A1293129B1068D4F8E2
:1095C000BC10874D834C1B1A8B420DD92B6813930B
:1095D000D4F8A83013991160012B00F0F4817F4B6F
:1095E0001B78032B00F0EF8115B0BDE8F08F8048A9
:1095F000F7F796FF3B681193119B3360DAE73B68FE
:109600000C930C9B7A481360F9F752F8D4F8A83001
:10961000DFF8C0817648012B00F0F981F9F77CF979
:10962000D8F8101007F0A8FD002800F0BE802B68C5
:10963000704A0D930D9B12689A4202D9674B05221E
:109640001A706D4FFFF78CFD3B68002B40F0D781FF
:109650006A4B1B68002B40F0C781694B1B68002BCD
:1096600040F0BC813368002B00F0B281FFF776FB3D
:10967000644EFBF733F8FFF7DBF8FBF721FC3368A8
:109680005B4823B9604B1B68012B00F03282F7F76F
:109690005DFF3368984200F0CE813B68002B40F0BC
:1096A0001582F9F70DFF94F8CA30002B00F099816C
:1096B00072B6564B4AF202614BF2804219801A8010
:1096C00062B66CE7454B1B78052B00F0BC81504F10
:1096D000DFF850813B68112043F004033B6002F047
:1096E000FBFAD8F80030002800F0BD810BB9C8F8AB
:1096F00000503F48374DF9F711F9E16C07F05AFD7A
:10970000002840F07782434B00221A60D8F800808E
:109710003748B8F1010F00F04482F9F7FFF8E1682B
:10972000DFF8B08007F046FD002800F078822C4D6D
:109730000021142002F0CAFA2A683B6804923649D4
:10974000364A0498086003F0FD0301213B60116074
:10975000F9F7AEFD2648DFF87C80F9F7DDF82169DE
:1097600007F00AFD002800F0ED8100210B2002F037
:10977000ADFA2A683B680792294A0799116003F0FD
:10978000FE033B60204B1B68012B70D11848114F22
:10979000F9F7C2F8216907F0EFFC002800F0128306
:1097A00001210C2002F092FA61E01148F9F7B6F8B5
:1097B000D8F8101007F0E0FC00287FF438AF3B68C1
:1097C0000E93B8F8C0100E9B0A4A0B44136038E79A
:1097D00068B8FF1F9893FF1F2895FF1F0495FF1F70
:1097E00010BAFF1FA492FF1FA092FF1F5093FF1FEC
:1097F000B895FF1FFC94FF1F4887FF1F2C95FF1F84
:10980000B492FF1FF494FF1FB092FF1F0C2005407D
:109810004095FF1F2095FF1F4C95FF1FF894FF1FD9
:10982000D894FF1F3893FF1FB74B002529461520FA
:109830001D6002F04BFA2946142002F047FA29462F
:109840000C2002F043FA0B20294602F03FFAAF4BFE
:1098500011201D6002F040FA002800F02381AC4D79
:1098600005E0A94BAA4D00221A60FBF7D1F8E36F7F
:1098700023F00203012B7FF488AEFAF73DFB84E668
:10988000A14B002510201D6002F026FAA14B0128F3
:1098900008BF18704FF001014FF0140018BF1D7081
:1098A00002F014FA9C48F9F739F8E16C07F082FCF1
:1098B0009A4B002840F0DD8018609748984DF9F7E2
:1098C0002DF8A16907F076FC002840F0CE81122027
:1098D00002F002FA0028C2D101233B708C4DC6E78A
:1098E000894B012511201D6002F0F6F900B93D7089
:1098F000122002F0F1F90128B1D18748F9F70EF8EA
:10990000216A0546A06907F08FF90146284607F04D
:1099100033FC0028A3D003233B707D4DA7E77A4B8F
:10992000DFF8FC810025294615201D6002F0CEF9E4
:109930002946142002F0CAF929460C2002F0C6F983
:1099400029460B2002F0C2F9704B73481D60F8F7EE
:10995000E5FFE16C07F02EFC002840F08D806F4B96
:1099600000221A60122002F0B7F9012800F0B88135
:10997000674D112002F0B0F901287FF478AF2B6811
:109980000A93684B0A9A1A6004233B706FE75E4B98
:109990005F4D4FF0000841461520C3F8008002F0EB
:1099A00095F94146142002F091F941460C2002F04D
:1099B0008DF941460B2002F089F9544A0123C2F87F
:1099C00000803B7053E7FFF7DFFB15B0BDE8F08F79
:1099D000F9F70CFE4CE6FFF765FDBCE5FFF75AF919
:1099E00040E6FFF709FA63E62B680F934E4A4F4BA8
:1099F0000F991B6812684848F9F7D4F92DE6F9F772
:109A000057FF4B4B44481968F9F72EF820E6F8F752
:109A100083FFD8F8101007F0AFFB00287FF40EAEDC
:109A20003D48F8F77BFFD8F8101007F0A5FB002899
:109A30007FF404AE05E6626DA36D03FB02F398426A
:109A40007FF42BAE2DE63B4B1B68012B7FF407AF59
:109A50003148F8F761FF396907F08EFB002800F004
:109A600099812B4D9CE6012B7FF443AEC8F8000092
:109A70003FE601221A6020E72748F8F74FFF054626
:109A80002548F8F749FFD8F8501007F0CFF80146FD
:109A9000284607F08FFB00283FF461AF1F4B0122DF
:109AA0001A605FE71C481E4DF8F736FF216907F082
:109AB00077FB00283FF4D3AE1748F8F72FFFE9688B
:109AC00007F064FB00287FF407AFC8E602211A48BC
:109AD00004F048FB194804F055FE1D21184804F015
:109AE00041FB0221144804F03DFB144804F04AFEF7
:109AF000D7E5F7F72BFDA26C306094F844100648C8
:109B0000F8F712FFCDE500BF1C95FF1F4095FF1F22
:109B100010BAFF1FA892FF1FB895FF1F2095FF1FC7
:109B20009893FF1F4C95FF1F4C93FF1F4087FF1F0B
:109B30006C87FF1FB092FF1FEC6801000888FF1FB1
:109B4000006A0100B248F8F7E7FED8F81C1007F0E9
:109B500013FB00287FF409AEAD48F8F7DDFED8F816
:109B600014108146D8F81C0007F060F801464846FA
:109B700007F020FB00283FF405AE01210B2002F086
:109B8000A5F8A44B2A68D8F888101B680892089A90
:109B90000B449342BFF4F6AD3B6843F001033B60D6
:109BA000F0E5F8F7BBFE616ADFF888A207F002FB78
:109BB0008146002840F0B480DFF868B2DBF800503E
:109BC000012D00F0C18041461420934D02F07EF833
:109BD000924A2968DAF888001368039103990344CC
:109BE0008B42BFF4B7AD3B68C2F8009043F002036C
:109BF0003B60AFE58648F8F791FE81468448F8F768
:109C00008BFE296D07F012F80146484607F0D2FA9C
:109C100000283FF478AD824B01221A6076E57C483B
:109C2000F8F77CFED8F8181007F0C4FA824600282E
:109C30007FF47DAD7B4DD5F80090B9F1010F3CD09C
:109C400001211420744D02F041F8744B2A68D8F8B1
:109C500088101B680692069A0B449342BFF47AADB3
:109C60003B6843F002033B6074E56948F8F7D6FEB1
:109C7000296A8046A86906F0D7FF0146404607F0EA
:109C800099FA002840F08380E96DAB6D664A674D14
:109C900003FB01F34FF47A7000FB03F05F231360C2
:109CA00007F078F8624907F07DF928600021142058
:109CB00002F00CF801233B7009E65548F8F72EFE38
:109CC000D8F820108346D8F8180006F0ADFF0146FA
:109CD000584607F051FA002840F087804E4D39E58C
:109CE0004B48544DF8F71AFE216A8046A06906F0E9
:109CF0009BFF0146404607F03FFA00283FF438AE8C
:109D000095F8C830012B08D0434D444B2A6809927E
:109D1000099A1A6004233B702BE603233B7027E665
:109D20003D4D0021142001F0D1FF2A6801923B4AE9
:109D30003B68019911603B4A03F0FD033B60C2F8A8
:109D40000080F9F7B5FA05E53148F8F7E7FDDAF8EC
:109D500020108046DAF8240006F066FF01464046EF
:109D600007F00AFA0028B9D0294614202A4DCBF86A
:109D7000009001F0ABFF294A2968DAF888001368DF
:109D80000291029903448B42BFF4E4AC2BE7F9F74C
:109D90008FFA8BE71E48F8F7C1FDF96807F00AFA59
:109DA00000287FF45EAE1A481B4DF8F733FEF96ABF
:109DB00007F000FA00287FF4F3AC00210C2001F03A
:109DC00085FF54E51248F8F7A9FDF96807F0F2F9A4
:109DD00000287FF4E5AC0E48F8F71CFEF96A07F09E
:109DE000E9F900287FF4DCACE7E74946C5F800A0B4
:109DF0001420094D01F06AFF084B2A68D8F8881032
:109E00001B680592059A0B449342BFF4A3AC27E765
:109E1000B895FF1FD894FF1F10BAFF1F4C95FF1F66
:109E20002095FF1FF894FF1F4087FF1F5893FF1FC7
:109E3000E4388E3E9893FF1F10B501F019FC0B48D3
:109E4000F7F73CFB0A48F9F71DFA0A4A0A48126874
:109E50000023012101F0BEFA4FF4B27004F032FE8B
:109E6000044600F023FA054B1C6010BDB895FF1F97
:109E70007094FF1F4C87FF1F7093FF1F1895FF1FE3
:109E8000F0B54FF47A6087B001F05CFF00210F203D
:109E900001F030FF00210E2001F02CFF00211120E5
:109EA00001F028FF0021102001F024FF00211220E2
:109EB00001F020FF0021132001F01CFF01210B20E5
:109EC00001F018FF01210C2001F014FF01211420E2
:109ED00001F010FF0121152001F00CFF01211620D7
:109EE00001F008FF0121172001F004FF01210520E6
:109EF000AF4CB04D01F0FEFE0121062001F0FAFE4C
:109F000001210D2001F0F6FE208806F03FFF0146FA
:109F1000162001F059FE208806F038FF0146172070
:109F200001F052FE208806F031FF0146052001F0C5
:109F30004BFE208806F02AFF0146062001F044FE71
:109F400005F1D4062F462C46601B01F0D9FB04F81E
:109F5000010BA642F8D13B78142B01D0F9F7EEF9AA
:109F6000002423467968944A0094944800F0C0FE87
:109F70009DF81430049443F0010364F341038DF819
:109F800014300424E2B204A901348C4800F076FEB7
:109F9000102CF7D18A4D2B682146D3F8540100F0DC
:109FA000E9F92B682146D3F8540100F087FA2B68B1
:109FB0000421D3F8540100F0C9FA2B680121D3F829
:109FC000540100F049FB2B680F21D3F8540100F035
:109FD000AFFC0C217B4804F0C5F87B4804F0D2FBB1
:109FE00021467A4804F0BEF8774804F0CBFB4FF4E2
:109FF000E131774804F0F6F90C21724802F08AF951
:10A00000734804F0BFFB2146704802F083F97048A2
:10A0100004F0B8FB4FF4E1316E4804F053FA6A489B
:10A0200004F0B0FB17216C4804F09CF8664804F07B
:10A03000A9FB6A4B1B78990600F12281674B1B78BC
:10A040001A0700F11581654B1B785B0700F1088149
:10A05000624B1B789E0700F1EF80614B1B781D0659
:10A0600000F1F6805E4B1B785C0600F199805C4B3A
:10A070001B78980600F18C80594B1B7859077FD4C8
:10A08000574B1B781A0773D4554B1B789B0706D583
:10A090001821544804F066F84B4804F073FB4A4812
:10A0A00004F070FB72B6504A4CF220534DF6281162
:10A0B000202513802B461180013BFDD14B484C4994
:10A0C0004C4B00244FF4805606800C801C8032F8E4
:10A0D0000E3C9BB243F0D30322F80E3C62B64649D5
:10A0E000464804F09FFA2946454804F03BF83648B4
:10A0F00004F048FB2946424802F00CF9344804F0C9
:10A1000041FB4048F7F7C2FE0420F8F767FF3E4BDB
:10A110003C481C60F7F7F6FD01210D2001F0D6FD4B
:10A12000B96D3848394CF8F7FDFBBA6C97F8441014
:10A130003448F8F7F9FB364B36491B68364A314844
:10A14000126881FB0351DB17A3EB211313FB02F30E
:10A150002380F7F78BFF314B31491A68039203983C
:10A160001B680293029A2F4B08601A6007B0F0BD7B
:10A1700019212D4803F0F6FF134804F003FB83E791
:10A180001C212A4803F0EEFF0F4804F0FBFA77E7A2
:10A190001321274803F0E6FF0B4804F0F3FA6BE7BE
:10A1A0001221244803F0DEFF074804F0EBFA5EE7D3
:10A1B0002887FF1F9893FF1F04BAFF1F68B8FF1F6F
:10A1C0001895FF1F206A01000888FF1F306A0100F0
:10A1D000C887FF1FDC87FF1F446A010001F00740AA
:10A1E00000F007402C6B01000E20054004200540C4
:10A1F000062005401620054094580900F087FF1FEF
:10A20000486B0100B895FF1F0095FF1FD094FF1FFA
:10A210003887FF1F1F85EB516887FF1F10BAFF1F8C
:10A220004C95FF1FD894FF1F106B0100F06A0100CE
:10A23000DC6A0100C86A01001721154803F092FF8B
:10A24000144804F09FFA144B1B781D067FF50AAFE3
:10A250000E21124803F086FF0E4804F093FA01E73E
:10A260000E210F4803F07EFF0A4804F08BFAEFE658
:10A270000C210C4803F076FF064804F083FAE2E66E
:10A280002121094803F06EFF024804F07BFAD5E66D
:10A29000A06A01000888FF1F00F00740B86A0100AB
:10A2A000906A0100806A01005C6A010038B5124AB8
:10A2B000124B00F1A8050021044600F05FFA284681
:10A2C0000F4B104A012100F059FA0F490F4A02239F
:10A2D00084F850310B68C4F8585143F00063C4F857
:10A2E0006051C4F85441C4F85C410B60136843F0FA
:10A2F00000632046136038BD706B0100C86B01001D
:10A300006C6B01009C6B01003C8004403080044079
:10A3100090F821308B421BD0012970B419D051B96B
:10A32000104A114B11701970036D80F821105B01F8
:10A3300003F18443196072B6436D5B0103F18443FA
:10A34000012200214276D9619A61DA6162B670BC5D
:10A350007047064D034A044B6026E1242E701470AA
:10A36000E1E700BF014007404000FA4200400740DB
:10A37000C069704738B5437E04460D46DBB9636D4E
:10A38000012D4FEA431303F184431DD90121042D0C
:10A39000996009D9082D23D9102D1AD92022596086
:10A3A000196084F8202038BD00210422596019600A
:10A3B00084F8202038BD00F01BF8636D012D4FEAB2
:10A3C000431303F18443E1D800229A6084F82020EB
:10A3D00038BD00221A601022596084F8202038BD50
:10A3E000002008221960586084F8202038BD00BF82
:10A3F000F8B5436D5B0103F184430446DA6942B169
:10A4000004F07EFB636D5B0103F18443DA69002A8B
:10A41000F6D19B6923B1E38A9BB243F00203E38246
:10A4200072B6637E002B36D0E16E236F626F0F68C9
:10A43000A06F1B68E16F16680568D4F88020096872
:10A440001268206E3B4433442B440B441344C3F343
:10A450004E03D4F88850D4F88C10D4F8902043F4EC
:10A46000004303602F68D4F894000B681668D4F892
:10A4700098100568D4F89C2009681268606E3B4407
:10A4800033442B440B441344C3F34E0343F40043BF
:10A4900000220360627662B6A37E6BB10221204681
:10A4A00000F054F80221204600F0D6F8042120469E
:10A4B000FFF760FF0023A376F8BD00BF38B5C37E69
:10A4C0008B4211D0437E04460D466BBB092D0CD840
:10A4D000A36B5B0103F1844300210822D960FF20B4
:10A4E0009960E276E06138BD38BD0B2D1FD90D2D86
:10A4F0000DD8A36B5B0103F1844301229A60002015
:10A500000C22D86040F6FF71E276E16138BDA36BA2
:10A510005B0103F1844301211022D9604FF6FF70E3
:10A520009960E276E06138BDFFF762FFCEE7A36B8A
:10A530005B0103F1844300229A6001200A22D86063
:10A5400040F2FF31E276E16138BD00BF90F8233080
:10A550008B4258D070B5437E05460C46002B35D152
:10A56000A31F032BEA6B17D9520102F1844200208A
:10A57000D060002C2DD1AB6B94605B0103F1844360
:10A5800001221146DA6116460020196058605E61AA
:10A590009A6185F8234070BDAB6B52015B0103F1FA
:10A5A000844302F1844201210020062CD1605960CD
:10A5B00019609861586127D0072C2AD0082C0CBF4D
:10A5C00090609160D86185F8234070BDFFF710FF5F
:10A5D000C6E7012C0DD0022C33D0032C1CD0042C48
:10A5E0001AD0052C23D0EB8A9BB243F00103EB82F7
:10A5F00070BDAB6B90605B0103F184432146DC616D
:10A6000022462646C0E770479060D96185F823400E
:10A6100070BD9160D961BCE7AB6B5B0103F1844312
:10A620000126966001463246D8610646ACE7AB6B20
:10A630005B0103F18443012696600146D86102461E
:10A64000A2E7AB6B90605B0103F184430122D86108
:10A650000146164698E700BF38B5437E04460D46CE
:10A660007BB9042D0AD8DFE805F00F1F2F3F030048
:10A67000A36B5B0103F1844300221A6184F8245028
:10A6800038BDFFF7B5FEECE7A26BE36B52015B014F
:10A6900003F1844302F184420021012010615960DA
:10A6A000196084F8245038BDA26BE36B52015B0142
:10A6B00003F1844302F184420121002011611960F9
:10A6C000586084F8245038BDA26BE36B52015B01E3
:10A6D00003F1844302F184420121002011611860DA
:10A6E000596084F8245038BDA26BE36B52015B01C2
:10A6F00003F1844302F18442012111615960196020
:10A7000084F8245038BD00BFC36B5B0103F1844360
:10A71000022270B505210026012580F8212004229F
:10A7200080F82420044680F82310C676C66180F89D
:10A7300020604676C682467580F8225031461D61FB
:10A74000FFF7E6FD0A21FFF7B9FE2046A576202196
:10A75000FFF710FE29462046FFF7F8FE294620465F
:10A76000FFF77AFF72B6636D65765B0103F1844390
:10A77000DE619D61DD6162B670BD00BFF8B5044663
:10A780008262C362017600294CD04D4B23631C3397
:10A79000E3644C4F4C4E4D4D4D484E494E4A676315
:10A7A0001833A3662033A663E56320646164A26462
:10A7B000C4F884301C371C36443518301831183230
:10A7C000A3F5052327656665A565E06521666266D4
:10A7D00018371836103D1C301C311C321C3BE76604
:10A7E00026676567A067E167C4F8802020312032C2
:10A7F000C4F8A03020373A23203620352030C4F862
:10A800009400C4F888702046C4F88C60C4F8905056
:10A81000C4F89810C4F89C2084F8A430FFF774FFA3
:10A820002046F8BD2D4B23631C33E3642C4F2D4E83
:10A830002D4D2E482E492F4A67631833A3662033C7
:10A84000A663E56320646164A264C4F884301C37A5
:10A850001C364435183018311832A3F5A04327654B
:10A860006665A565E0652166626618371836103D95
:10A870001C301C311C32443BE76626676567A067C5
:10A88000E167C4F8802020312032C4F8A03020379E
:10A890003923203620352030C4F89400C4F888705D
:10A8A0002046C4F88C60C4F89050C4F89810C4F8DE
:10A8B0009C2084F8A430FFF727FF2046F8BD00BF96
:10A8C00000B00B4004B00B4008B00B400CB00B4084
:10A8D00010B00B4014B00B4018B00B4000B0034058
:10A8E00004B0034008B003400CB0034010B0034074
:10A8F00014B0034018B00340836AC26B5B5C520122
:10A90000190602F184424CBF00210121116172B687
:10A91000016B4A0102F1844203F01F039269003285
:10A9200018BF012203EB82130B6062B6704700BFB1
:10A930002B2970B5044617D8836A5B5C03F01F03AC
:10A940001F2B11D0437E0E46ABB9636D627D5B0158
:10A9500003F1844301320125627520463146DD60F2
:10A96000FFF7CAFF284670BDE38A9BB243F0040399
:10A97000E382002070BDFFF73BFDE6E70020704753
:10A98000704700BF30B40B46054603C905EBC2044F
:10A99000043484E80300197911F0010F296812D1F9
:10A9A0001C6812481023843113FB0211A4042040B8
:10A9B00008602968803113FB021230BC136823F44D
:10A9C00000131360704718688431102313FB0211C1
:10A9D00020F0604008602968803113FB021230BC0F
:10A9E000136843F400131360704700BF0000FC1F9E
:10A9F00070B4438882689BB202EB031304461E685E
:10AA00005D689A68DB68CB608A600E604D60638821
:10AA1000A18801209BB2034493FBF1F201FB1233A6
:10AA20009BB2638070BC7047F8B5204C204A2179F6
:10AA30000546034601F0FD0102202A606FF3000184
:10AA4000002285F894011D2720261020C5F8A0209B
:10AA5000C5F8F870A5F89661A5F8980121712260F3
:10AA6000114643F8B02F05F1F00243F8041F93425A
:10AA70004FF00004F9D1C5F88440C5F88840C5F806
:10AA80008C40C5F890409822214605F1FC0006F064
:10AA90005FFF1F220F2385F8FC40C5F80841C5F869
:10AAA0000021C5F80C312846F8BD00BF04BAFF1FCD
:10AAB000004002400268136843F08053136002684C
:10AAC0001368D901FCD5136843F080531360026802
:10AAD0001368DB01FCD5704738B5D0F8A03003B15E
:10AAE00038BD0446B0F89801000103F0EDFFD4F83A
:10AAF000B020C4F8A000AAB10023B4F89851B4F86B
:10AB00009611A4F89430C4F89C00A4F89630C4F8C8
:10AB1000AC20A4F8A430A4F89850A4F8A810A4F885
:10AB2000A63038BDB4F89601000103F0CDFFC4F89B
:10AB3000B0000246D4F8A000DEE700BFF8B52C4B09
:10AB4000B3FBF1F5052DB3FBF5F6A1EB06064BD9EA
:10AB500000229E461746931CB5FBF3F4192C02F114
:10AB6000010203FB04F3F6D8BEFBF3F3CB1A002B70
:10AB7000B8BF5B42B3422EDB2FD0052CEBD87B1C39
:10AB8000B5FBF3F5053D142D1CD8B6F5967F19DC01
:10AB9000184A006805EB45055319515D5A789B78B2
:10ABA00001F0070141F48001D20441F4804102F434
:10ABB00060121B040A4303F4E023134343EA0767CC
:10ABC0004760F8BD39210C4803F0CCFA0B48BDE8CA
:10ABD000F84003F0D7BD1E4617460B2CCDD9122CDA
:10ABE0009CBF1E461746C8E701230027C8E700BFE1
:10ABF0000024F4007487FF1FCC6B01000888FF1F3E
:10AC00000F2930B404462DDC69BBD0F8A0300120F8
:10AC100084F8940123B3002210252368803315FBA8
:10AC200002330132196801F4001141F080611960AA
:10AC300094F89401C0F11003D2B2DBB29342ECD885
:10AC40000F2B0DD810204FF000612268803210FBCE
:10AC500003220133DBB2102B1160F6D194F894017A
:10AC600030BC70470F21D4F8A03084F894111BB188
:10AC70001029D0D10023E5E70846F1E790F8943198
:10AC8000C3F11003DBB29A4201D2FFF77BBE7047DB
:10AC900090F89431C3F11003DBB29A4220D20368DA
:10ACA00010B41C68E4011CD41C6844F080441C608F
:10ACB0000468236843F08053236004682368DB0141
:10ACC000FCD504F5086404EB820211600268136885
:10ACD00023F08053136002681368DB01FCD410BCBE
:10ACE000704703F5086303EB820210BC1160F7E7BD
:10ACF0002DE9F0410546164698460C469DF8187019
:10AD0000FFF7EAFE2A68524B9A4200F08F80514AC0
:10AD10004F49137843F0800313702B688B427BD02C
:10AD20005A6822F400525A602A68136843F080433C
:10AD300013602A68136823F0004313602A681368BD
:10AD4000DB02FCD4136883F0007313602B681A686D
:10AD50009701FCD41A68D001FCD51A6842F400327D
:10AD60001A6021462846FFF7E9FE2A68136843F473
:10AD70008033136095F89431102B18BF002404D150
:10AD80001DE00134E4B29C4219D22246002128463B
:10AD9000FFF77EFF95F89431C3F11003DBB2A342B5
:10ADA000EFD9224631462846FFF7ECFD95F894315D
:10ADB0000134C3F11003DBB2E4B29C42E5D32A684C
:10ADC000136823F0805313602B681A68D101FCD4F8
:10ADD0001A681201FCD495F894112846FFF710FF69
:10ADE000D5F8F83003F1604303F5644340221A704C
:10ADF000D5F8F82053099B0003F1604303F5614344
:10AE000002F01F02012101FA02F21A602B684FF6CC
:10AE1000FF729A62BDE8F081A2F5E732A2F5E27214
:10AE2000136843F0100313602B6879E7B8F1010F42
:10AE300006BF03F518334833074B4FF40072012F58
:10AE40001A600CBF054B064B4FF400721A605EE7A8
:10AE50000040024000500640309004404CA00440A6
:10AE600034900440D0F8F83030B45C09A10001F10E
:10AE7000604101F5614101220968144D03F01F038F
:10AE800002FA03F3194008BF002280F8F42045F8C5
:10AE90002430B0F8A430B0F8A6209BB292B29B1A2E
:10AEA00044BFB0F8A8209B1869B1D0F8F8104A093F
:10AEB000920002F1604202F5614201F01F0101209F
:10AEC00000FA01F11160184630BC704780E100E0E3
:10AED000F8B50446D0F8F8001A4F4609B30003F15C
:10AEE000604303F5614301221D6800F01F0002FA70
:10AEF00000F31D4214BF1546002584F8F45047F8AE
:10AF00002630B4F8A420B4F8A63092B29BB29A428C
:10AF100016D004F1A400FFF76BFD94F8F45075B15E
:10AF2000D4F8F82053099B0003F1604303F5614313
:10AF3000012102F01F0201FA02F21A60F8BDF8BD09
:10AF40000020ECE780E100E070B48B7913F0010F92
:10AF5000036828D00C681025843315FB023324F0D5
:10AF6000604412FB05F21C6003688C68883324BAC5
:10AF70009C500368CC688C3324BA9C508B79DC07D6
:10AF80001DD513F0020FCB7901684FEA034303F498
:10AF9000702301F1800114BF43F0476343F046631F
:10AFA0008B5070BC70470D680E4C1026843316FB16
:10AFB0000233AD042C4012FB06F21C60D4E713F000
:10AFC000020FCB7901684FEA034303F4702301F1C8
:10AFD000800114BF43F0416343F040638B5070BC69
:10AFE000704700BF0000FC1F0368F0B580331027D6
:10AFF00017FB02338C791D688D80C5F34056C5F36D
:10B000000343C5F3005E66F30004CB7106686EF37C
:10B01000410404F0FB046FF3C70417FB02668C7154
:10B0200091F806E0D6F884401EF0010F24F0604449
:10B030000C60C5F3036504BFA40C0C60062D25D07D
:10B04000D6F88840CC72260A250C042B4FEA1464EB
:10B050008E724D720C7210D900688C3017FB020290
:10B06000072B1268CA734FEA12244FEA12404FEAC4
:10B0700012628C7348730A7307D807330B4400229B
:10B080000F3103F8012F8B42FBD1F0BD8C7944F0D6
:10B0900004048C71D4E700BF0B884888F0B59BB2DC
:10B0A0008D88013393FBF5F405FB14339BB280B21A
:10B0B000834213D00888D2F800C0D2F804E0976821
:10B0C000D6688D6882B21201AC1845F802C0C4F887
:10B0D00004E0A760E66001200B80F0BD0020F0BD19
:10B0E000F8B50446D0F8F8002B4E4509AB0003F143
:10B0F000604303F5614301221F6800F01F0002FA5C
:10B1000000F31F4208BF002284F8F42046F82530DF
:10B11000B4F89430B4F896209BB292B29A4218D008
:10B120000A46204604F19401FFF7B6FF94F8F43084
:10B1300073B1D4F8F82053099B0003F1604303F581
:10B140006143012102F01F0201FA02F21A60F8BD08
:10B15000F8BD94F89421C2F11002D2B20F2ADFD8C0
:10B1600002F12D0504EB8505130104E00132102ADC
:10B1700003F11003D4D055F8040B0028F6D1206851
:10B180008030C058C0F303600828EFD12046D2B207
:10B19000FFF7DAFE0120C9E780E100E02DE9F04F7A
:10B1A000026889B0136B03938346054600F1B40A25
:10B1B0000024994608E0022B3AD00134102C05F106
:10B1C00008050AF1040A2ED029FA04F3D907F4D5A8
:10B1D000270102F18003DB59C3F30363062B27D059
:10B1E000082BE8D1DAF8000008B90BF194000188C7
:10B1F000438889B29BB2994200F09D8001884388C0
:10B2000089B29BB29942D8D004A9FFF7F1FB00287C
:10B2100040F0B280DBF800200134102C05F1080565
:10B220000AF1040AD0D1039B136309B0BDE8F08F83
:10B2300004A9E2B25846FFF7D7FE9BF8FC306BB189
:10B24000D5F814319DF8162001335207C5F8143192
:10B2500004D5D5F818310133C5F81831002201237F
:10B260008DE88400A34002950BF180060BF1900855
:10B270001D4656F8040F28B1426812EA05032BD187
:10B28000002A3FDBB045F4D1009B019F029D002BBB
:10B290003FD09BF8FC3083B1BBF8A430BBF8A610BC
:10B2A0009AB28BB2D31A44BFBBF8A8209B18DBF824
:10B2B00004219A4238BFCBF804310BEBC4031B7A4C
:10B2C000DB0714D5DBF800306A68843322F0604273
:10B2D000DA51DBF8002070E703681F682D4B9F42AE
:10B2E00045D10020009B1843C3B20093CAE76968A8
:10B2F000DBF80030284A890484330A40DA51DBF84D
:10B3000000205AE702681768224A97423CD1184643
:10B31000E8E704AA0BF1A4015846FFF7BDFE002898
:10B32000B7D19BF8FC30002BC7D0DBF808310133D4
:10B33000CBF80831B0E70127A74047F000470BF1F1
:10B3400080060BF1900856F8040F10B143681F42B5
:10B3500004D1B045F7D1DBF800205DE703680F4A60
:10B360005B689342F5D0002221469847F1E700231D
:10B37000224604A9B847B5E7E2B204A95846FFF748
:10B38000E3FDDBF8002018E74FF0FF3204A9B847CF
:10B39000A8E700BF7DA900000000FC1F81A90000F4
:10B3A0000148FFF7FBBE00BF68B8FF1F704700BF32
:10B3B000014B1B681B6A704768B8FF1F704700BFCE
:10B3C000704700BF704700BF00210148FFF72CBB4A
:10B3D00068B8FF1F38B50446104621700A491D465B
:10B3E00005F02CFD01464FF07E5005F0DBFD0749CE
:10B3F00005F024FDE56060602561656100F080FC7A
:10B40000E061204638BD00BFDB0FC940002474490D
:10B4100038B503780446032B20D8DFE803F01A1868
:10B420001002C168406905F0FFFB0D4905466068E0
:10B4300005F0B8FD0146284605F0B4FD38BD0849C1
:10B44000406805F0AFFDE16805F0F8FC38BDC06864
:10B4500038BDC168406905F0E7FB38BD002038BD44
:10B460000024744970B504460E4600F049FC0546B8
:10B47000E069281A05F08EFCE3682361E5616661E6
:10B48000A0610146606805F08DFD0146A06010488E
:10B4900005F088FD05F028F803F0C2FC05F070FB0C
:10B4A000054601464FF07E5005F0BEFB616905F090
:10B4B000C5FC21690646284605F0C0FC0146304619
:10B4C00005F0B4FBE0602046BDE87040FFF7A0BF88
:10B4D000000080BFF0B589B00E46154601F048FB6C
:10B4E000F8B11B4F3B680093009B002401F040FB28
:10B4F000C8B90C2CFAD103AB04A8002213F8011B25
:10B50000834201EB0222F9D132600DF10F036A1E72
:10B510000DF1170013F8011F02F8011F8342F9D142
:10B52000012009B0F0BD01F033FB08AB2344013426
:10B530000C2C03F8140CDED03B680293029A3B6893
:10B540000193019B9B1A0A2BD0D9002009B0F0BDB2
:10B5500010BAFF1F30B42948294A2A4B2A4D6024CB
:10B56000E121047011701B78284C082B30D00A2B75
:10B570002748284937D00C2B0CBF35223D221223F7
:10B580002A60236002600B60234B24491B78244A05
:10B59000BBB101230B601360224B23491B78234A64
:10B5A000012B26D9042B0FD9082B1ED9102B94BFA1
:10B5B000862387230B6013601D4B01221A7030BC59
:10B5C00070470B601360E7E784230B601360F3E7B9
:10B5D00000F58E200F490830012213232A602360D2
:10B5E00002600B60D0E73922F7E785230B60136018
:10B5F000E2E780230B601360DEE700BF00400740F6
:10B6000001400740B387FF1F08B003400CB0034060
:10B6100008B00B400CB00B400DBAFF1F20B0034028
:10B6200020B00B40B487FF1F24B0034024B00B4070
:10B630000CBAFF1F0A4A0B49136843F48053136086
:10B640000B7843B9084BC0221A70084B80F30C00EA
:10B6500000B218807047044B80221A70F5E700BFD3
:10B660002C8004400DBAFF1F21C00C4000C00C40CC
:10B67000F0B51B4B1B4E596818689A68DB6885B09B
:10B680006C460FC4337899071DD5174A174C1378A9
:10B69000174913F0700318BF1370164A164B802712
:10B6A000177000263320032226706D4608701A702A
:10B6B00072B6043C45F001052046A84762B62378DF
:10B6C00013F0700309D10D4B064901E0013B02D094
:10B6D0000A78D207FAD505B0F0BD237005B0F0BDE9
:10B6E000086C01000100024000000240040002401A
:10B6F0000B000240070002400A000240410D030017
:10B70000B0F5006F0AD210B5094B1B78DB07044671
:10B7100006D504F1A0500078C0B210BD00207047DB
:10B72000FFF7A6FF04F1A0500078C0B210BD00BF23
:10B7300001000240B1F5006F60D2F0B5374B1B78C5
:10B74000DB0785B00C465AD5B2F5006F03D28B18D3
:10B75000B3F5006F5ED3C1F50062314D2F4B14F08D
:10B76000030118D002292DD004F1A05607783178B2
:10B770008F4200F1010008D0297811F0700118BF44
:10B78000297037701978C907FCD5013A0134002AAD
:10B79000E5D105B0F0BD032A14D904F1A05650F844
:10B7A000047B31688F4208D0297811F0700118BFEE
:10B7B000297037601978CF07FCD5043A0434002A81
:10B7C000CDD1E6E7012ACFD004F1A05790F801E0EF
:10B7D00001783E8841EA0E218E4200F1020008D035
:10B7E0002E7816F0700618BF2E7039801978CE07A3
:10B7F000FCD5023A0234002AB1D1CAE7704703925D
:10B8000002910190FFF734FF01A807C8B2F5006F5D
:10B810009DD3A0E7002AA0D1BBE700BF01000240F2
:10B820000000024008B5104C08E0236859050DD40B
:10B8300023681A050FD42368DB0411D42368580346
:10B84000F3D501F021FE23685905F1D500F066FE1D
:10B8500023681A05EFD501F00DFA2368DB04EDD556
:10B8600001F0CAFCEAE700BF3480044008B5FFF7E6
:10B87000D9FF00BF014B10221A80704700200540FD
:10B88000704700BF094908B50B6830B16A461844D3
:10B89000A2F58052904202D20860184608BD05F019
:10B8A000EFFC0C2303604FF0FF3008BDB887FF1F8B
:10B8B000EFF3138070B9EFF310836BB9EFF30582E8
:10B8C0005AB94FF48070EFF311832BB1984228BF1F
:10B8D000184670474FF0FF3070470F2A01D81846BE
:10B8E000F1E7014BD05CEEE7F0E300E010B40F4B62
:10B8F00053F8302092F880422CB1012369B182F8CC
:10B90000803010BC704703EBC0035B681A6841B914
:10B9100022F002021A6010BC704782F8003110BC9D
:10B92000704742F003021A6010BC7047186C0100A7
:10B930001C4A02EBC00301295B6811D004291BD00B
:10B9400052F83000002280F8802229B1022920D04C
:10B95000032922D01A6070474FF480721A60704732
:10B9600052F830004FF4A27280F880121A601A6800
:10B9700022F020021A60704752F830104FF4A27281
:10B98000012081F880021A601A6842F020021A60D1
:10B99000704740F203121A6070474FF481721A60C8
:10B9A000704700BF186C010030B4054B054D064CC4
:10B9B000002210211A602A602060196030BC704794
:10B9C00014D0034004D0034000D00340282838B5E9
:10B9D0002ED0002904464FDD5F4B1B78012505FA68
:10B9E00003F28A4202D8212837D938BD0338C2B2BF
:10B9F000012A3AD9202C4AD0192C48D0574A12682B
:10BA000002FB011222FA03F31D2800F29B80DFE8FB
:10BA100000F0928B847D9999766F9999999999996B
:10BA200099999968615A53994C9999999999994515
:10BA3000494B1B780B2B08D90C2B1CBF0C3B194115
:10BA40000846BDE83840FFF7F5BDC3F10C03994047
:10BA50000846BDE83840FFF7EDBD2946FFF746FF31
:10BA60002946BDE83840FFF763BF3D4A126802FB34
:10BA7000011222FA03F3C7E72128B6D80021FFF705
:10BA800035FF20460121BDE83840FFF751BF354A58
:10BA9000126802FB011222FA03F3B5E73249334A76
:10BAA0000B604FF45173136038BD3149314A0B605C
:10BAB0004FF45173136038BD2F49304A0B6040F288
:10BAC0004443136038BD2E492E4A0B6040F2444374
:10BAD000136038BD2C492D4A0B6040F2444313607B
:10BAE00038BD2B492B4A0B6040F24443136038BDEC
:10BAF00029492A4A0B6040F24443136038BD284963
:10BB0000284A0B6040F24443136038BD2649274A57
:10BB10000B6040F24443136038BD2549254A0B6051
:10BB200040F24443136038BD2349244A0B604FF46C
:10BB30005173136038BD2249224A0B604FF4517390
:10BB4000136038BD212C3FF650AF7F29D4BF0021B0
:10BB50000121204693E700BFBC87FF1F08800340F8
:10BB60000890034008800B4010800B4048A0044020
:10BB700018800B404CA004401880034008B00440DB
:10BB80001080034004B004404080034018C00440CB
:10BB90003880034014C004402880034010B00440A3
:10BBA000208003400CB004403080034010C00440AB
:10BBB000488003401CC00440189003403490044067
:10BBC00010900340309004402DE9F8430E46804623
:10BBD0003249334D304605F0CFFA47F6122300289C
:10BBE0001ABF1D464FF002094FF00109002425FA43
:10BBF00004F005F0CBF84FF05E51074605F01EF952
:10BC00000146304605F0CCFA30B90134072CEED1AC
:10BC1000E80905F0BBF807463146384605F0C2F999
:10BC20004FF07C5105F000F805F00AFB4FF6FF726B
:10BC30009042A8F1030328BF1046012B29D9B8F17F
:10BC4000170F17D8174B23FA08F303F0010383F0FB
:10BC5000010223B9B8F1190F0FD0BDE8F883124BD8
:10BC6000124D13491A6044EAC9042A6008601C6036
:10BC7000BDE8F883B8F1200FECD10E4B0E4D0F4903
:10BC8000002244EAC9041A602A6008601C60BDE80A
:10BC9000F8830B4B0B4D0C49F2E700BF001BB7407C
:10BCA000006CDC026006F00000800340048003406A
:10BCB0000880034000800B4004800B4008800B404C
:10BCC000009003400490034008900340212801D8CD
:10BCD000FFF70CBE704700BF212806D8044B53F86D
:10BCE000303093F80002C0B270470020704700BFA8
:10BCF000186C0100212801D8FFF71ABE704700BF59
:10BD000072B60C490C4B0D4A1B680868126862B683
:10BD1000520102D5322B88BF01300949C3F5BB332C
:10BD20004FF47A72FF33A1FB031302FB00F000EB28
:10BD30009310704710BAFF1F18E000E004ED00E018
:10BD4000ABAAAAAA2DE9F843054672B6204F214BAB
:10BD5000214A1B683C68126862B6520102D5322B38
:10BD600088BF013495B3C3F5BB331C4EDFF8649034
:10BD7000DFF86480FF334FF47A72A6FB031302FBF3
:10BD800004F404EB931472B6D9F800103A68D8F8AA
:10BD900000E062B6C1F5BB33FF33A6FB03031EF020
:10BDA000806FC4EB93134FF47A7002D0322988BFAE
:10BDB000013200FB0233B3F57A7F04D3013D05D095
:10BDC00004F57A74DFE702F09BFEDCE7BDE8F88358
:10BDD00010BAFF1F18E000E004ED00E0ABAAAAAA29
:10BDE000F8B52D4B2D49DFF8D0E0DFF8D0C02C4E50
:10BDF0002C4D2D4C2D4A2E4F4FF4000018604FF063
:10BE0000807018604FF0007018604FF0806018600C
:10BE10004FF0006018600020086028234BF6FF7187
:10BE2000CCF80010CEF80030336013602B60236034
:10BE30003B60B3629362092245F8242CC4F8D80F02
:10BE400005F57F65C7F8D41F07F5FF2707F5FA67E3
:10BE5000C6F8F83F2B6006F5FF26C4F8D42F05F589
:10BE6000FD2504F5FF24386006F2F47611483160B0
:10BE700005F5FF6504F5FD642B6023600260FFF7A4
:10BE800069FB1920FFF75EFF02F064F840F213101F
:10BE9000BDE8F840FFF756BF08E100E0048003402A
:10BEA00014800340248003402C8003401C80034006
:10BEB0003480034000800B400C8003400880034026
:10BEC0002DE9F84F214B1B6807460BB101221A7070
:10BED000DFF888901E4D99F80040DFF884801D4EF1
:10BEE00001343F2C8ABF4FF0000A5FFA84FA5446AF
:10BEF000AB462B78A34216D1FFF7DAFC40281FDCB3
:10BF000033791B06F5D59BF8003001333F2B86BFF4
:10BF100000221346DAB218F80330DBB2F3712A704C
:10BF20002B78A342E8D00C490A4BFFB208F8047002
:10BF30000120BC22087089F800A0DA70BDE8F88FF3
:10BF4000FF28D6DD02F0DCFDD3E700BFA4BAFF1F57
:10BF5000A1BAFF1F00A00640A0BAFF1FA8BAFF1F8A
:10BF60001CBAFF1F2B4A2C491368F0B543F48063B9
:10BF700013600A78294F2A4E2A4D2B4C2B49002357
:10BF80003B7033702B7023700B70002A3DD0152A44
:10BF900021D0274B1B78012B25D0052B30D01F2813
:10BFA00027D8002002460125224B234C1A70234932
:10BFB0005D7004224FF0020E88273C2640259872BF
:10BFC0009A704FF4005083F813E05A751F74DE70B6
:10BFD00025700860F0BD1A4B40F213321A60144B02
:10BFE0001B78012BD9D1174B4FF451721F281A60BF
:10BFF000D7D9C0F34432C0F3471500F01F00D3E790
:10C00000114B4FF451721A60C9E7104B40F21332D2
:10C010001A60BEE7348004405CBAFF1F18BAFF1FE5
:10C0200019BAFF1FA8BAFF1FA1BAFF1FA0BAFF1FAE
:10C03000BD87FF1F00A006402DE400E004E100E002
:10C0400018C0044044A004401CC0044040A0044068
:10C05000144B14499B7803F0EC0200F003031343E4
:10C06000420700F00F0248BF43F01003042A8B7010
:10C0700013D00C4B0B4A5B79C10603F0EF0348BFAA
:10C0800043F0100353719379820603F0EF03054ADE
:10C0900048BF43F01003937170478B7943F040031E
:10C0A0008B71E6E700A00640234B1B685B0541D57A
:10C0B00010B5224C237823B102F022FD2378002B07
:10C0C000FAD11F481F4A204B4FF40054002104604E
:10C0D000D1701B78FBB1152B03D11C4B40F203121E
:10C0E0001A601B4B1B7803F07F03012B1DD0052B1F
:10C0F00003D1184B40F203121A60174A114B17482C
:10C10000174912681C79DB79002303700B700AB1A0
:10C110000123137010BD134B40F203121A600C4B35
:10C120001B7803F07F03012BE1D10F4B40F2031288
:10C130001A60E2E7704700BF34800440A0BAFF1FD6
:10C1400084E100E000A006405CBAFF1F18C0044074
:10C15000BD87FF1F1CC0044014BAFF1F18BAFF1F81
:10C1600019BAFF1F40A0044044A004400A4A38B551
:10C170000546137803F0FF04002BFAD1012128466D
:10C18000FFF7B8FD21462846FFF7A0FD034A044B00
:10C1900052F835201A6038BDA0BAFF1F186C010094
:10C1A000A4BAFF1F09B140F08000174A13789842E3
:10C1B00016D010B4154C246864050FD503F07F0326
:10C1C000012B1CD0052B11D0002900F07F0114BFDA
:10C1D0006023442301290DD0052902D0107010BC22
:10C1E00070470B4943F440730B60F7E7084B00249A
:10C1F0001C60E9E7074943F440730B60EEE7054B29
:10C2000000241C60E0E700BFBD87FF1F34800440AE
:10C210001CC0044044A00440104B1A7882420AD04B
:10C220000F490968490505D5AAB1152A09D068B191
:10C23000152801D0187070470A4A40F21331116076
:10C24000F8E7084A002111600028F1D1064A40F2BF
:10C2500013311160EEE704490A60E8E75CBAFF1F9A
:10C260003480044018C0044040A004400D4B1B68BB
:10C2700013F4806305D0212805D90B4B00201860EA
:10C28000704718467047094B10B5074C53F83030CB
:10C2900023600121FFF72EFD236800221A70012080
:10C2A00010BD00BF3480044014BAFF1F186C010099
:10C2B0000F4B1B6813F4806308D0122808D0142891
:10C2C00011D00C4A537B03F0FE03537300207047D8
:10C2D000094B40F202321A60064A537B43F00103D5
:10C2E000537301207047054B40F202321A60F3E7A6
:10C2F0003480044000A006400CA0044014C0044058
:10C30000034B1B685B0501D5FFF7DABD704700BF23
:10C31000348004402DE9F84F294B1B685A0548D555
:10C32000284B1B6805460BB101221A7005EB010A68
:10C33000554540D2DFF89C80234CDFF89C90234F7A
:10C340000AE015F8012B09F80B20214A0123AA4520
:10C35000137088F800602ED098F80030227803F12E
:10C36000010BBBF13F0F86BF0026B3465FFA8BF689
:10C370009345E6D1BC22FA7005E03A7913060BD456
:10C3800022789345DDD1FFF793FA4028F5DDFF28A9
:10C39000F6DD02F0B5FBF3E7227801323F2A86BFD3
:10C3A00000210A46D1B219F80220D2B2FA712170E6
:10C3B000E6E7BDE8F88F054BBC22DA70BDE8F88FE0
:10C3C00034800440A4BAFF1FA1BAFF1F00A006409A
:10C3D000A0BAFF1FA8BAFF1F1CBAFF1F10B5044C5C
:10C3E000237823B102F08CFB2378002BFAD110BD07
:10C3F000A0BAFF1F064A074B1B781078DBB2C0B209
:10C4000083422CBF3F3000F1FF30C01A704700BF9D
:10C41000A1BAFF1FA8BAFF1F054A064B10781B7868
:10C42000C0B2DBB2984238BF4030C01A704700BF7C
:10C4300018BAFF1F19BAFF1F30B4154B154C1A78E4
:10C440002378D2B2DBB29A421ED001333F2B0ED9F1
:10C450001149124B087819680023C0B2237021B12A
:10C46000D31A1A2B01DC00230B7030BC70470A482A
:10C470000A49C05C0968DDB2C0B225700029F4D059
:10C480009A4238BF4032EBE74FF0FF30EDE700BF94
:10C4900018BAFF1F19BAFF1F60BAFF1F14BAFF1F97
:10C4A000084A094B12781B78DBB29A4207D0013355
:10C4B000402B28BF0023054AD05CC0B270474FF024
:10C4C000FF30704718BAFF1F19BAFF1F60BAFF1F6D
:10C4D0000D4B1B685B0516D530B40C4B0C4CDA7851
:10C4E0000C480D4902F0CB024025DA705D74DA7811
:10C4F00042F03402DA7023780268DBB20B700AB1C2
:10C500000023137030BC70473480044000A0064004
:10C5100019BAFF1F14BAFF1F18BAFF1FF0B4384B27
:10C520001A7912F0300F2CD072B6997D01F0FF020B
:10C5300000293DD062B6334F334938780D78334EF9
:10C540001C46C0B2EDB2431C402BE17928BF00234A
:10C55000AB4202F1FF32C9B21CBFF154184612F0CF
:10C56000FF02F0D12A4B1B68C2B23A704BB1A8420D
:10C5700036BFC5F14005401B40192728C4BF012222
:10C580001A701F49CA78D2B2150616D452060DD5B4
:10C590001B4B1B795B0609D51E4B1F491B680022EC
:10C5A0000A7003B11A70164B3C22DA70F0BC704767
:10C5B0004022D9795A7462B6E3E70B791C06E5D5B7
:10C5C000164B174E1C783378E4B2DBB29C420ED087
:10C5D000144D01E0A3420AD00133402B28BF0023B1
:10C5E0000879E85CC0B2C871087D0728F2D9DBB2CF
:10C5F000034933700B79180644BF7C23CB70C5E721
:10C6000000A0064018BAFF1F19BAFF1F60BAFF1F2B
:10C6100014BAFF1FA4BAFF1FA0BAFF1FA8BAFF1FBA
:10C62000A1BAFF1F1CBAFF1F2B4A2C491368F0B593
:10C6300043F4006313600A78294F2A4E2A4D2B4C8D
:10C640002B490023092A3B7033702B7023700B7029
:10C650003DD01A2A21D0274B1B780A2B25D01F2B1F
:10C6600030D01F2827D8002002460125224B234C1A
:10C670001A7023495D7004224FF0020E88273C2671
:10C68000402598729A704FF4004083F813E05A7571
:10C690001F74DE7025700860F0BD1A4B40F2133233
:10C6A0001A60144B1B780A2BD9D1174B4FF45172D7
:10C6B0001F281A60D7D9C0F34432C0F3471500F0E1
:10C6C0001F00D3E7114B4FF451721A60C9E7104BAA
:10C6D00040F213321A60BEE734800440BE87FF1F69
:10C6E0001CBBFF1FB1BAFF1F24BBFF1F1DBBFF1FD9
:10C6F000B0BAFF1FBF87FF1F00B006402FE400E065
:10C7000004E100E004D0044010B0044000D0044034
:10C710000CB00440144B14499B7803F0EC0200F079
:10C7200003031343420700F00F0248BF43F0100316
:10C73000042A8B7013D00C4B0B4A5B79C10603F0B3
:10C74000EF0348BF43F0100353719379820603F05F
:10C75000EF03054A48BF43F01003937170478B798C
:10C7600043F040038B71E6E700B00640234B1B68A3
:10C770001B0542D510B5224C237823B102F0C0F935
:10C780002378002BFAD11F481F4A204B4FF4004456
:10C7900000210460D1701B78092B1FD01A2B03D104
:10C7A0001B4B40F203121A601A4B1B7803F07F03F5
:10C7B0000A2B1DD01F2B03D1174B40F203121A6016
:10C7C000164A114B1648174912681C79DB79002369
:10C7D00003700B700AB10123137010BD124B40F2AD
:10C7E00003121A600B4B1B7803F07F030A2BE1D175
:10C7F0000E4B40F203121A60E2E7704734800440A7
:10C80000B0BAFF1F84E100E000B00640BE87FF1F02
:10C8100004D00440BF87FF1F00D00440ACBAFF1F04
:10C820001CBBFF1FB1BAFF1F0CB0044010B0044086
:10C830000A4A38B50546137803F0FF04002BFAD1F5
:10C8400001212846FFF756FA21462846FFF73EFA0F
:10C85000034A044B52F835201A6038BDB0BAFF1FA6
:10C86000186C010020BBFF1F09B140F08000174A7F
:10C870001378984216D010B4154C246824050FD5AF
:10C8800003F07F030A2B1CD01F2B11D0002900F0CE
:10C890007F0114BF602344230A290DD01F2902D031
:10C8A000107010BC70470B4943F440730B60F7E7FE
:10C8B000084B00241C60E9E7074943F440730B6010
:10C8C000EEE7054B00241C60E0E700BFBF87FF1FB9
:10C8D0003480044000D0044010B00440124B1A7859
:10C8E00082420CD011490968090507D5092A16D0DA
:10C8F0001A2A0AD009280DD01A2801D018707047BA
:10C900000B4A40F213311160F8E7094A0021092867
:10C910001160F1D1074A40F213311160EEE7054A88
:10C9200000211160E6E700BFBE87FF1F348004408E
:10C9300004D004400CB004400D4B1B6813F400639A
:10C9400005D0212805D90B4B0020186070471846E8
:10C950007047094B10B5074C53F830302360012164
:10C96000FFF7C8F9236800221A70012010BD00BF2C
:10C9700034800440ACBAFF1F186C01000C4B1B68DC
:10C9800013F4006306D0172806D00A4A537B03F03D
:10C99000FE03537300207047074B064A40F20231F2
:10C9A0001960537B43F0010353730120704700BFAC
:10C9B0003480044000B0064008B004402DE9F84F30
:10C9C000234B1B681A053BD5224B1B680BB1012278
:10C9D0001A70DFF89090204D99F80040DFF88880B9
:10C9E0001E4E0134272C8ABF4FF0000A5FFA84FAEA
:10C9F00054460746AB462B789C4216D1FEF758FFAB
:10CA000040281FDC33791B06F5D59BF80030013335
:10CA1000272B86BF00221346DAB218F80330DBB2A8
:10CA2000F3712A702B789C42E8D00D490B4BFFB272
:10CA30000120BC2208F80470087089F800A0DA70A0
:10CA4000BDE8F88FFF28D6DD02F05AF8D3E700BF23
:10CA50003480044020BBFF1F1DBBFF1F00B00640F9
:10CA6000B0BAFF1F24BBFF1FB4BAFF1F2DE9F84F58
:10CA7000294B1B681A0548D5284B1B6805460BB186
:10CA800001221A7005EB010A554540D2DFF89C805F
:10CA9000234CDFF89C90234F0AE015F8012B09F88E
:10CAA0000B20214A0123AA45137088F800602ED07C
:10CAB00098F80030227803F1010BBBF1270F86BFF5
:10CAC0000026B3465FFA8BF69345E6D1BC22FA7096
:10CAD00005E03A7913060BD422789345DDD1FEF7B1
:10CAE000E7FE4028F5DDFF28F6DD02F009F8F3E760
:10CAF00022780132272A86BF00210A46D1B219F8CE
:10CB00000220D2B2FA712170E6E7BDE8F88F054B3A
:10CB1000BC22DA70BDE8F88F3480044020BBFF1FD0
:10CB20001DBBFF1F00B00640B0BAFF1F24BBFF1F94
:10CB3000B4BAFF1F10B5044C237823B101F0E0FF15
:10CB40002378002BFAD110BDB0BAFF1F064A074B5D
:10CB50001B781078DBB2C0B283422CBF273000F1C3
:10CB6000FF30C01A704700BF1DBBFF1F24BBFF1F53
:10CB7000054A064B10781B78C0B2DBB2984238BF2A
:10CB80004030C01A704700BF1CBBFF1FB1BAFF1F67
:10CB900030B4154B154C1A782378D2B2DBB29A42D6
:10CBA0001ED001333F2B0ED91149124B087819685A
:10CBB0000023C0B2237021B1D31A1A2B01DC002349
:10CBC0000B7030BC70470A480A49C05C0968DDB286
:10CBD000C0B225700029F4D09A4238BF4032EBE74A
:10CBE0004FF0FF30EDE700BF1CBBFF1FB1BAFF1FC6
:10CBF000DCBAFF1FACBAFF1F084A094B12781B783A
:10CC0000DBB29A4207D00133402B28BF0023054AEC
:10CC1000D05CC0B270474FF0FF3070471CBBFF1FA5
:10CC2000B1BAFF1FDCBAFF1F0D4B1B681B0516D5E1
:10CC300030B40C4B0C4CDA780C480D4902F0CB02A6
:10CC40004025DA705D74DA7842F03402DA702378C5
:10CC50000268DBB20B700AB10023137030BC70475E
:10CC60003480044000B00640B1BAFF1FACBAFF1FC9
:10CC70001CBBFF1FF0B4384B1A7912F0300F2CD0C8
:10CC800072B6997D01F0FF0200293DD062B6334FA4
:10CC9000334938780D78334E1C46C0B2EDB2431C90
:10CCA000402BE17928BF0023AB4202F1FF32C9B229
:10CCB0001CBFF154184612F0FF02F0D12A4B1B683A
:10CCC000C2B23A704BB1A84236BFC5F14005401B15
:10CCD00040192728C4BF01221A701F49CA78D2B24E
:10CCE000150616D452060DD51B4B1B795B0609D5CC
:10CCF0001E4B1F491B6800220A7003B11A70164BA5
:10CD00003C22DA70F0BC70474022D9795A7462B67E
:10CD1000E3E70B791C06E5D5164B174E1C783378E4
:10CD2000E4B2DBB29C420ED0144D01E0A3420AD023
:10CD30000133282B28BF00230879E85CC0B2C871F2
:10CD4000087D0728F2D9DBB2034933700B79180646
:10CD500044BF7C23CB70C5E700B006401CBBFF1F5F
:10CD6000B1BAFF1FDCBAFF1FACBAFF1F20BBFF1F09
:10CD7000B0BAFF1F24BBFF1F1DBBFF1FB4BAFF1FAC
:10CD80002DE9F84F214B1B6807460BB101221A70A1
:10CD9000DFF888901E4D99F80040DFF884801D4E22
:10CDA0000134272C8ABF4FF0000A5FFA84FA5446F8
:10CDB000AB462B78A34216D1FEF77AFD40281FDC44
:10CDC00033791B06F5D59BF800300133272B86BF3E
:10CDD00000221346DAB218F80330DBB2F3712A707E
:10CDE0002B78A342E8D00C490A4BFFB208F8047034
:10CDF0000120AC22087089F800A0DA70BDE8F88F35
:10CE0000FF28D6DD01F07CFED3E700BF9CBBFF1FEF
:10CE100099BBFF1F00C0064098BBFF1FA0BBFF1FB0
:10CE200030BBFF1F1C4BDFF894C01A681B49F0B5DC
:10CE300042F480521A4D1A60DFF884E0194F1A4EFE
:10CE40001A4C00238CF800304FF451722B701F28BD
:10CE500040F213358EF800303B70337025600A6065
:10CE600012D819460124124A124D117012485470FA
:10CE700000212C27402693724FF4003491701174D6
:10CE8000D7702E700460F0BDC0F34431C0F3471476
:10CE900000F01F03E7E700BF348004400CC00440EB
:10CEA0002DBBFF1F99BBFF1F98BBFF1F08C004408D
:10CEB00000C0064031E400E004E100E02CBBFF1FAD
:10CEC000A0BBFF1F144B14499B7803F0EC0200F049
:10CED00003031343420700F00F0248BF43F010035F
:10CEE000042A8B7013D00C4B0B4A5B79C10603F0FC
:10CEF000EF0348BF43F0100353719379820603F0A8
:10CF0000EF03054A48BF43F01003937170478B79D4
:10CF100043F040038B71E6E700C00640F8B5134BC1
:10CF20001B68DB041FD5124C237823B101F0E8FD08
:10CF30002378002BFAD10F4B0F4A104D104F114E92
:10CF4000114C12484FF4003119600023D37040F2A5
:10CF500003113960316029681579D2792370037023
:10CF600011B101230B70F8BDF8BD00BF348004403F
:10CF700098BBFF1F84E100E000C0064028BBFF1FF4
:10CF800008C004400CC004402CBBFF1F2DBBFF1F7A
:10CF90000A4A38B50546137803F0FF04002BFAD18E
:10CFA00001212846FEF7A6FE21462846FEF78EFE02
:10CFB000034A044B52F835201A6038BD98BBFF1F56
:10CFC000186C01009CBBFF1F09B140F080000F4AA4
:10CFD0001378984219D010B40D4C2468E40412D58B
:10CFE00003F07F03082B02D10A4B00241C600029A8
:10CFF00000F07F0314BF60214421082B03D1054BAF
:10D0000041F440711960107010BC7047C087FF1F59
:10D01000348004400CC00440704700BF0D4B1B68B7
:10D0200013F4805305D0212805D90B4B002018603C
:10D03000704718467047094B10B5074C53F830300D
:10D0400023600121FEF756FE236800221A7001209A
:10D0500010BD00BF3480044028BBFF1F186C0100C6
:10D060000C4B1B6813F4805306D00E2806D00A4AD6
:10D07000537B03F0FE03537300207047074B064AAF
:10D0800040F202311960537B43F0010353730120D6
:10D09000704700BF3480044000C0064004C0044014
:10D0A000034B1B68DB0401D5FFF76ABE704700BF66
:10D0B0003480044070B5094E04464518AC4204F172
:10D0C00001040AD03368DB04F8D514F8010CFFF72B
:10D0D00057FEAC4204F10104F4D170BD3480044029
:10D0E00010B5044C237823B101F00AFD2378002BFE
:10D0F000FAD110BD98BBFF1F064A074B1B7810786A
:10D10000DBB2C0B283422CBF273000F1FF30C01A1F
:10D11000704700BF99BBFF1FA0BBFF1F054A064B0E
:10D1200010781B78C0B2DBB2984238BF4030C01ACA
:10D13000704700BF2CBBFF1F2DBBFF1F30B4154B2A
:10D14000154C1A782378D2B2DBB29A421ED0013342
:10D150003F2B0ED91149124B087819680023C0B231
:10D16000237021B1D31A1A2B01DC00230B7030BCC1
:10D1700070470A480A49C05C0968DDB2C0B2257030
:10D180000029F4D09A4238BF4032EBE74FF0FF302D
:10D19000EDE700BF2CBBFF1F2DBBFF1F58BBFF1FC0
:10D1A00028BBFF1F084A094B12781B78DBB29A4252
:10D1B00007D00133402B28BF0023054AD05CC0B202
:10D1C00070474FF0FF3070472CBBFF1F2DBBFF1F78
:10D1D00058BBFF1F054B064A1B7806491268DBB295
:10D1E0000B700AB100231370704700BF2DBBFF1FE7
:10D1F00028BBFF1F2CBBFF1F30B42B4B1A799406A2
:10D200001FD52A48DA790378294901333F2B097859
:10D21000C8BF00238B42D2B203D0264CD9B2E2540D
:10D220000170254A116861B1244A1278D2B2934242
:10D2300036BFC2F140029B1A9B18272BC4BF0123A3
:10D240000B70194AD378DBB2180611D45A060DD5E3
:10D25000154B1B795B0609D5194B1A491B6800222F
:10D260000A7003B11A70104B2C22DA7030BC704770
:10D2700011790906EAD5144910480C780178C9B229
:10D280008C420DD04A1C272A84BF00210A460F4D2C
:10D29000054C98BFD1B2AA5CD2B2E2710170D5E759
:10D2A0006C21D170D2E700BF00C006402CBBFF1F2D
:10D2B0002DBBFF1F58BBFF1F28BBFF1F99BBFF1FC4
:10D2C0009CBBFF1F98BBFF1FA0BBFF1F30BBFF1FF6
:10D2D000431E032B14D872B60A4951F8230068B1D3
:10D2E00070B4094C058834F81320466841F823606F
:10D2F000521B24F8132062B670BC704762B67047A8
:10D3000000207047FCBBFF1FF8BCFF1F013803283B
:10D310000BD872B6074B53F8203043B100205B683E
:10D320000130002BFBD162B67047002070471846D1
:10D33000F9E700BF50BCFF1F30B472B62B4A137818
:10D340001D0706D52A4B196A002936D0996A00298B
:10D3500041D053781C0706D5254B196C00293ED0C7
:10D36000996C002939D09378190705D5204B196E8F
:10D37000002936D0996E89B1D3781B0707D51C4B8D
:10D38000D3F880207AB3D3F8882011213AB162B65D
:10D39000184B00221A7030BC00F058BE0D21154CFD
:10D3A000154D227843F8315003EBC1030830013AA0
:10D3B0005860227062B630BC704704220D4C0F4D8D
:10D3C000217843F8325003EBC20308304A1E5860FC
:10D3D000227062B6EFE70521E1E70921DFE70822C5
:10D3E000ECE70C22EAE71022E8E700BF806E0100BC
:10D3F0000080FF1F79BCFF1FC8004000880040006C
:10D40000431E032B1DD81B4A400140F0100030B4CE
:10D41000104472B6184CE25C032A1BD8DFE802F015
:10D420000212151703220D88E25410F0080F14BFE2
:10D43000C823882343EA054308310360416062B68C
:10D4400030BC704708300222EDE70522EBE70830D8
:10D450000422E8E7094A52F8230038B1084A52F892
:10D460002300416042F8231062B6E9E742F8231036
:10D47000034AF7E70080FF1F88BCFF1F50BCFF1F57
:10D4800060BCFF1F00BE00BF2DE9F04FDFF818B3EE
:10D49000DFF818A387B044E0AE4F4FEA930807EBDC
:10D4A000C809013ED9F8042003F00803F6B2A2F13E
:10D4B000080003F0FF04002B40F0048157F83830D7
:10D4C0001B0C99B222F8081C002B00F0F280A24B32
:10D4D00022F8064C42F8044C53F82620002A00F0AB
:10D4E0006E819E4D55F8263058609D4C45F82600BB
:10D4F00034F81630194424F8161000F087FD00287F
:10D5000000F05681974A984B19F0080F00F1080077
:10D5100018BF1346C9F8040047F8383008238BF8C1
:10D5200000309BF80040E4B261071BD58F4B1B789D
:10D53000ABB18F490A7802F0FF032AB1013BDBB29D
:10D540000B70002B00F0EF848A490A7802F0FF0389
:10D550002AB1013BDBB20B70002B00F0F7800423F3
:10D560008BF8003004F0080303F0FF02002B00F0FA
:10D57000D6809AF80030DBB21E098DD19C08DFF806
:10D58000D49159F8342009EBC401C2F38302013A63
:10D5900049680C2A7ED8DFE802F081817D7D7D7D9F
:10D5A0007D7D477D7D7D07000868734D4A68734F18
:10D5B000734E286081B240F281606A4B6A604FF01E
:10D5C000010E0022814249F834303A60C9F8102037
:10D5D000C9F8182086F800E05E4C00F2F480B1F53E
:10D5E000D06F80F07883B1F5817F00F0628300F224
:10D5F0008782802900F0EC82822940F01E83A9886E
:10D6000001F07F01042900F218835E485E4C890016
:10D610000844227062700278930740F1798384F89D
:10D6200000E04FF0020ED8E2544F3A6842B3574B35
:10D63000534E5749188834780D784028864645F06F
:10D64000020828BF4FF0400E002C84F00104347013
:10D65000CEEB00000CBF8824C82409EBC80680B2BA
:10D6600085F0010544EA0E447260188049F838409C
:10D6700072440D7018B9BEF1400F18BF00223A6015
:10D680003D4B1A88B2F5A06F04D100219A785970E9
:10D69000404B1A70404A012313703FE7364A158801
:10D6A00042F22100854200F0FF812E4A49F83420E1
:10D6B000F0E72C4A2C4B19F0080F18BF134647F817
:10D6C00038302BE700F0C2FC344A354952F8263096
:10D6D000002B00F0B68158688C5D42F8260003F1FB
:10D6E0000802C9F80420032C05D8DFE804F0120F63
:10D6F000150204228A551A8819F0080F0CBF8823D6
:10D70000C82343EA024347F8383007E702228A5524
:10D71000F1E703228A55EEE705228A55EBE7E00799
:10D7200000F11A82210600F14982A20706D51D4A9E
:10D730001D4913780220DBB213700870E30602D58E
:10D74000194B10221A7007B0BDE8F08F00F0EAFD07
:10D7500005E700BF0080FF1FFCBBFF1FA8BBFF1F2A
:10D76000F8BCFF1FC80040008800400084BCFF1FB9
:10D770000DBCFF1F8CBCFF1F70BCFF1FA4BBFF1F95
:10D780000CBCFF1FC02007407CBCFF1FB8BBFF1FA5
:10D7900078BCFF1F982007409420074050BCFF1F13
:10D7A00088BCFF1F8820074080200740902007404A
:10D7B000AB4A47F83800137801331370AEE643F8EC
:10D7C0002600A84D91E642F22100814200F0358109
:10D7D00000F2AF81B1F5086F00F01B82B1F5106F58
:10D7E00040F02B82226AA049A8780870120600F146
:10D7F0004583D9F828209D49130600F13A83D9F8CA
:10D8000030209A49150600F12F83D9F8382097491E
:10D81000140600F12483D9F840209449100600F141
:10D820001983D9F848209149120600F10E83D9F8DE
:10D8300050208E49130600F10383D9F858208B49F4
:10D84000150600F1F882D9F860208849140600F125
:10D850002983D9F868208549100600F11E83D9F87C
:10D8600070208249120600F11383D9F878207F498D
:10D87000130600F10883D9F880207C49150600F1D1
:10D880001C83D9F888207949140600F11083D9F84F
:10D8900090207649100600F1C882D9F89820734983
:10D8A000120600F1BC827248724A734901907348B3
:10D8B0006C4D734C049700230596029580461746DD
:10D8C0000E461D460394386828B1446800F0BEFB3C
:10D8D0002046002CF9D100233B60029B30681A4699
:10D8E000002342F8253028B1446800F0AFFB204601
:10D8F000002CF9D100223260019A98F800301146CC
:10D90000002241F8042B039A0191023B4FF00001E1
:10D9100022F81510032B09D8DFE813F04B0104009F
:10D920004B0104004FF0010388F800300135042D4D
:10D9300007F1040706F1040608F10108C3D1514CB0
:10D94000514B2278464D049F059E002129701A7084
:10D95000130700F14F8262784C49DFF810810A709A
:10D9600010074FF00001C9F83010C9F8381000F165
:10D970002B824749A2780A700021C9F85010C9F8D3
:10D9800058101107DFF8E48000F1DC81E2784149AA
:10D99000364C0A7000211207C9F87010C9F87810C7
:10D9A00000F1B98133780193002183F00102C9F8B5
:10D9B0009010C9F8981000200290804684460446D2
:10D9C00035490D7845F0020E09EBCE030393019B18
:10D9D000002B039B5C600CBF8824C82444EA080326
:10D9E00085F0010449F83E3032700C70DFF87CE0BD
:10D9F0002A4BDFF8A480002840F02681BCF1400FBC
:10DA00001BD144F0020C09EBCC03029CDFF85CE074
:10DA10005C60002A40F02E81020442F088029DF8EA
:10DA200004304EF83C20044433700D7023464028E7
:10DA300003D100201A4A3B6010801A4A0123137058
:10DA400028E68B5D032B00F22D8101A252F823F012
:10DA50001DD500001DD50000A7DB0000ADDB0000D8
:10DA600079BCFF1FA8BBFF1F84BCFF1F0080FF1FE6
:10DA700060BCFF1FFCBBFF1F50BCFF1F88BCFF1F0B
:10DA8000F8BCFF1F806E0100C4200740C82007407B
:10DA9000CC200740D020074078BCFF1F0CBCFF1FE4
:10DAA000B8BBFF1F94200740928892B9B14A0D7805
:10DAB0004878157050708D78C8789570D07010685F
:10DAC0000D79157186284D7989795571917100F01C
:10DAD000A580A949A94E0A78307882F0010500286E
:10DAE00042F002020D700CBF8821C82149F83210A3
:10DAF00009EBC20280F00100002130705160D4E5D2
:10DB000040F20232914240F08D80A98801F07F01FD
:10DB1000042900F292806A88002A40F08E8098489A
:10DB2000CDF804E089000844017841F00201017059
:10DB300041E742F2212081427BD1A988002940F0AF
:10DB4000E480904B904A9148AC781D681560CDF800
:10DB500004E00A4604702EE78D4B8E4886491A6110
:10DB60004FF0020E80F800E0854F0A708A49196074
:10DB700099608A4E8A4D8B4C9A610D213970FF2134
:10DB80003170DFF840E229702270874D874A8EF8A5
:10DB900000109F27012406F8047C5D600470DA60A1
:10DBA00007B0BDE8F08F00238B55B7E401238B55F8
:10DBB000B4E44FF0000388F80030B7E67049784BC2
:10DBC00080220D2008701A70A2077FF5B7ADAEE570
:10DBD000774C4FF0020E22706270EA88724580F036
:10DBE000A38165490D78402A944645F0020E28BF6E
:10DBF0004FF0400C04EB0C0309EBCE000293012321
:10DC000044604FEA0C48CCEB020001930022C82488
:10DC1000E4E6684A664C12782270DEE7664A0F2115
:10DC2000117056E7B1F5A06F07D1012300220193CF
:10DC3000C1E642F221329142F7D0514A0F231370CC
:10DC4000544A0123137025E540287FF6DAAE44F0EC
:10DC500002040EEBC401029E4E60BAB19DF804109E
:10DC6000564A19703346403888F8005040334EF811
:10DC70003420DFE69DF8043033700204029B0D70FF
:10DC800042F0C80203444EF83C20D0E69DF8041050
:10DC90001970029B404A88F80050403840334EF8D3
:10DCA0003420C7E619F0080F0CBF022303238B555D
:10DCB00034E4A98801F07F010429BED86A88002ACB
:10DCC000BBD12F48CDF804E089000844017821F049
:10DCD000020101706FE63A4A5468002CADD06888A2
:10DCE000B5F804E003E00C325468002CA5D013888A
:10DCF0008342F8D153887345F5D1000A03280CBF3D
:10DD000094F800E0B2F808E067E7CDF804E052E6E6
:10DD10004FF0020E61E700F079F9002800F0F18081
:10DD200008301D4AC4F88400C4F8802000F06EF961
:10DD3000002800F0E0800830204AC9F88C00C9F8BB
:10DD400088202FE600F062F9002800F0E680083015
:10DD5000114AC8F86400C8F8602000F057F900289C
:10DD600000F0D5800830154AC9F86C00C9F8682061
:10DD70000CE600BF00BDFF1F78BCFF1F0CBCFF1FDF
:10DD8000C020074010BAFF1F08BDFF1F9CBCFF1F2B
:10DD90000080FF1F94200740880040008820074033
:10DDA0008020074098200740BCBBFF1F10BCFF1F0E
:10DDB0007CBCFF1F84BCFF1F0DBCFF1FC8004000C0
:10DDC000846E01008C20074000F020F9002800F04C
:10DDD0008C8008305D4AC8F84400C8F8402000F044
:10DDE00015F900287BD00830594AC9F84C00C9F809
:10DDF0004820BEE500F00AF900286AD00830534AEE
:10DE0000C9F82400C9F8202000F000F900285AD0F1
:10DE100008304F4AC9F82C00C9F828209BE5D1F8F2
:10DE20009C00083800F012F93DE5D1F8940008385C
:10DE300000F00CF931E5C86D083800F007F902E58B
:10DE4000486D083800F002F9F7E4C86C083800F0B3
:10DE5000FDF8ECE4486C083800F0F8F8E1E4C86B31
:10DE6000083800F0F3F8D6E4486B083800F0EEF814
:10DE7000CBE4C86A083800F0E9F8C0E4606A083802
:10DE800000F0E4F8B5E4C86F083800F0DFF8F2E419
:10DE9000486F083800F0DAF8E7E4C86E083800F098
:10DEA000D5F8DCE4486E083800F0D0F8D1E4D1F8B9
:10DEB0008C00083800F0CAF8E9E4D1F8840008388A
:10DEC00000F0C4F8DDE42A78C9F8280001322A708D
:10DED00041E52A78C9F8200001322A7094E72A78AF
:10DEE000C9F8480001322A7043E52A78C8F8400092
:10DEF00001322A7073E72A78C9F8880001322A7043
:10DF000050E52A78C4F8800001322A700EE72A789A
:10DF1000C9F8680001322A7038E52A78C8F860002C
:10DF200001322A7019E700BEBEF1400FF44628BF47
:10DF30004FF0400C04EB0C0302930123CCEB0E00DA
:10DF40004FEA0C48002201933AE500BF88004000E8
:10DF5000C80040002DE9F843204C00F007FF0022E4
:10DF600004F1A00023461A605A60083383424FF040
:10DF70000001F8D11A4A1B4F13681B4D1B481C4E59
:10DF8000DFF87880DFF878C0DFF87890DFF878E0A5
:10DF900043F480231360C4F307233B70C4F30743A7
:10DFA0002B70240EFF2302F528320470114D88F8DF
:10DFB000003011488CF80030D4323370012389F8D6
:10DFC000003070268EF800104FF40074102107F80E
:10DFD000183C2E7004601170BDE8F8830080FF1FAC
:10DFE000348004409C200740B0200740B420074004
:10DFF0001020074049E400E008E100E080200740ED
:10E0000088200740942007400021074072B60D4841
:10E010000268B2FA82F30B2B10DC4FF00041D940BA
:10E0200022EA0102026062B6074803EBC303DB0089
:10E03000C2180021C15010465160704762B60020DE
:10E04000704700BFC487FF1FBC83FF1F0D4B0E4AE4
:10E05000C31AA2FB03231B090B2B0CD80B4A127803
:10E0600052B972B60A484FF00041026821FA03F330
:10E070001A43026062B67047064A1278002AF0D04E
:10E08000FFF75AB9BC83FF1F398EE33879BCFF1FF5
:10E09000C487FF1F84BCFF1F38B50F4D286878B1B7
:10E0A00043880288C118013393420C7A02D243801C
:10E0B000204638BDFFF7CAFF002320462B6038BD3D
:10E0C000064B1B782BB10320FFF702F928600028CC
:10E0D000E6D14FF0FF3038BD98BCFF1F84BCFF1F56
:10E0E00010B5094C206818B143881844007A10BD57
:10E0F000064B1B782BB10320FFF7EAF820600028BD
:10E10000F2D14FF0FF3010BD98BCFF1F84BCFF1F41
:10E11000044B054A1B6890881BB11A885B88D31A88
:10E120001844704798BCFF1FF8BCFF1F0B4B1B78AF
:10E130009BB110B50A4C206848B1FFF787FF002358
:10E1400003202360FFF7C4F830B1FFF77FFF0320FF
:10E15000FFF7BEF80028F8D110BD704784BCFF1F40
:10E1600098BCFF1F2DE9F04FDFF8F89083B0012233
:10E1700089F80020019169B3DFF8EC80364F019EE9
:10E180008346D8F80000B0B3344D4488C4F1400150
:10E19000B14228BF314604EB010E00221FFA8EFE69
:10E1A0002A70761AA0F802E000F1080251B1013C91
:10E1B000224459441BF8014B02F8014F8B45F9D119
:10E1C000B0F802E0BEF13F0F0BD8254A05211170CF
:10E1D000002ED6D10198002389F8003003B0BDE8A5
:10E1E000F08F4022028001460420FFF709F9002247
:10E1F000C8F80020E9E73A782AB3184D4AF2F92422
:10E200004FF0010A07E0013C16D02A78A2B900F0CD
:10E2100077FC3A78BAB10420FFF778F80728F2D8EB
:10E2200089F800A0FFF7F2FEC8F800000028ACD182
:10E230000C4B013C1870E8D101234FF0FF302B70DC
:10E2400003B0BDE8F08F00234FF0FF3089F80030B5
:10E2500003B0BDE8F08F00BF84BCFF1F94BCFF1F5C
:10E260008CBCFF1F8DBCFF1F90BCFF1F00B583B08F
:10E2700002AB012103F8010D1846FFF773FF03B04D
:10E280005DF804FB38B50E4D0E4C28680123237051
:10E2900028B1408800232370C0F1400038BD0A4BEC
:10E2A0001B7813B90020207038BD0420FFF72EF82A
:10E2B0000728F7D8FFF7AAFE28600028E9D1F1E780
:10E2C00090BCFF1F8DBCFF1F84BCFF1FF8B5114B16
:10E2D0001B788BB1104E114D346801272F7064B13B
:10E2E0000F4A638800271770214623800420FFF718
:10E2F00087F8376000232B70F8BDFFF787FE084BC7
:10E3000028B1014604201C70FFF77AF8F2E71F706D
:10E31000F0E700BF84BCFF1F90BCFF1F8DBCFF1F38
:10E320008CBCFF1F38B50E4B1B7873B90D4C2168A0
:10E3300061B103F0FF054B880B800420FFF760F804
:10E34000256038BD084B01221A7038BDFFF75EFE0C
:10E350000028F7D00146BDE838400420FFF750B848
:10E360008DBCFF1F90BCFF1F8CBCFF1F70B5EFF36F
:10E37000108272B60C4C206880B10C4E00254369A7
:10E38000236073B19D6102B962B64577836898478F
:10E39000EFF3108272B620680028F0D102B962B69D
:10E3A00070BD3360EFE700BFA0BCFF1FA4BCFF1F20
:10E3B000FFF7DCBF024A136801331360704700BFE8
:10E3C00010BAFF1F0368C9B21B6818470368C9B2B7
:10E3D0001B6818470368C9B21B6818470368C9B2AD
:10E3E0001B6818474B0803F1376303F5D83310B5A2
:10E3F0000446B3FBF1F0FDF7B5FD044B1B7803B108
:10E4000010BD2046BDE8104000F0F2BC0488FF1F9C
:10E4100008B50846FDF774FF012008BD08B5084699
:10E42000FDF76EFF012008BD38B508460D4603F024
:10E4300027FD044601462846FDF76CFF204638BDFF
:10E4400010B5084614461146FDF764FF204610BD7E
:10E45000FEF73EB808B50846FDF72AFF003018BFA2
:10E46000012008BD08B50846FDF700FF003018BFC1
:10E47000012008BD08461146FDF794BE0846FDF789
:10E48000CBBE00BF0846FDF771BE00BFFDF70CBE56
:10E4900010B54B0803F13760144600F5D830B0FBD7
:10E4A000F1F0FDF75FFD2046BDE81040FDF7D0BD5F
:10E4B000FDF7F6BFFDF7C0BFFDF7AEBFFDF78EBF9E
:10E4C000FDF798BF4B0803F1376303F5D83310B558
:10E4D0000446B3FBF1F0FEF7A7F8044B1B7803B139
:10E4E00010BD2046BDE8104000F082BC0588FF1F2B
:10E4F00008B50846FEF762FA012008BD08B50846CF
:10E50000FEF75CFA012008BD38B508460D4603F059
:10E51000B7FC044601462846FEF7A8FA204638BD57
:10E5200010B5084614461146FEF7A0FA204610BD65
:10E53000FEF77ABB08B50846FEF720FA003018BF90
:10E54000012008BD08B50846FEF7F6F9003018BFEF
:10E55000012008BD08461146FEF786B90846FEF7B9
:10E56000BDB900BF0846FEF763B900BFFEF7FEB8AD
:10E5700010B54B0803F13760144600F5D830B0FBF6
:10E58000F1F0FEF751F82046BDE81040FEF7C2B8A2
:10E59000FEF732BBFEF7FCBAFEF7EABAFEF7CABADC
:10E5A000FEF7D4BA0368064A1B68934205D110B53A
:10E5B000C8B2FEF703FA012010BDC9B2184700BF68
:10E5C000FDE400000368064A1B68934205D110B5BC
:10E5D000C8B2FEF7F3F9012010BDC9B2184700BF59
:10E5E000FDE400000368064A1B68934205D110B59C
:10E5F000C8B2FEF7E3F9012010BDC9B2184700BF49
:10E60000FDE400000368064A1B68934205D110B57B
:10E61000C8B2FEF7D3F9012010BDC9B2184700BF38
:10E62000FDE400004B0803F1B76303F5584310B550
:10E630000446B3FBF1F0FEF7F5FB044B1B7803B186
:10E6400010BD2046BDE8104000F0D2BB0688FF1F79
:10E6500008B50846FEF724FD012008BD08B50846A8
:10E66000FEF71EFD012008BD38B508460D4603F033
:10E6700007FC044601462846FEF71CFD204638BD2F
:10E6800010B5084614461146FEF714FD204610BD8D
:10E69000FEF7A0BD08B50846FEF7E2FC003018BF43
:10E6A000012008BD08B50846FEF7B8FC003018BFC9
:10E6B000012008BD08461146FEF786BC0846FEF755
:10E6C000ABBC00BF0846FEF763BC00BFFEF726BC2C
:10E6D00010B54B0803F1B760144600F55840B0FB85
:10E6E000F1F0FEF79FFB2046BDE81040FEF7EABBC5
:10E6F000FEF758BDFEF722BDFEF710BDFEF7F0BCD9
:10E70000FEF7FABC0368064A1B68934205D110B5B0
:10E71000C8B2FEF7C5FC012010BDC9B2184700BF42
:10E720005DE600000368064A1B68934205D110B5F8
:10E73000C8B2FEF7B5FC012010BDC9B2184700BF32
:10E740005DE600000368064A1B68934205D110B5D8
:10E75000C8B2FEF7A5FC012010BDC9B2184700BF22
:10E760005DE600000368064A1B68934205D110B5B8
:10E77000C8B2FEF795FC012010BDC9B2184700BF12
:10E780005DE6000000B5064A036812885B6883B046
:10E7900001A9ADF804200222984703B05DF804FBFC
:10E7A000486E0100F0B507468BB0002A33D0012A2D
:10E7B00008BF0A2251B3212400E0F4B2B1FBF2F504
:10E7C00002FB1511C8B2092900F1300198BFC8B287
:10E7D0000AA988BF3730214488BFC0B201F8240C91
:10E7E000661E2946002DE8D133B1013CE4B20AABE4
:10E7F00023442D2203F8242C3B6801AA11195B68DD
:10E800003846C4F1220298470BB0F0BD30228DF893
:10E8100025202124E8E70368C9B21B6898470BB09C
:10E82000F0BD00BF0029BABF49422D2300230A22B0
:10E83000FFF7B8BFFFFFFFFF2DE9F04385B080462B
:10E840001946104616461F469DF8305002F03AF918
:10E85000002840F0B18027F00044304621464FF0B8
:10E86000FF32594B02F02EF998B9304621464FF04D
:10E87000FF32554B02F008F958B9D8F80030534927
:10E880005B684046032298478146484605B0BDE88C
:10E89000F083304639464FF060424D4B02F008F9A4
:10E8A000002870D1304639464FF06042494B02F0A3
:10E8B000E1F8002867D1304639460022002302F0F3
:10E8C000D9F8002863D18146002D65D0424B002441
:10E8D0000022104619463AA3D3E9002301F058FE5E
:10E8E00001340B46E1B28D420246F2D83046394639
:10E8F00001F09CFC0F46064602F022F9044601F0A6
:10E90000D1FD02460B463046394601F08DFC4B46A0
:10E9100006460F460A2221464046FFF743FF0F2DC9
:10E9200028BF0F2501352E238146EDB28DF800302A
:10E9300001240022294B3046394601F029FE0F46BA
:10E94000064602F0FDF804AB2344C0B200F13002E9
:10E9500003F8102C01F0B6FD02460B46304639464E
:10E9600001F062FC0134E4B2AC4206460F46E0D14D
:10E97000D8F8003022465B684046694698474846CA
:10E9800005B0BDE8F083D8F80030154978E707F105
:10E9900000474FF0010997E700220F4B30463946F8
:10E9A00001F044FC02F0CCF84B4601460A224046F6
:10E9B000FFF7F8FE814668E7D8F8003009495FE7BD
:10E9C000000000A09999B93FFFFFEF7F546E01004E
:10E9D000FFFFEF41FFFFEFC10000E03F00002440D8
:10E9E000506E01004C6E010070B50E4D82B02B6868
:10E9F0000093009E044608E000F082F82B68019323
:10EA0000019BA2689B1B934207D2236820469B6907
:10EA100098470028F0DB02B070BD4FF0FF3002B025
:10EA200070BD00BF10BAFF1F10B5044606E02D2BC5
:10EA30000CD0092A0AD923685B6998472046FFF75A
:10EA4000D3FF031EA3F130022046F0DA184610BDB2
:10EA5000F8B50D460446FFF7E7FF002823DB002644
:10EA60003746A842A0F1300209D02D2817D006EB76
:10EA70008603092A00EB430001D8A0F13006236881
:10EA800020465B6998472046FFF7AEFFA0F13003B0
:10EA9000092BE6D9A842E4D01FB17042F8BD012786
:10EAA000EDE73046F8BD0020F8BD00BF0121FFF7BB
:10EAB000CFBF00BF08B5FBF7E3F9FAF72FFD00F071
:10EAC0001FF8FAE702F00ABC02F008BC704700BF6A
:10EAD000704700BF704700BFFFF728BBFFF700BBC0
:10EAE000FFF7DABAFFF714BBFFF7F0BBFFF7CABBBB
:10EAF00008461146FFF736BB0846FFF7B7BB00BF15
:10EB00002DE9F843314E337893B1314F3A787AB9E1
:10EB10000122D9073A7036D49A0719D400225B072C
:10EB20003A7005D52B4B1A6812B1EFF305820AB182
:10EB3000BDE8F883EFF3108172B6186818B1264C5F
:10EB40002278002A2ED00029F2D162B6BDE8F883DF
:10EB5000DFF8908098F80020002ADFD0DFF8889056
:10EB6000002405E0013498F80030E4B2A34212D941
:10EB700059F824502B6828461B6998470028F1D083
:10EB80002B699847EEE7FFF7C3FAC8B9134B1B7818
:10EB90001BB93378C0E73378C0E7337803F0FE035E
:10EBA0003370B9E745691D60012323705DB1AA6127
:10EBB00001B962B600254577836898472570B7E7A5
:10EBC00000F02CF9E2E7064B1D60F1E71888FF1F03
:10EBD000B1BCFF1FACBCFF1FB0BCFF1FBE88FF1F36
:10EBE000A8BCFF1FC0BCFF1FB4BCFF1F844641EA86
:10EBF000000313F003036DD1403A41D351F8043BB5
:10EC000040F8043B51F8043B40F8043B51F8043B06
:10EC100040F8043B51F8043B40F8043B51F8043BF6
:10EC200040F8043B51F8043B40F8043B51F8043BE6
:10EC300040F8043B51F8043B40F8043B51F8043BD6
:10EC400040F8043B51F8043B40F8043B51F8043BC6
:10EC500040F8043B51F8043B40F8043B51F8043BB6
:10EC600040F8043B51F8043B40F8043B51F8043BA6
:10EC700040F8043B51F8043B40F8043B403ABDD215
:10EC8000303211D351F8043B40F8043B51F8043BB7
:10EC900040F8043B51F8043B40F8043B51F8043B76
:10ECA00040F8043B103AEDD20C3205D351F8043B46
:10ECB00040F8043B043AF9D2043208D0D2071CBF12
:10ECC00011F8013B00F8013B01D30B88038060463B
:10ECD000704700BF082A13D38B078DD010F00303B1
:10ECE0008AD0C3F10403D21ADB071CBF11F8013B21
:10ECF00000F8013B80D331F8023B20F8023B7BE770
:10ED0000043AD9D3013A11F8013B00F8013BF9D29A
:10ED10000B7803704B7843708B7883706046704734
:10ED2000F0B44D1E2E46002400E00134B0FBF2F397
:10ED300002FB1300092800F130078ABF3730F8B210
:10ED4000C0B206F8010F1846002BEED10A19537015
:10ED50004CB1107815F8016F28700133E01A834226
:10ED600002F80169F5DB0846F0BC704770B584B065
:10ED700072B6194B194D1A48702241260F24802172
:10ED80001A702E701A460470197013781B06FCD581
:10ED9000144B186862B6144B144C984298BF00EBA1
:10EDA000800001A998BF40000A22FFF7B9FF01A91E
:10EDB0002046002311F8012B01333AB10A2B20F829
:10EDC000022FF7D11623237004B070BD5B00DBB2B5
:10EDD000237004B070BD00BF000002400700024075
:10EDE00006000240080002407F969800A888FF1F96
:10EDF00030B40749074C0A782378074D42F00202E5
:10EE000045F823000A700133237030BC704700BFFF
:10EE10001888FF1FC0BCFF1FB4BCFF1F704700BF96
:10EE20002DE9F043DFF8EC808BB006460F4600F08A
:10EE30005FFA98F90030013304460D4637D030466A
:10EE4000394601F0E5F8002831D02BA3D3E900239F
:10EE50003046394601F02CFE814668BB28A3D3E931
:10EE600000233046394601F005FE00B398F9003022
:10EE7000254ACDF82090042400200021022BCDE962
:10EE80000467CDE9026700940192CDE906012CD018
:10EE9000684601F0C3F840B3089B1BB102F0F0F9DB
:10EEA000089B0360DDE906010BB0BDE8F083204656
:10EEB00029460BB0BDE8F083134A98F9003001925F
:10EEC00003210022CDE90467CDE902670091089291
:10EED0002BB90E4B4FF06042CDE90623D8E70C4921
:10EEE0000020022BCDE90601D2D102F0C9F922237C
:10EEF0000360D1E7AFF30080EF39FAFE422E86407F
:10EF000051302DD5104987C0D86E0100FFFFEF4763
:10EF10000000F07FBF88FF1F70B58AB0044600F084
:10EF20005DFB314B93F90060731C054609D0214607
:10EF3000204602F049F920B90021204602F03AF9B2
:10EF400010B128460AB070BD284B089020460193A6
:10EF500001F0CAFACDE90401CDE902012046BEB9AB
:10EF6000234B4FF060420021CDE9062302F0FAF86E
:10EF7000002831D002230093684601F04FF898B181
:10EF8000089BB3B9DDE9060101F0FAFD0AB070BDD6
:10EF9000184B00220021CDE9062302F0E3F868B106
:10EFA00002239E420093E7D102F06AF92223036014
:10EFB000E6E702F065F9089B0360E3E70123022E10
:10EFC00000930BD102F05CF9212303600A4801F0A1
:10EFD00027F8CDE90601D3E701230093684601F045
:10EFE0001DF80028F2D1EDE7BF88FF1FDC6E01009D
:10EFF000FFFFEFC70000F0FFA85C01002DE9F0471C
:10F00000DFF8E8828AB006460D4600F029FC98F940
:10F0100000707B1C04463FD02946284602F0D4F8F5
:10F020008246002838D13146304602F0CDF8002122
:10F030008146002840F09680304602F093F8002880
:10F040002ED00021284602F08DF88246D0B1A14B87
:10F05000CDF82090012230468DE80C0001F044FAF2
:10F06000CDE90201284601F03FFA00220023CDE954
:10F070000401CDE90623002F62D04FF07E500AB084
:10F08000BDE8F087284601F061F828B10021284644
:10F0900002F072F800283AD120460AB0BDE8F087A5
:10F0A000204601F053F80746002877D0002120467B
:10F0B00002F058F80028EFD0304601F047F8002859
:10F0C000EAD0284601F042F80028E5D00423814A1E
:10F0D0000093304600230893019201F005FACDE930
:10F0E0000201284601F000FA98F9003000240025BA
:10F0F000022BCDE90401CDE9064503D0684600F0B6
:10F100008DFF10BB02F0BCF8222303601DE0714BA1
:10F11000CDF820A0012230468DE80C0001F0E4F982
:10F12000CDE90201284601F0DFF998F90030CDE978
:10F130000401002B40F08D8000220023CDE906233E
:10F14000684600F06BFF00287ED0089B1BB102F0E0
:10F1500097F8089B0360DDE9060101F011FD0AB094
:10F16000BDE8F087284601F0FDFF002894D0594BF8
:10F17000CDF820A0012230468DE80C0001F0B4F952
:10F18000CDE90201284601F0AFF9534B0022022FCE
:10F19000CDE90401CDE90623D2D16EE7304600F077
:10F1A000D5FF002882D0284600F0D0FF00283FF489
:10F1B0007DAF2146204602F007F8002872D1454B6A
:10F1C0000890032230468DE80C0001F08DF9CDE95E
:10F1D0000201284601F088F998F90040CDE90401C0
:10F1E0003046002C3CD13D4B4FF060420021CDE930
:10F1F000062301F0C1FF002880D028464FF07C5143
:10F2000001F01CFE01F070F904460D4600F00EFFFF
:10F2100002460B462046294601F022FC00283ED13A
:10F220002F4B98F900404FF06042CDE90623022CA5
:10F230007FF464AF66E71046194601F0D3FA022C5A
:10F24000CDE906017FF47CAF02F01AF821230360B8
:10F250007BE724490020022BCDE90601F4D06FE7BB
:10F26000214B00220021CDE9062301F085FF002873
:10F27000DDD028464FF07C5101F0E0FD01F034F97B
:10F2800004460D4600F0D2FE02460B4620462946B3
:10F2900001F0E6FB18B9134B0022CDE9062398F9DB
:10F2A0000040C4E70B4B0897012230468DE80C0064
:10F2B00001F01AF9CDE90201284601F015F998F993
:10F2C0000040CDE9040100220023002CB3D1CDE998
:10F2D000062335E7E46E01000000F03FFFFFEF4733
:10F2E000FFFFEFC70000F0FF0000F07FBF88FF1FA7
:10F2F0002DE9F04FB04F21F00042BA4283B00C46E6
:10F300004FEAD17605460DD9AC4FBA4225D9C1F3A3
:10F310001303034340F0EF800EB10020014603B019
:10F32000BDE8F08FA64B9A4200F2CC80A54B9A42E2
:10F3300000F2DE808AA3D3E9002300F077FF0022E9
:10F34000A14B01F0B5FB002800F0058128462146BD
:10F3500000229D4B00F06AFFE1E783A3D3E900237D
:10F3600001F0A6FB002840F0CB802846214680A370
:10F37000D3E9002301F07EFB0028CED1934B284631
:10F3800003EBC60821467CA3D3E9002301F000F972
:10F39000D8E9002300F04AFF01F0AAFB804601F003
:10F3A00091F877A3D3E9002306460F4601F0F0F861
:10F3B00002460B462846214600F036FF72A3D3E9E9
:10F3C0000023CDE900013046394601F0E1F88246DC
:10F3D0008B4652465B46DDE9000100F025FF0546FD
:10F3E0000C462A4623462846214601F0D1F868A358
:10F3F000D3E9002306460F4601F0CAF866A3D3E915
:10F40000002300F011FF32463B4601F0C1F864A32F
:10F41000D3E9002300F00AFF32463B4601F0B8F87A
:10F4200061A3D3E9002300F0FFFE32463B4601F022
:10F43000AFF85FA3D3E9002300F0F8FE32463B4665
:10F4400001F0A6F802460B462846214600F0ECFEE5
:10F4500006460F462846214632463B46B8F1000F85
:10F4600056D001F095F8324604460D463B46002042
:10F470004FF0804100F0D8FE02460B462046294658
:10F4800001F0B0F902460B465046594600F0CCFE5A
:10F49000DDE9002300F0C8FE0B4602464A49002081
:10F4A00000F0C2FE6FF47F7398454FDA08F57A7862
:10F4B00001EB085100224FF0B87301F069F803B076
:10F4C000BDE8F08F424B9A423FF658AF414BF400F3
:10F4D0002344D3E9002300F0A7FE3F4BC6F1010807
:10F4E0001C44CDE90001D4E900ABC6EB080870E785
:10F4F0004FF0000875E702460B4600F097FE0EE756
:10F5000017A3D3E900231046194601F041F806E796
:10F5100001F03EF80022804689464FF08043304695
:10F52000394600F081FE02460B464046494601F04E
:10F5300059F92A46234600F077FE02460B46002082
:10F54000214900F071FE03B0BDE8F08F01EB0851D6
:10F5500003B0BDE8F08F804643E700BFAFF3008003
:10F560009C7500883CE4377EEF39FAFE422E8640D7
:10F5700051302DD5104987C0FE822B654715F73FC6
:10F580000000E0FE422EE63F763C7935EF39EA3D59
:10F59000D0A4BE726937663EF16BD2C541BDBB3E99
:10F5A0002CDE25AF6A56113F93BDBE166CC1663F77
:10F5B0003E5555555555C53F412E8640FFFFEF7FBF
:10F5C000422ED63FFFFF2F3E0000F03FF06E0100BD
:10F5D000B1A2F03F106F0100006F010020F0004267
:10F5E0002DE9F84F6AB30028014603464ADBB0F123
:10F5F000FF4F3BDAB0F5000F3CDB00248C4AC3F32D
:10F6000016052A4402F40002DB1582F07E507F3B8F
:10F6100023444FF07E51284303EBD25401F004FB06
:10F6200005F10F03C3F316030F2B064631DC00214F
:10F6300001F098FD002800F092804CB90020BDE850
:10F64000F88F00214FF04C4001F0ACFCBDE8F88F82
:10F65000204601F09FFB7749054601F0EFFB764914
:10F660000446284601F0EAFB0146204601F0DEFA96
:10F67000BDE8F88F4FF0984101F0E0FB6FF01804FF
:10F680000346BBE701F0D0FA002101F08BFCBDE896
:10F69000F88F4FF0804101F0C9FA0146304601F081
:10F6A00081FC8146204601F075FB4946824648466A
:10F6B00001F0C4FB0146834601F0C0FB5F49604F87
:10F6C000804601F0BBFB5F4901F0B0FA414601F012
:10F6D000B5FB5D4901F0AAFA414601F0AFFB5B4979
:10F6E00001F0A4FA594601F0A9FB59498346404666
:10F6F00001F0A4FB574901F099FA414601F09EFB45
:10F70000554901F093FA414601F098FB01465846ED
:10F7100001F08CFAC5F557132F4403F522731F43EC
:10F72000002F804665DD4FF07C51304601F086FBAE
:10F73000314601F083FB0546002C32D12946404674
:10F7400001F074FA494601F079FB0146284601F0C0
:10F750006BFA0146304601F067FABDE8F88F3F4981
:10F76000304601F06BFB01464FF07C5001F05CFA33
:10F7700031460546304601F061FB0146284601F05E
:10F780005DFB0546002C2ED0204601F003FB2949E5
:10F79000074601F053FB28490446384601F04EFB6A
:10F7A00014E02449504601F049FB294604464046EE
:10F7B00001F03CFA494601F041FB1F49074650461B
:10F7C00001F03CFB0146384601F030FA014628467C
:10F7D00001F02AFA314601F027FA0146204601F0ED
:10F7E00023FABDE8F88F0146304601F01DFABDE866
:10F7F000F88F7CB10F49504601F020FB414604468A
:10F80000304601F011FA494601F018FB0A49054655
:10F810005046C3E70146304601F006FA494601F07A
:10F820000DFB0146304601F0FFF9BDE8F88F00BF3F
:10F8300020FB4A008071313FD1F717379788173E78
:10F84000305CCFFF25333A3E2549923EABAA2A3F92
:10F850004FD01C3E298E633ECDCCCC3EABAAAA3EF7
:10F860002DE9F04F31F0004887B011D020F0004969
:10F87000B9F1FF4F824605DD514807B0BDE8F04FB2
:10F8800000F06CBCB8F1FF4F07DDB9F17E5FF3D13A
:10F890004FF07E5007B0BDE8F08F00280C464ADBE1
:10F8A0000025B8F1FF4F3ED0B8F17E5F07460E4607
:10F8B00054D0B4F1804F6BD0B4F17C5F1DD000F018
:10F8C00041FCB9F1FF4F51D0B9F1000F4ED0B9F161
:10F8D0007E5F4BD04FEADA7A0AF1FF3255EA020333
:10F8E00066D0B8F19A4F6FDD364B994500F36182CF
:10F8F000002CC0F264820020CCE7BAF1000F4BDA92
:10F9000000F020FCB9F1FF4F02D0B9F1000FDED1B9
:10F91000A9F17E5959EA050343D0012DBAD100F16E
:10F9200000410846B6E7B9F17E5FB1D02BDD002C6F
:10F93000E1DB0846AEE7B8F1974F22DAB8F17E5F17
:10F940000ADB4FEAE853C3F1960348FA03F202FADE
:10F9500003F3984500F028820025A5E7002C99DAEA
:10F9600001464FF07E5001F01DFB93E7002C04DAB6
:10F9700001464FF07E5001F015FBBAF1000F89DA15
:10F98000C6E702258DE7002CB5DA01F1004081E7DA
:10F99000014601F053FA7DE707B0BDE8F04F00F0F3
:10F9A000E3BA014601F040F9014601F0FBFA71E7C4
:10F9B0003946384601F038F9014601F0F3FA69E7B3
:10F9C000A85C0100F7FF7F3FB9F5000F80F20482C9
:10F9D0004FF09741009201F031FA009A81466FF0A2
:10F9E00017014FEAE953B448C9F316097F3B0B44AA
:10F9F00081451946009349F07E5740F3E581AF4BAE
:10FA0000994540F33D820023184603930B4601338A
:10FA1000009300234FF07E5AA7F500070290019350
:10FA200051463846059201F0FFF851468346384664
:10FA300001F0FCF801464FF07E5001F0B3FA0146A8
:10FA40000490584601F0FAF97910019B41F00051F9
:10FA5000B94601F5802120F47F670B4427F00F079A
:10FA6000194680463846019301F0E8F901465846A8
:10FA700001F0DAF851468346019801F0D5F80146C5
:10FA8000484601F0D1F8394601F0D8F90146584608
:10FA900001F0CAF8049B194601F0D0F941468346AB
:10FAA000404601F0CBF98649814601F0C7F9854906
:10FAB00001F0BCF8494601F0C1F9834901F0B6F8FC
:10FAC000494601F0BBF9814901F0B0F8494601F01F
:10FAD000B5F97F4901F0AAF8494601F0AFF97D492F
:10FAE00001F0A4F849468246484601F0A7F90146CC
:10FAF000504601F0A3F939468146404601F096F898
:10FB0000594601F09BF9494601F090F83946824682
:10FB1000384601F093F97049019001F087F8514699
:10FB200001F084F820F47F6929F00F09494638462E
:10FB300001F084F968490746484601F075F8019BD1
:10FB4000194601F071F80146504601F06DF8414642
:10FB500001F074F949468046584601F06FF90146B4
:10FB6000404601F063F882460146384601F05EF8EF
:10FB700020F47F6929F00F094846584901F05EF9E1
:10FB800039468046484601F04FF80146504601F09C
:10FB90004BF8534901F052F952490746484601F0E3
:10FBA0004DF90146384601F041F8029901F03EF85E
:10FBB0000746009801F0EEF839468146404601F0CC
:10FBC00035F8DDF80CB0594601F030F8494601F03F
:10FBD0002DF820F47F6A2AF00F0A4946504601F0BA
:10FBE00023F8594601F020F8414601F01DF801467E
:10FBF000384601F019F8059A804624F47F6424F011
:10FC00000F04013D55EA02032146304614BF4FF070
:10FC10007E57354F01F008F8514601F00FF9314693
:10FC20000546404601F00AF90146284600F0FEFF6D
:10FC300021460646504601F001F98046014630460D
:10FC400000F0F4FF00288146044620F00045C2463B
:10FC500040F30081B5F1864F00F3CE8000F0BE8006
:10FC6000B5F17C5F00F3D0800025A94624F47F64C1
:10FC700024F00F0420461D4901F0E0F8514680466B
:10FC8000204600F0D1FF0146304600F0CDFF184974
:10FC900001F0D4F817490646204601F0CFF8014696
:10FCA000304600F0C3FF06460146404600F0BEFF66
:10FCB0004146044620E000BF71C41C00D6B35D007D
:10FCC00042F1533E55326C3E05A38B3EABAAAA3E91
:10FCD000B76DDB3E9A99193F000040400038763FEF
:10FCE0004F38763FA0C39D36000080BF0072313F81
:10FCF0001872313F8CBEBF3500F096FF014630468A
:10FD000000F092FF21468046204601F097F8854991
:10FD1000064601F093F8844900F086FF314601F071
:10FD20008DF8824900F082FF314601F087F8804962
:10FD300000F07AFF314601F081F87E4900F076FF4D
:10FD4000314601F07BF80146204600F06DFF064683
:10FD50000146204601F072F84FF08041824630465D
:10FD600000F062FF0146504601F01CF9414606468C
:10FD7000204601F063F8414600F058FF0146304646
:10FD800000F052FF214600F04FFF01464FF07E5039
:10FD900000F04AFF4319B3F5000FC0F2BF801846C8
:10FDA000394601F04BF875E502F00102C2F1020597
:10FDB0007AE5614B99456DDD002C7FF79CAD5F497D
:10FDC000084601F03BF865E5002303930293002306
:10FDD0004FF07E5A019323E6002102E6584930464F
:10FDE00000F024FF41468246484600F01DFF0146D0
:10FDF000504601F0DFF938B13846504901F01EF89D
:10FE00004E4901F01BF845E5ED154FF400037E3D2A
:10FE100043FA05F52B19C3F3C7524A49C3F3160930
:10FE20007F3A114149F40009C2F1170249FA02F977
:10FE3000002C23EA01014046B8BFC9F1000900F0D7
:10FE4000F3FE01468246304600F0F0FE4FEAC95507
:10FE500004460BE73C4B9D420ADC7FF401AF414670
:10FE600000F0E2FE0146304601F090F90028CBD0C8
:10FE70003846364900F0E2FF344900F0DFFF09E57B
:10FE8000334B0393334B02934FF400134FF07F5ADD
:10FE90000193C5E54FF07E51009200F0C5FE2E495A
:10FEA000074600F0CBFF2D498046384600F0C6FFDC
:10FEB0004FF07A518146384600F0C0FF014628488D
:10FEC00000F0B2FE394600F0B9FF01464FF07C5019
:10FED00000F0AAFE39468246384600F0AFFF0146E0
:10FEE000504600F0ABFF1F4900F0A8FF014648460E
:10FEF00000F09AFE01460746404600F097FE20F4C7
:10FF00007F6A2AF00F0A4146504600F08DFE0146F6
:10FF1000384600F089FE009A80466EE6494600F0B9
:10FF200021F93DE74CBB31330EEADD3555B38A3854
:10FF3000610B363BABAA2A3E0700803FCAF24971EB
:10FF40003CAA3833FFFF7F00000016436042A20D39
:10FF500000C0153FDCCFD13500AAB83F70A5EC3604
:10FF6000ABAAAA3E3BAAB83F20F00042B2F1FF4F35
:10FF700070B504462ED262B3002803463DDBB2F5CD
:10FF8000000F4FEAE0502CD37F38C3F31603C207AB
:10FF900043F4000348BF5B00002640105B0031467D
:10FFA00019244FF080728D189D4202DC5B1BA9184A
:10FFB0001644013C4FEA43034FEA5202F3D113B116
:10FFC00006F001031E44761006F17C5606EBC05085
:10FFD00070BD70BD014600F031FF214600F026FEE5
:10FFE00070BD14F4000201D00EE00A465B001C0252
:10FFF00002F10101F9D5801AC6E7014600F014FEAE
:020000021000EC
:10000000014600F0CFFF70BD4FF0FF32F3E700BFB5
:1000100041F0004101F58010C00F7047002070478B
:1000200000200149704700BF0000F87FF0B5C1F320
:100030000A5EAEF2FF36132E83B002460B460C4624
:100040004FEAD17507462EDC002E49DB3B49314192
:1000500003EA010010432BD049080B4053EA020782
:100060000CD04FF48023132E24EA010143FA06F446
:1000700044EA01040CBF4FF000470027304B03EB6C
:10008000C5052146D5E90045384622462B4600F0F5
:10009000CDF8CDE9000122462B46DDE9000100F054
:1000A000C3F803B0F0BD332E06DDB6F5806F42D045
:1000B0001046194603B0F0BDAEF2134E4FF0FF31BB
:1000C00021FA0EF10842F3D049080842D6D04FF089
:1000D000804320EA010143FA0EFE4EEA0107CDE714
:1000E00021F000410143E3D0C3F31301144E41EA70
:1000F000000CCCF1000106EBC506D6E9006741EA29
:100100000C0C5C0C4FEA1C3C0CF4002C64044CEA14
:10011000040132463B4600F089F8CDE900013B4638
:100120003246DDE9000100F07FF821F0004444EAA6
:10013000C5731946BEE700F079F8BBE7FFFF0F0073
:10014000206F010020F00040704700BF20F0004009
:10015000B0F1FF4FACBF002001207047004870474E
:100160000000C07F30F0004238B5034616D0B2F12F
:10017000FF4F0FD2B2F5000F0D4610D30446D20D3B
:100180002A44FE2A2EDC002A1DDD24F0FF4444EA26
:10019000C25038BD014600F049FD38BD38BD4FF0B2
:1001A000984100F04BFE184A9542034607DBC0F326
:1001B000C7520446193AE3E7144800F02BF81349F4
:1001C00000F03CFE38BD12F1160F13DA4CF250323B
:1001D00095421946F0DD0E4800F01CF80C4900F07D
:1001E0002DFE38BD19460A4800F014F8084900F001
:1001F00025FE38BD193224F0FF4040EAC2504FF0CE
:100200004C5100F01BFE38BDB03CFFFF6042A20D18
:10021000CAF2497101F0004120F0004008437047E4
:1002200081F0004102E000BF83F0004330B54FEAA7
:1002300041044FEA430594EA050F08BF90EA020F14
:100240001FBF54EA000C55EA020C7FEA645C7FEAA7
:10025000655C00F0E2804FEA5454D4EB5555B8BFCA
:100260006D420CDD2C4480EA020281EA030382EA3B
:10027000000083EA010180EA020281EA0303362DCD
:1002800088BF30BD11F0004F4FEA01314FF4801CA0
:100290004CEA113102D0404261EB410113F0004FB2
:1002A0004FEA03334CEA133302D0524263EB430369
:1002B00094EA050F00F0A780A4F10104D5F1200E07
:1002C0000DDB02FA0EFC22FA05F2801841F1000162
:1002D00003FA0EF2801843FA05F359410EE0A5F136
:1002E00020050EF1200E012A03FA0EFC28BF4CF067
:1002F000020C43FA05F3C01851EBE37101F000451D
:1003000007D54FF0000EDCF1000C7EEB00006EEB29
:100310000101B1F5801F1BD3B1F5001F0CD34908B3
:100320005FEA30004FEA3C0C04F101044FEA44520A
:1003300012F5800F80F09A80BCF1004F08BF5FEA91
:10034000500C50F1000041EB045141EA050130BD71
:100350005FEA4C0C404141EB010111F4801FA4F114
:100360000104E9D191F0000F04BF01460020B1FA69
:1003700081F308BF2033A3F10B03B3F120020CDAA1
:100380000C3208DD02F1140CC2F10C0201FA0CF07F
:1003900021FA02F10CE002F11402D8BFC2F1200CE4
:1003A00001FA02F120FA0CFCDCBF41EA0C0190409A
:1003B000E41AA2BF01EB0451294330BD6FEA0404E3
:1003C0001F3C1CDA0C340EDC04F11404C4F12002CE
:1003D00020FA04F001FA02F340EA030021FA04F3E0
:1003E00045EA030130BDC4F10C04C4F1200220FA37
:1003F00002F001FA04F340EA0300294630BD21FA75
:1004000004F0294630BD94F0000F83F4801306BF3A
:1004100081F480110134013D4EE77FEA645C18BF2E
:100420007FEA655C29D094EA050F08BF90EA020FC5
:1004300005D054EA000C04BF1946104630BD91EABD
:10044000030F1EBF0021002030BD5FEA545C05D1C0
:100450004000494128BF41F0004130BD14F58004FF
:100460003CBF01F5801130BD01F0004545F0FE4173
:1004700041F470014FF0000030BD7FEA645C1ABFA8
:10048000194610467FEA655C1CBF0B46024650EADF
:10049000013406BF52EA033591EA030F41F400210B
:1004A00030BD00BF90F0000F04BF0021704730B591
:1004B0004FF4806404F132044FF000054FF0000166
:1004C00050E700BF90F0000F04BF0021704730B527
:1004D0004FF4806404F1320410F0004548BF4042FC
:1004E0004FF000013EE700BF42004FEAE2014FEA51
:1004F00031014FEA02701FBF12F07F4393F07F4F2C
:1005000081F06051704792F0000F14BF93F07F4F5D
:10051000704730B54FF4607401F0004521F00041A0
:1005200020E700BF50EA010208BF704730B54FF026
:1005300000050AE050EA010208BF704730B511F02B
:10054000004502D5404261EB41014FF4806404F163
:1005500032045FEA915C3FF4DCAE4FF003025FEAE5
:10056000DC0C18BF03325FEADC0C18BF033202EB6D
:10057000DC02C2F1200300FA03FC20FA02F001FAC7
:1005800003FE40EA0E0021FA02F11444C1E600BF66
:1005900070B54FF0FF0C4CF4E06C1CEA11541DBF19
:1005A0001CEA135594EA0C0F95EA0C0F00F0DEF8E4
:1005B0002C4481EA030621EA4C5123EA4C5350EAC9
:1005C000013518BF52EA033541F4801143F480131A
:1005D00038D0A0FB02CE4FF00005E1FB02E506F0AB
:1005E0000042E0FB03E54FF00006E1FB03569CF000
:1005F000000F18BF4EF0010EA4F1FF04B6F5007F06
:1006000064F5407404D25FEA4E0E6D4146EB060677
:1006100042EAC62141EA55514FEAC52040EA5E5000
:100620004FEACE2EB4F1FD0C88BFBCF5E06F1ED8AA
:10063000BEF1004F08BF5FEA500E50F1000041EBE1
:10064000045170BD06F0004646EA010140EA02008E
:1006500081EA0301B4EB5C04C2BFD4EB0C0541EAB0
:10066000045170BD41F480114FF0000E013C00F3C5
:10067000AB8014F1360FDEBF002001F0004170BDE9
:10068000C4F10004203C35DA0C341BDC04F1140402
:10069000C4F1200500FA05F320FA04F001FA05F28E
:1006A00040EA020001F0004221F0004110EBD3705B
:1006B00021FA04F642EB06015EEA430E08BF20EA87
:1006C000D37070BDC4F10C04C4F1200500FA04F32A
:1006D00020FA05F001FA04F240EA020001F00041BC
:1006E00010EBD37041F100015EEA430E08BF20EA2F
:1006F000D37070BDC4F1200500FA05F24EEA020E77
:1007000020FA04F301FA05F243EA020321FA04F0A5
:1007100001F0004121FA04F220EA020000EBD3705C
:100720005EEA430E08BF20EAD37070BD94F0000F5C
:100730000FD101F00046400041EB010111F4801F90
:1007400008BF013CF7D041EA060195F0000F18BF41
:10075000704703F00046520043EB030313F4801F7D
:1007600008BF013DF7D043EA0603704794EA0C0F37
:100770000CEA135518BF95EA0C0F0CD050EA41064D
:1007800018BF52EA4306D1D181EA030101F00041CA
:100790004FF0000070BD50EA410606BF10461946F2
:1007A00052EA430619D094EA0C0F02D150EA0136FE
:1007B00013D195EA0C0F05D152EA03361CBF10463F
:1007C00019460AD181EA030101F0004141F0FE41DE
:1007D00041F470014FF0000070BD41F0FE4141F462
:1007E000780170BD70B54FF0FF0C4CF4E06C1CEA62
:1007F00011541DBF1CEA135594EA0C0F95EA0C0F17
:1008000000F0A7F8A4EB050481EA030E52EA0335D1
:100810004FEA013100F088804FEA03334FF08055F2
:1008200045EA131343EA12634FEA022245EA11151F
:1008300045EA10654FEA00260EF000419D4208BFD0
:10084000964244F1FD0404F5407402D25B084FEA7D
:100850003202B61A65EB03055B084FEA32024FF429
:1008600080104FF4002CB6EB020E75EB030E22BF86
:10087000B61A754640EA0C005B084FEA3202B6EB46
:10088000020E75EB030E22BFB61A754640EA5C00F5
:100890005B084FEA3202B6EB020E75EB030E22BF85
:1008A000B61A754640EA9C005B084FEA3202B6EB86
:1008B000020E75EB030E22BFB61A754640EADC0045
:1008C00055EA060E18D04FEA051545EA16754FEAA7
:1008D00006164FEAC30343EA52734FEAC2025FEAC5
:1008E0001C1CC0D111F4801F0BD141EA00014FF054
:1008F00000004FF0004CB6E711F4801F04BF014325
:100900000020B4F1FD0C88BFBCF5E06F3FF6AFAE40
:10091000B5EB030C04BFB6EB020C5FEA500C50F1D0
:10092000000041EB045170BD0EF0004E4EEA113153
:1009300014EB5C04C2BFD4EB0C0541EA045170BD5A
:1009400041F480114FF0000E013C90E645EA060E9E
:100950008DE60CEA135594EA0C0F08BF95EA0C0FCC
:100960003FF43BAF94EA0C0F0AD150EA01347FF414
:1009700034AF95EA0C0F7FF425AF104619462CE7EB
:1009800095EA0C0F06D152EA03353FF4FDAE10464E
:10099000194622E750EA410618BF52EA43067FF49F
:1009A000C5AE50EA41047FF40DAF52EA43057FF42F
:1009B000EBAE12E74FF0FF3C06E000BF4FF0010C3A
:1009C00002E000BF4FF0010C4DF804CD4FEA410C9E
:1009D0007FEA6C5C4FEA430C18BF7FEA6C5C1BD06B
:1009E00001B050EA410C0CBF52EA430C91EA030FEC
:1009F00002BF90EA020F0020704710F1000F91EA49
:100A0000030F58BF994208BF90422CBFD8176FEA16
:100A1000E37040F0010070474FEA410C7FEA6C5CE4
:100A200002D150EA013C07D14FEA430C7FEA6C5CEB
:100A3000D6D152EA033CD3D05DF8040B704700BF17
:100A40008446104662468C461946634600E000BF65
:100A500001B5FFF7B7FF002848BF10F1000F01BD37
:100A60004DF808EDFFF7F4FF0CBF012000205DF802
:100A700008FB00BF4DF808EDFFF7EAFF34BF012087
:100A800000205DF808FB00BF4DF808EDFFF7E0FF20
:100A900094BF012000205DF808FB00BF4DF808ED71
:100AA000FFF7CEFF94BF012000205DF808FB00BFD8
:100AB0004DF808EDFFF7C4FF34BF012000205DF8BA
:100AC00008FB00BF4FEA410C7FEA6C5C02D150EAA0
:100AD000013C0AD14FEA430C7FEA6C5C02D152EA36
:100AE000033C02D14FF0000070474FF00100704707
:100AF0004FEA410212F5001215D211D56FF4787346
:100B0000B3EB625212D94FEAC12343F0004343EAE8
:100B1000505311F0004F23FA02F018BF40427047C3
:100B20004FF00000704750EA013005D111F000404D
:100B300008BF6FF0004070474FF00000704700BFE3
:100B40004A0011D212F5001211D20DD56FF478734C
:100B5000B3EB62520ED44FEAC12343F0004343EAA1
:100B6000505323FA02F070474FF00000704750EAEC
:100B7000013002D14FF0FF3070474FF00000704756
:100B80004FEA4102B2F1E04324BFB3F5001CDCF1AF
:100B9000FE5C0DD901F0004C4FEAC0024CEA5070E7
:100BA000B2F1004F40EB830008BF20F00100704716
:100BB00011F0804F21D113F13872BCBF01F0004019
:100BC000704741F480114FEA5252C2F11802C2F14B
:100BD000200C10FA0CF320FA02F018BF40F00100CC
:100BE0004FEAC1234FEAD32303FA0CFC40EA0C007E
:100BF00023FA02F34FEA4303CCE77FEA625307D1BB
:100C000050EA01331EBF4FF0FE4040F440007047F1
:100C100001F0004040F0FE4040F40000704700BF8B
:100C200080F0004002E000BF81F0004142001FBFA1
:100C30005FEA410392EA030F7FEA226C7FEA236CAA
:100C40006AD04FEA1262D2EB1363C1BFD21841409F
:100C500048404140B8BF5B42192B88BF704710F035
:100C6000004F40F4000020F07F4018BF404211F0D8
:100C7000004F41F4000121F07F4118BF494292EA40
:100C8000030F3FD0A2F1010241FA03FC10EB0C006C
:100C9000C3F1200301FA03F100F0004302D54942F9
:100CA00060EB4000B0F5000F13D3B0F1807F06D3A6
:100CB00040084FEA310102F10102FE2A51D2B1F19E
:100CC000004F40EBC25008BF20F0010040EA030093
:100CD0007047490040EB000010F4000FA2F1010240
:100CE000EDD1B0FA80FCACF1080CB2EB0C0200FACA
:100CF0000CF0AABF00EBC25052421843BCBFD04018
:100D00001843704792F0000F81F4000106BF80F491
:100D100000000132013BB5E74FEA41037FEA226C54
:100D200018BF7FEA236C21D092EA030F04D092F01F
:100D3000000F08BF0846704790EA010F1CBF002053
:100D4000704712F07F4F04D1400028BF40F00040B0
:100D5000704712F100723CBF00F50000704700F0D0
:100D6000004343F0FE4040F4000070477FEA2262F7
:100D700016BF08467FEA23630146420206BF5FEAC8
:100D8000412390EA010F40F4800070474FF00003C8
:100D900004E000BF10F0004348BF40425FEA000C8F
:100DA00008BF704743F0964301464FF000001CE037
:100DB00050EA010208BF70474FF000030AE000BF8D
:100DC00050EA010208BF704711F0004302D54042CB
:100DD00061EB41015FEA010C02BF8446014600203D
:100DE00043F0B64308BFA3F18053A3F50003BCFA58
:100DF0008CF2083AA3EBC25310DB01FA02FC634405
:100E000000FA02FCC2F12002BCF1004F20FA02F20B
:100E100043EB020008BF20F00100704702F12002FE
:100E200001FA02FCC2F1200250EA4C0021FA02F25F
:100E300043EB020008BF20EADC7070474FF0FF0C64
:100E40001CEAD0521EBF1CEAD15392EA0C0F93EA5F
:100E50000C0F6FD01A4480EA010C400218BF5FEA01
:100E600041211ED04FF0006343EA501043EA511174
:100E7000A0FB01310CF00040B1F5000F3EBF49006E
:100E800041EAD3715B0040EA010062F17F02FD2A72
:100E90001DD8B3F1004F40EBC25008BF20F0010055
:100EA000704790F0000F0CF0004C08BF49024CEA6C
:100EB000502040EA51207F3AC2BFD2F1FF0340EAFE
:100EC000C250704740F400004FF00003013A5DDC6F
:100ED00012F1190FDCBF00F000407047C2F10002B0
:100EE000410021FA02F1C2F1200200FA02FC5FEA9D
:100EF000310040F1000053EA4C0308BF20EADC70E7
:100F0000704792F0000F00F0004C02BF400010F458
:100F1000000F013AF9D040EA0C0093F0000F01F005
:100F2000004C02BF490011F4000F013BF9D041EA27
:100F30000C018FE70CEAD15392EA0C0F18BF93EA29
:100F40000C0F0AD030F0004C18BF31F0004CD8D153
:100F500080EA010000F00040704790F0000F17BFDA
:100F600090F0004F084691F0000F91F0004F14D020
:100F700092EA0C0F01D142020FD193EA0C0F03D178
:100F80004B0218BF084608D180EA010000F000407B
:100F900040F0FE4040F40000704740F0FE4040F456
:100FA000400070474FF0FF0C1CEAD0521EBF1CEAF5
:100FB000D15392EA0C0F93EA0C0F69D0A2EB030213
:100FC00080EA010C49024FEA402037D04FF08053AD
:100FD00043EA111143EA10130CF000408B4238BF72
:100FE0005B0042F17D024FF4000C8B4224BF5B1A80
:100FF00040EA0C00B3EB510F24BFA3EB510340EACE
:101000005C00B3EB910F24BFA3EB910340EA9C007B
:10101000B3EBD10F24BFA3EBD10340EADC001B01EB
:1010200018BF5FEA1C1CE0D1FD2A3FF650AF8B428F
:1010300040EBC25008BF20F0010070470CF0004C9C
:101040004CEA50207F32C2BFD2F1FF0340EAC250C7
:10105000704740F400004FF00003013A37E792F088
:10106000000F00F0004C02BF400010F4000F013AE6
:10107000F9D040EA0C0093F0000F01F0004C02BFE1
:10108000490011F4000F013BF9D041EA0C0195E74A
:101090000CEAD15392EA0C0F08D142027FF47DAFE3
:1010A00093EA0C0F7FF470AF084676E793EA0C0FD3
:1010B00004D14B023FF44CAF08466EE730F0004CD1
:1010C00018BF31F0004CCAD130F000427FF45CAF61
:1010D00031F000437FF43CAF5FE700BF4FF0FF3CCF
:1010E00006E000BF4FF0010C02E000BF4FF0010C22
:1010F0004DF804CD4FEA40024FEA41037FEA226CEB
:1011000018BF7FEA236C11D001B052EA530C18BF0C
:1011100090EA010F58BFB2EB030088BFC81738BF71
:101120006FEAE17018BF40F0010070477FEA226C5F
:1011300002D15FEA402C05D17FEA236CE4D15FEA5B
:10114000412CE1D05DF8040B704700BF844608468F
:101150006146FFE70FB5FFF7C9FF002848BF10F150
:10116000000F0FBD4DF808EDFFF7F4FF0CBF012095
:1011700000205DF808FB00BF4DF808EDFFF7EAFF1F
:1011800034BF012000205DF808FB00BF4DF808EDDA
:10119000FFF7E0FF94BF012000205DF808FB00BFCF
:1011A0004DF808EDFFF7D2FF94BF012000205DF855
:1011B00008FB00BF4DF808EDFFF7C8FF34BF012062
:1011C00000205DF808FB00BF4FEA40024FEA4103F0
:1011D0007FEA226C02D15FEA402C08D17FEA236CBF
:1011E00002D15FEA412C02D14FF0000070474FF06E
:1011F000010070474FEA4002B2F1FE4F0FD34FF0AB
:101200009E03B3EB12620DD94FEA002343F0004373
:1012100010F0004F23FA02F018BF404270474FF021
:101220000000704712F1610F01D1420205D110F0A8
:10123000004008BF6FF0004070474FF0000070475B
:1012400042000ED2B2F1FE4F0BD34FF09E03B3EB30
:10125000126209D44FEA002343F0004323FA02F05C
:1012600070474FF00000704712F1610F01D1420248
:1012700002D14FF0FF3070474FF00000704700BFC1
:10128000014B1868704700BFE88CFF1F70B50F4E08
:101290000F4D761BB61018BF002405D0013455F849
:1012A000043B9847A642F9D10A4E0B4D761B05F038
:1012B0007BFFB61018BF002406D0013455F8043B5C
:1012C0009847A642F9D170BD70BD00BFB47101004E
:1012D000B4710100C4710100B4710100024B0146F8
:1012E000186800F003B800BFE88CFF1F2DE9F04F2D
:1012F00001F10B05162D83B0064640F29F8035F0B4
:10130000070500F1BF80A94200F2BC8000F06EFB2F
:10131000B5F5FC7FC0F09C826B0A00F0BA80042B0C
:1013200000F28381A80900F1390E4FEA4E033830EC
:10133000C44F07EB8303A3F108015C68A14207D106
:10134000ACE0002A80F2AC80E468A14200F0A68004
:10135000636823F003035A1B0F2AF2DDB9493C6985
:1013600001F1080E744500F0B381636823F00303B4
:101370005A1B0F2A00F39981002AC1F814E0C1F822
:1013800010E080F29E80B3F5007F80F06781DB087B
:1013900003F1010C01229B1002FA03F34A6851F891
:1013A0003C80C4F8088001EBCC091A43A9F108037A
:1013B000E3604A6041F83C40C8F80C4083100124C7
:1013C0009C40944200F28A80144206D120F003002F
:1013D0006400144200F10400FAD007EBC009CC46C7
:1013E0008046DCF80C108C4507D173E1002A80F2AE
:1013F0008181C9688C4500F06D814B6823F003033F
:101400005A1B0F2AF2DD0C46D1F80CC054F8088F95
:101410004B1945F001054D6042F00101C8F80CC0C0
:101420003046CCF808807B613B61C3F80CE0C3F820
:1014300008E059609A5000F0DBFA1FE0102921D82B
:1014400000F0D4FA1025062302207E4F07EB830319
:10145000A3F108025C68944200F045816368E1688A
:10146000A56823F00303234430465A68E96042F03C
:1014700001028D605A6000F0BBFA0834204603B0C8
:10148000BDE8F08F00240C232046336003B0BDE894
:10149000F08F80234FF0400E3F2049E770465DE714
:1014A0002344E1685A68A56842F00102E9603046C9
:1014B0008D605A6000F09CFA0834204603B0BDE805
:1014C000F08F234430465A6842F001025A6000F01F
:1014D0008FFA0834204603B0BDE8F08FBC6863681B
:1014E00023F00308A84504D3C5EB08030F2B00F332
:1014F0008C80554BDFF860911A68D9F800300133C1
:101500002A4404EB080A00F0608102F580520F3291
:1015100022F47F6222F00F0211463046019200F061
:1015200059FCB0F1FF3F8346019A00F05881824593
:1015300000F2FC80454B1968DA451144196000F04F
:101540005381D9F80000DFF810E101301BBFCAEB6E
:101550000B0A5144CEF800B019601BF0070100F0EF
:101560001781C1F10800C1F58051834408315A4404
:10157000C2F30B02C2EB010949463046019300F069
:1015800029FC431C019B00F03F81CBEB00024A4445
:1015900042F001021968C7F808B04944BC42CBF8D0
:1015A00004201960DFF8A49016D0B8F10F0F40F2B4
:1015B000FD806268A8F10C0323F00703E01802F035
:1015C00001024FF0050E1A430F2B6260C0F804E0D1
:1015D000C0F808E000F21C811D4BBC681A689142FB
:1015E00088BF19601B4B1A689142626888BF1960F6
:1015F00022F003029542A2EB050301D80F2B04DC75
:10160000304600F0F5F9002438E7621943F0010391
:1016100045F0010565603046BA60536000F0E8F9B6
:101620000834204603B0BDE8F08F142B71D9542B39
:1016300000F2A480280B00F16F0E4FEA4E036E30CB
:1016400076E600BF588EFF1FCCBCFF1FD0BCFF1F2B
:10165000C8BCFF1FC4BCFF1F6492FF1F5A0A042AA4
:101660005ED9142A00F2B38002F15C0149005B32BA
:1016700007EB810C57F82110DFF8DC81ACF1080C86
:101680008C4500F088804A6822F00302934202D21F
:1016900089688C45F7D1D1F80CC07A68C4F80CC0C1
:1016A000A160CCF80840CC6088E6631942F00107DD
:1016B00045F00105656030464B610B61C3F80CE0F5
:1016C000C3F808E05F609A50083400F091F9D5E65D
:1016D0004A6873E608F1010818F0030F0CF1080CD2
:1016E0007FF47FAE30E0DC68A34208BF02303FF4F5
:1016F00035AEB3E60B440C465A68C96854F8085F27
:1017000042F001025A603046E9608D6000F070F9E5
:10171000B4E603F15C0E03F15B004FEA4E0307E60B
:101720009A0902F1390149003832A1E7BC424A4B1B
:101730003FF400AF9C68626822F003025AE759F850
:101740000839994540F0828010F0030F00F1FF3016
:10175000F5D17B6823EA04037B6064009C423FF67A
:10176000BDAE002C3FF4BAAE1C4240467FF435AE0D
:1017700064001C4200F10400FAD02EE6B3F5AA7F03
:1017800018D8E80B00F1780E4FEA4E037730CFE51A
:101790004FF48051EBE60121D8F80430921001FAA1
:1017A00002F21A43C8F80420614677E70123CBF818
:1017B000043025E740F25452934220D8A80C00F19F
:1017C0007D0E4FEA4E037C30B2E51032A4E6542A77
:1017D00026D81A0B02F16F0149006E3248E7BC6847
:1017E000626822F0030205E7CAF30B0000287FF4C9
:1017F000A8AE4244BB6842F001025A60ECE6FE2308
:101800004FF07F0E7E2093E501224FF00009C1E6E4
:1018100004F10801304602F039FFD9F80010DBE688
:10182000B2F5AA7F05D8DA0B02F1780149007732C8
:101830001EE740F254518A4205D89A0C02F17D010C
:1018400049007C3214E7FE217E2211E77B6884E7A1
:10185000E808431C5B00F8E5588EFF1F82B049B1D1
:101860005AB16BB113780B601278101C18BF0120AD
:1018700002B0704701A9002AF3D1104602B07047A8
:101880006FF00100F4E700BF8842F0B50DD98B1866
:1018900098420AD28118002A51D09A1A13F8014DA1
:1018A00001F8014D9342F9D1F0BD0F2A48D941EA20
:1018B00000039B0746D100F1100401F11003154607
:1018C00053F8106C44F8106C53F80C6C44F80C6C22
:1018D00053F8086C44F8086C103D53F8046C44F855
:1018E000046C0F2D03F1100304F11004E8D8A2F1E9
:1018F000100323F00F0302F00F0E1033BEF1030F9D
:101900001944034421D91E1F0D467446043C55F862
:10191000047B46F8047F032CF8D8AEF1040424F0CD
:10192000030404342344214402F0030262B1013B66
:101930000A4411F8014B03F8014F8A42F9D1F0BD76
:101940000346F3E70346F2E7F0BD7246EEE700BF59
:1019500070B4840746D0541E002A41D0CDB203464D
:1019600002E0621EE4B3144603F8015B9A07F8D163
:10197000032C2ED9CDB245EA05250F2C45EA0545A5
:1019800019D903F110022646103E0F2E42F8105CC2
:1019900042F80C5C42F8085C42F8045C02F1100268
:1019A000F2D8A4F1100222F00F0204F00F0410325A
:1019B000032C13440DD91E462246043A032A46F846
:1019C000045BFAD8221F22F003020432134404F00D
:1019D00003042CB1C9B21C4403F8011BA342FBD180
:1019E00070BC704714460346C2E700BF704700BF93
:1019F000704700BF2DE9F04F174683B0002900F073
:101A0000C1800E46814607F10B05FFF7EFFF56F840
:101A100004EC162D2EF00304A6F1080840D810227D
:101A20001546AF4241D8944275DAC94B996808EB24
:101A300004008842416800F0D98021F0010303448A
:101A40005B68DB077DD51EF0010F35D0394648466F
:101A5000FFF74CFC0746E0B156F8043C23F00103C5
:101A60004344A0F108029A4200F04481221F242A34
:101A700000F23181132A00F20481034632461168D4
:101A800019605168596092689A603146484602F080
:101A9000FDFD4846FFF7ACFF384603B0BDE8F08FC8
:101AA00025F00705002D2A46BBDA0C230020C9F8D3
:101AB000003003B0BDE8F08F56F8083CC3EB080ACD
:101AC000DAF8043023F0030C04EB0C039342BDDB83
:101AD0005746DAF80C1057F8080F221F242AC16065
:101AE000886000F21781132A40F212813168CAF827
:101AF00008107168CAF80C101B2A00F22B810836F6
:101B00000AF110023168116071685160B16891602A
:101B10003E461C46D046631B0F2B1DD8D8F8043018
:101B200003F0010323434444C8F80430636843F0DE
:101B3000010363604846FFF75BFF304603B0BDE832
:101B4000F08F21F003012144914221DBC3688268B8
:101B50000C46D3609A60DEE7D8F8042008EB050154
:101B600002F00102154343F001020B44C8F804508F
:101B70004A605A6842F0010208315A60484602F051
:101B800085FDD7E7114603B0BDE8F04FFFF7AEBBC8
:101B90001EF0010F7FF45AAF56F8083CC3EB080A59
:101BA000DAF8043023F0030C01EB0C0E96458BDBC6
:101BB000C36882685746D3609A6057F8081FDAF8FE
:101BC0000C30CB60221F242A996000F29980132ADE
:101BD00062D93368CAF808307368CAF80C301B2A17
:101BE00000F2A08008360AF1100356E021F0030B42
:101BF000A34405F11000834559DA1EF0010F7FF46C
:101C000025AF56F8081CC1EB080ADAF8041021F0D9
:101C1000030CE34458453FF757AF5746DAF80C102A
:101C200057F8080F221F242AC160886000F2B48090
:101C3000132A40F2A5803168CAF808107168CAF802
:101C40000C101B2A00F2AF8008360AF1100231682E
:101C5000116071685160B16891600AEB0501C5EBD4
:101C60000B0242F0010299604A60DAF8043003F096
:101C700001031D434846CAF80450FFF7B9FE384631
:101C80005CE733680360736843601B2A27D800F160
:101C9000080306F10802F2E63B4632681A607268F1
:101CA0005A60B2689A603E467446D04633E708EB05
:101CB0000501C5EB0B0B4BF0010299604A6056F829
:101CC000043C03F001031D43484646F8045CFFF75B
:101CD0008FFE304632E73146FFF7D6FDD5E6B368D2
:101CE0008360F368C360242A28D000F1100306F152
:101CF0001002C4E650F8043C23F003031C440AE736
:101D0000314638467446D046FFF7BEFD3E4602E7F0
:101D10003A46F7E6314638461C46D046FFF7B4FD52
:101D20003E46F8E6B368CAF81030F368CAF81430D3
:101D3000242A1BD010360AF11803AEE73369036179
:101D40007369436106F1180200F1180397E600BFBA
:101D5000588EFF1FB168CAF81010F168CAF8141045
:101D6000242A0FD010360AF11802CBE63369CAF8DC
:101D700018307369CAF81C3018360AF120038CE752
:101D80003A4664E73269CAF818207269CAF81C201A
:101D900018360AF12002B5E6314638460193FFF7BE
:101DA00073FD019B59E7B168CAF81010F168CAF8D1
:101DB0001410242A03D010360AF1180247E73269BA
:101DC000CAF818207269CAF81C2018360AF12002D5
:101DD0003DE700BF38B5074C0023054608462360A1
:101DE000F9F750FD431C00D038BD2368002BFBD011
:101DF0002B6038BD0CBDFF1F0EB4F0B59CB021ABFD
:101E00000F4953F8042B019305466FF0004408680E
:101E100002954FF402774FF6FF7602A90695ADF8CA
:101E2000147004940794ADF8166000F097F8029BC4
:101E300000221A701CB0BDE8F04003B0704700BF2C
:101E4000E88CFF1FFFFFFFFFFFFFFFFFFFFFFFFF0C
:101E5000FFFFFFFFFFFFFFFFFFFFFFFFFFFFFFFF92
:101E6000FFFFFFFFFFFFFFFFFFFFFFFFFFFFFFFF82
:101E7000FFFFFFFFFFFFFFFFFFFFFFFFFFFFFFFF72
:101E800090F800F06DE9024520F007016FF0000CBA
:101E900010F0070491F820F040F049804FF0000462
:101EA0006FF00700D1E9002391F840F000F108003D
:101EB00082FA4CF2A4FA8CF283FA4CF3A2FA8CF375
:101EC0004BBBD1E9022382FA4CF200F10800A4FADC
:101ED0008CF283FA4CF3A2FA8CF3E3B9D1E9042330
:101EE00082FA4CF200F10800A4FA8CF283FA4CF367
:101EF000A2FA8CF37BB9D1E9062301F1200182FA21
:101F00004CF200F10800A4FA8CF283FA4CF3A2FA26
:101F10008CF3002BC6D0002A04BF04301A4612BA34
:101F2000B2FA82F2FDE8024500EBD2007047D1E937
:101F3000002304F00305C4F100004FEAC50514F0C6
:101F4000040F91F840F00CFA05F562EA05021CBF97
:101F500063EA050362464FF00004A9E72DE9F04F5C
:101F6000C1B00C46099115460E930A9002F076FC1A
:101F7000036817931846FFF783FFA38916901E0680
:101F800003D52369002B01F01A8100231A4612930E
:101F90002593249319930B93DFF864A4149230AB28
:101FA000239399461592A84698F800304446EBB121
:101FB000252B02D11AE0252B03D014F8013F002B6A
:101FC000F9D1C8EB04058DB1249B259AC9F800808E
:101FD00001332A44072BC9F804502592249300F3B7
:101FE000A68009F108090B9B2B440B932378002B47
:101FF00000F0A68000231A468DF86F3019460C9326
:1020000007934FF0FF3B637804F101085D4608F148
:102010000108A3F12000582800F22584DFE810F021
:1020200088032304230490032304230423042304A8
:10203000230423049703A50323045D00E200230483
:10204000FE00050105010501050105010501050168
:10205000050105012304230423042304230423048A
:102060002304230423042304150181022304810291
:102070002304230423042304C60223042304CD02DF
:1020800023042304230423042304F7022304230446
:102090002503230423042304230423042304230407
:1020A000230423042304660379038102810281024D
:1020B0008103790323042304D1032304DB03A30056
:1020C0006400EE032304F5032304AA03230423047A
:1020D000BC030C980E9340420C90079B43F0040302
:1020E000079398F8003092E70E98AB4600210468F9
:1020F0008DF86F10071D0798302378228B458DF8D7
:1021000070304FF000058DF8712040F00203C0F2EE
:10211000C78320F0800343F00203079354EA0503CA
:102120000E9700F093830F461192B348CEE223AA94
:1021300009990A9802F002FF48B90DF1C00952E767
:10214000259B23B10A98099923AA02F0F7FE099B5F
:102150009B8913F0400F0B9B18BF4FF0FF331846BD
:1021600041B0BDE8F08F1193AB46002A41F03382B5
:10217000079A12F0200300F02E820E9F073727F0F7
:102180000703002703F10801BB450E91D3E9004581
:102190008DF86F70C0F2798722F08003079354EABC
:1021A000050300F0758330AEE20842EA4572E908A3
:1021B00004F007030D461446303354EA050206F8CE
:1021C000013DF1D1079AD10740F18480302B00F016
:1021D00081803022731E06F8012C30AAD21A0D928B
:1021E0001E467AE098F800302A2B08F1010401F02D
:1021F000B981A3F13000092898BF002501F26C8154
:1022000014F8013B05EB850500EB4505A3F1300013
:102210000928F5D945EAE575A046FAE6079B43F09B
:102220008003079398F80030F1E6A3F13000002313
:102230001C4618F8013B04EB840400EB4404A3F1B2
:1022400030000928F5D90C94E3E61193AB46002A37
:1022500041F0AB81079B43F010030793079B98065F
:1022600040F130850E9F073727F00707D7E9002395
:1022700007F108010E9114461D46002A73F1000370
:10228000C0F25B85BBF1000F9DF86F70C0F238851E
:10229000079B23F08003079354EA050300F0DB81DA
:1022A000002D08BF0A2CC0F0DB8130AE2046294645
:1022B0000A22002302F044FF303206F8012D2046A6
:1022C000294600230A2202F03BFF04460D4654EA49
:1022D0000503EBD130AB9B1B0D930D9B5B45B8BF4A
:1022E0005B4608930023139317B1089B01330893AF
:1022F000079B13F002030F9302D0089B023308934D
:10230000079B13F08403109340F0D7820C9B089A2C
:102310009D1A002D40F3D182102D2599249A374F14
:1023200027DD189648461024B946099E2F460A9D77
:1023300004E0103F102F00F1080016DD01322F4B92
:1023400024921031072A259180E81800F1DD23AA94
:102350003146284602F0F2FD00287FF4F8AE103F27
:10236000102F2599249A30A8E8DC189E3D464F4648
:10237000814601326C18072A25942492C9F800700E
:10238000C9F8045000F328849DF86F7009F108091A
:1023900077B1249B013301340DF16F010122072B2A
:1023A0002594249389E8060000F3A08309F1080925
:1023B0000F9B6BB1249B013302341CA90222072B13
:1023C0002594249389E8060000F39C8309F1080909
:1023D000109B802B00F0D5820D9BC3EB0B07002FC9
:1023E00039DD074A249B0F92102F28DD22464FF03B
:1023F000100B0A9D099C0AE0686F0100846F0100C0
:102400003C6F0100103F102F09F1080916DD013360
:102410001032072B2592249389E8000CF2DD23AAC1
:102420002146284602F08AFD00287FF490AE103F36
:10243000102F259A249B0DF1C009E8DC14460133C6
:102440000F9A24933C44072B259489E8840000F3D9
:10245000418309F10809079BDA0500F13082249BCA
:102460000D99C9F8006001330C44072B2594C9F875
:102470000410249300F3188309F10809079B5907F6
:102480003FD50C9B089A9D1A002D3ADD102D249BF8
:10249000BC4F23DD22461026DDF828B0099C04E05D
:1024A000103D102D09F1080917DD0133B5492493BA
:1024B0001032072B259289E84200F1DD23AA21463C
:1024C000584602F03BFD00287FF441AE103D102D30
:1024D000259A249B0DF1C009E7DC144601332C44F6
:1024E000072B25942493C9F80070C9F8045008DD1F
:1024F00023AA09990A9802F021FD00287FF427AE4B
:10250000259C0B9B0C9A08998A42ACBF9B185B18C0
:102510000B93002C40F0D482002324930DF1C009CA
:1025200042E51193AB46002A41F051800E9F0737D8
:1025300027F0070303F108020E921A6814925B68F1
:102540001593159B149D23F00044284621464FF017
:10255000FF328D4BFEF7B6FA002840F0C2842846C1
:1025600021464FF0FF32884BFEF78EFA002840F0EC
:10257000B8841498159900220023FEF77BFA0028EE
:1025800040F04F879DF86F70804E814B079921F086
:1025900080010791119903224FF0000B08924729FF
:1025A000D8BF1E460D92CDF84CB09DE6079B43F078
:1025B0000803079398F8003029E51193AB46002AE9
:1025C00041F01180079B43F010030793079A12F024
:1025D00020037FF4D2AD079911F0100200F02C8592
:1025E0000E988DF86F30BBF1000F046800F10407FE
:1025F0004FF00005C0F248850A4622F0800207929B
:1026000054EA05020E9700F043811F46CBE5119373
:10261000AB46002A40F0E387079B43F01003079383
:10262000079A12F0200300F032830E9F073727F03D
:102630000703002703F10801BB450E91D3E90045CC
:102640008DF86F70C0F25C8322F08003079354EA28
:1026500005037FF425AEBBF1000F00F0FE800024DF
:1026600040AE303406F8414D34E61193AB46002AB3
:1026700040F09787079B47489D0640F197800E9F43
:10268000073727F00703D3E9004503F108020E924C
:10269000079A12F0010700F0418254EA050300F0A6
:1026A00005859DF844208DF871200027079A8DF844
:1026B0006F703023BB458DF8703042F00203C0F2DA
:1026C000B58622F0800343F00203079330AE23095E
:1026D00004F00F0143EA05732A091C461546435CC2
:1026E00006F8013D54EA0503F1D1F3E50E99119383
:1026F0000A688DF8982000230A461F468DF86F302F
:10270000043201230893BB4613970E920D9326AE15
:10271000EEE51193AB46002A3FF4A0AD8DF86F10A3
:102720009CE5079B43F04003079398F800306EE464
:1027300098F8003000297FF46AAC0122202166E479
:10274000079B43F00103079398F800305FE40E9C69
:1027500023680C9318460028234603F10403FFF670
:10276000B8AC0E9398F8003051E498F8003001228C
:102770002B214CE41193AB46002A3FF451AF8DF866
:102780006F104DE7846F0100FFFFEF7F546E010073
:102790004C6F0100546F01001193AB46002A40F0CA
:1027A0002A87079B99489D063FF569AF079BDC0682
:1027B00040F135840E9A1346043314680E930025B5
:1027C00066E798F800306C2B00F0E284079840F040
:1027D000100007901BE4002A40F00987079B9B0626
:1027E00040F106840E9A0B991368CD1708460432FF
:1027F00029460E92C3E90001FFF7D6BB079B43F0C1
:102800002003079398F8003001E40E9A119316689C
:1028100000248DF86F40171D002E00F0CD85002D8F
:10282000C0F218852A462146304602F029F80028D1
:1028300000F02A86831B0D93A34623EAE3730E97C9
:102840000893CDF84CB09DF86F704DE56F4811922C
:10285000BBF1000F40F073815F464FF0000BCDF8E5
:1028600034B030AE39E51193002A40F0AC86119AAD
:10287000002A3FF465AC002301211F4608918DF822
:1028800098208DF86F309B4613930D9126AE2FE55F
:10289000BBF1000F00F0038600270024002582E42E
:1028A0005A480793119254EA05030E974FF0000718
:1028B0007FF40CAF0024002508E7259C68E5119BF8
:1028C000652B40F3A9801498159900220023FEF788
:1028D000C7F8002800F03581249B4D4AC9F8002034
:1028E000013301340122072B25942493C9F80420D5
:1028F00000F3E88309F108091D9B129A934203DB58
:10290000079BDB077FF5BAAD249B1699179AC9F888
:10291000002001330C44072B2594C9F8041024939C
:1029200000F3408409F10809129B5D1E002D7FF71A
:10293000A5AD384A249B0F92102D40F3E681102656
:102940000A9FDDF824B005E009F10809103D102DBB
:1029500040F3DB8101331034072B25942493C9F80D
:1029600000A0C9F80460EFDD23AA5946384602F0FA
:10297000E5FA00287FF4EBAB259C249B0DF1C00900
:10298000E4E70C9B089A9F1A002F7FF725AD214A98
:10299000249B0F92102F2BDD4A462146B946102565
:1029A00037460A9C099E06E0A9F11009B9F1100FFB
:1029B00002F1080218DD01331031072B2591249311
:1029C000C2F800A05560EFDD23AA3146204602F090
:1029D000B5FA00287FF4BBABA9F11009B9F1100FCB
:1029E0002599249B30AAE6DC3E460C464F4691468C
:1029F00001330F9A24933C44072B259489E88400E3
:102A000000F3458209F10809E6E400BF686F0100A0
:102A1000985B01003C6F0100129B249D012B40F349
:102A20000882013501340123072D25942495C9F826
:102A30000060C9F8043000F30D8209F10809169A04
:102A4000179BC9F8003001351444072D25942495AF
:102A5000C9F8042000F30E8209F108090023149834
:102A600015990022FDF7FCFF129B002840F0C3805F
:102A7000013B013501361C44072D24952594C9F8E6
:102A80000060C9F8043000F3F58009F10809199ACB
:102A9000C9F80420013514441FAB072D2594249553
:102AA000C9F800307FF7E8AC23AA09990A9802F028
:102AB00045FA00287FF44BAB259C0DF1C009DDE4FD
:102AC00023AA09990A9802F039FA00283FF424ADA4
:102AD000FFF73DBB23AA09990A9802F02FFA0028B4
:102AE0007FF435AB259C0DF1C009B4E423AA099904
:102AF0000A9802F023FA00287FF429AB259C0DF1F7
:102B0000C00955E423AA09990A9802F017FA002887
:102B10007FF41DAB259C0DF1C00959E4BBF1000FFA
:102B20008DF86F70C0F2DA8222F08003079354EAC6
:102B300005037FF4CBADBBF1000F3FF48DAE002752
:102B4000B8E61D9D002D40F3CC82139B129A934250
:102B5000A8BF1346002B1D460DDD249BC9F800605D
:102B600001332C44072B2594C9F80450249300F317
:102B7000A38309F10809139B002DA8BF5B1B002B41
:102B80001D4640F3F680BA4A249B0F92102D40F365
:102B9000808222461027DDF828B0099C05E009F163
:102BA0000809103D102D40F3738201331032072BBA
:102BB00025922493C9F800A0C9F80470EFDD23AA78
:102BC0002146584602F0BAF900287FF4C0AA259A97
:102BD000249B0DF1C009E4E723AA09990A9802F0A1
:102BE000ADF900287FF4B3AA9DF86F70259C0DF114
:102BF000C009FFF7CDBB5E1E002E7FF748AF9C4B90
:102C00000F93102E2CDDCDF834801027B046DDF860
:102C100028B0099E06E0A8F11008B8F1100F09F1DC
:102C200008091ADD01351034072D25942495C9F8BB
:102C300000A0C9F80470EEDD23AA3146584602F020
:102C40007DF900287FF483AAA8F11008B8F1100FCD
:102C5000259C249D0DF1C009E4DC4646DDF8348056
:102C60000F9B01353444072D2594249589E84800AD
:102C70007FF70BAF23AA09990A9802F05FF90028A1
:102C80007FF465AA259C249D0DF1C009FFE60799F4
:102C900011F0100200F008810E988DF86F30BBF132
:102CA000000F046800F104074FF0000526DB0A4618
:102CB00022F08002079254EA05020E971F467FF425
:102CC000EFAAC8E4079BD9062AD4079B5A0627D542
:102CD0000E99B1F900400431E51722462B460E91BA
:102CE000FFF7CBBA0E998DF86F30BBF1000F0C686F
:102CF00001F104074FF0000580F245820E971F4650
:102D000054EA05037FF4CCAAAAE401330F9A249372
:102D10002C44072B259489E824007FF7ADABC3E64C
:102D20000E9A146813460433E51722460E93002AC0
:102D30002B4673F10003BFF6A5AA64424FF02D079E
:102D400065EB4505BBF1000F8DF86F70FFF6A8AA83
:102D5000079B23F080030793FFF7A2BA23AA0999E0
:102D60000A9802F0EBF800287FF4F1A9259C0DF1F8
:102D7000C009139A1D9B32441746129A934247DBAF
:102D8000079AD50744D412990E44F51BCB1A9D42DD
:102D9000A8BF1D46002D2E460DDD249AC9F80070EF
:102DA00001322C44072A2594C9F80450249200F3D8
:102DB000128309F10809002EACBF9D1B1D46002D92
:102DC0007FF75CAB2A4A249B0F92102D9DDD1026C5
:102DD0000A9FDDF824B004E009F10809103D102D28
:102DE00093DD01331034072B25942493C9F800A0F8
:102DF000C9F80460F0DD23AA5946384602F09EF86F
:102E000000287FF4A4A9259C249B0DF1C009E5E7C7
:102E1000249A16981799C9F8001001320444072A19
:102E20002594C9F80400249200F3A58209F1080949
:102E3000A9E7079BD8073FF5F4AD0135013401231D
:102E4000072D25942495C9F80060C9F804307FF750
:102E50001CAE0FE723AA09990A9802F06FF8002820
:102E60007FF475A9259C249D0DF1C009E7E500BFFD
:102E70003C6F010023AA09990A9802F05FF8002824
:102E80007FF465A9259C249D0DF1C009E6E523AAE0
:102E900009990A9802F052F800287FF458A9259C55
:102EA0000DF1C009FFF798BA079911F040033FF4FC
:102EB00019AF0E988DF86F200346BBF1000F03F198
:102EC000040304884FF00005C0F2B98121F08001AD
:102ED000079154EA05010E9317467FF4E1A9FFF725
:102EE000BABB149C22462046159C23462146FDF77A
:102EF000E9FD002840F01583119BBBF1FF3F23F053
:102F000020030D9300F07682472B00F09281079BFF
:102F100043F480731093159B1F1E149B0893BBBF33
:102F20003B4603F1004700232D230F93119B662B93
:102F300000F06382462B00F05E810D9B089A452BC2
:102F400021A81EA90CBF0BF101055D460490039159
:102F50001DA802213B460290019500910A9800F0BD
:102F600007FC119B672B064640F07D82079BDA0722
:102F700040F1BF8274190898394600220023FDF7FA
:102F80006FFD002840F0A481219B9C4206D930218E
:102F90005A1C21921970219B9C42F9D89B1B1293B9
:102FA0000D9B472B00F08181119B652B40F36A82BA
:102FB000119B662B1D9B139300F04782139A129965
:102FC0008A42C0F23682079BD90700F1898222EA41
:102FD000E2730D92672211920F9A002A40F05B81F2
:102FE0000893109B079393469DF86F70FFF77CB989
:102FF000079BDF060BD4079B5E0608D50E9A136865
:1030000004320E92BDF82C201A80FEF7CDBF0E9A26
:10301000136804320E920B9A1A60FEF7C5BF079B25
:103020000E9A13F0400F134600F00E8104331488FB
:103030000E930025FFF72CBB079911F0400317D022
:103040000E988DF86F200346BBF1000F03F10403C7
:1030500004884FF00005C0F2F58021F0800107914F
:1030600054EA05010E933FF413AC1746FFF79BB8E3
:103070000E998DF86F30BBF1000F0C6801F1040759
:103080004FF0000580F281800E970027FFF78BB884
:10309000144601330F9A24932C44072B259489E876
:1030A00024003FF75BAE09F1080962E60027BB4543
:1030B0008DF86F70FFF6FEAB079B23F0800307933C
:1030C000FFF7C6BB23AA09990A9801F037FF002829
:1030D0007FF43DA8259C0DF1C0090DE40E9FFFF77C
:1030E000E2BB249BB14AC9F800200133013401221C
:1030F000072B25942493C9F804206FDC09F10809F3
:103100002DB9129B1BB9079BDF077FF5B7A9249B3D
:103110001699179AC9F8002001330C44072B2594FF
:10312000C9F80410249300F3C98109F108096D421C
:10313000002D40F3A3809E4A0F92102D40F3298169
:1031400022461027DDF828B0099C05E009F108099E
:10315000103D102D40F31C8101331032072B2592B6
:103160002493C9F800A0C9F80470EFDD23AA214612
:10317000584601F0E3FE00287EF4E9AF259A249B2F
:103180000DF1C009E4E7079A92E5079AFFF735BA0F
:10319000079B43F02003079308F1010898F80030DB
:1031A000FEF735BF23AA09990A9801F0C7FE002847
:1031B0007EF4CDAF259C0DF1C009FFF7B5BB4021D2
:1031C0000A98FEF793F8099A10601061002800F041
:1031D000F381099A40235361FEF7D7BE23AA0999C8
:1031E0000A9801F0ABFE00287EF4B1AF1D9D259C2E
:1031F0000DF1C00984E721A81EA9049003911DA820
:1032000003210290089ACDF804B03B4600910A9839
:1032100000F0AEFA5D460646119B462B06EB050410
:103220007FF4A9AE3378302B00F06D811D9D2C44C6
:10323000A1E6BBF1000F08BF4FF0010B67E60E934C
:1032400017465DE50E9320E7043314680E930025BE
:10325000FFF71EBA3046FEF713FEA34603460D9055
:10326000FFF7EBBA23AA09990A9801F067FE002834
:103270007EF46DAF259C249B0DF1C0091299C9F80D
:10328000006001330C44072B25942493C9F80410E3
:103290007FF7F2A808E42D270893109B07938DF879
:1032A0006F704FF0000BFFF720B81D9BDD1C11DB8A
:1032B0009B450FDB139381E623AA09990A9801F035
:1032C0003DFE00287EF443AF259C0DF1C00952E479
:1032D000234663E6119A023A1192013B002B9DF8B6
:1032E00044201D93B8BF5B428DF87C20B4BF2D22D3
:1032F0002B22092B8DF87D2040F3FD800DF18B00F2
:1033000004462C4A82FB0321DA17C2EBA10202EB2E
:103310008201A3EB410303F13001092A134604F8AB
:10332000011DEEDC21463033DAB201F8012D88426E
:1033300040F23F810DF17E01234601E013F8012B9D
:1033400001F8012B9842F9D1431C1B1B0DF17E02A1
:1033500013441FAA9B1A129A1993012A13440D931E
:1033600040F3F6800D9B169A134400220D9313929E
:1033700023EAE37330E623AA09990A9801F0DEFDF7
:1033800000287EF4E4AE1D9B259C0DF1C009FAE4F3
:10339000144601330F9A24932C44072B259489E873
:1033A00024003FF75FAF09F1080967E7985B010068
:1033B0003C6F010067666666062D2B4628BF062314
:1033C0000D9323EAE373B3460E971396374608939B
:1033D0008B4EFEF789BF23AA09990A9801F0AEFD2A
:1033E00000287EF4B4AE1D9B129A259CD31A0DF1D1
:1033F000C009E0E44FF0060B89E521A81EA904905E
:1034000003911DA803210290089ACDF804B03B4611
:1034100000910A9800F0ACF95D46064600EB0B04FB
:1034200000E72D278DF86F70FFF7AEB80793FFF711
:103430004DB9169A129B1344139A0D93002A7FDDFF
:10344000672223EAE3731192C6E5002B40F39880CC
:10345000BBF1000F6BD1079AD40768D41A460D92BE
:1034600023EAE373B8E5119B472B7FF483AD079BF9
:10347000DB073FF5D1AE219B9B1B12930D9B472B86
:103480003FF413AF1D9B28E725EAE5730E970893D9
:103490000D95834613909DF86F70FEF725BF079B2F
:1034A000DB075F4605D540AE302306F8413DFEF709
:1034B00011BFCDF834B030AEFEF70FBF23AA099983
:1034C0000A9801F03BFD00287EF441AE1D9D259C2D
:1034D000249B0DF1C0092AE6A0460025FEF799BD00
:1034E000169A139B134467220D93119223EAE373F8
:1034F00072E5219B52E5303330228DF87F308DF814
:103500007E2020AB25E70898394600220023FDF7EE
:10351000A7FA00287FF48AAEC5F101051D952C4459
:1035200029E5384E384B9DF86F70FFF72FB8139B85
:10353000169A9D1805EB0B030D9323EAE3734BE5F5
:10354000139B0D9AC3F101031A4413460D9277E7BA
:10355000079B13F001037FF405AF13930D9B23EA40
:10356000E37339E50E9898F8013005680430002DB2
:103570000E90A046BEF64BAD4FF0FF35FEF747BDAF
:10358000BBF1000F02D1079BD80707D5169B5D1C26
:1035900005EB0B030D9323EAE3731DE501230D9364
:1035A0001AE58DF86F10FFF765B88DF86F10FEF70C
:1035B00051BE0DF17E03CCE60A9A0C2313604FF046
:1035C000FF30FEF7CDBD8DF86F10FFF750B98DF8C5
:1035D0006F10FEF7ABBF8DF86F10FEF7C9BD8DF809
:1035E0006F10FFF719B88DF86F10FEF7EBBF8DF86D
:1035F0006F10FFF7F3B88DF86F10FFF7D2B800BF68
:103600007C6F01004C6E0100506F010021B1FF2A58
:1036100004D80A7001207047084670478A23036067
:103620004FF0FF30704700BF024B13B1024800F06B
:1036300005B8704700000000C9450100002301469D
:103640001A46184601F0FABC02690B69934200F36E
:103650008D802DE9F04F03F1FF3801F1140700F1DF
:10366000140B57F828205BF828304FEA880483B001
:103670000132B3FBF2F90BEB0403009407EB040AED
:103680000193B9F1000F39D00025BC46DE462B4628
:103690005CF8046BDEF80020B4B209FB0455360C6C
:1036A0002C0C09FB0644ADB25B1BA6B213FA82F3E5
:1036B000C6EB124606EB23469BB243EA0643E245BD
:1036C0004EF8043B4FEA14454FEA2643E0D2009BF4
:1036D0005BF8033093B9019C231F9B450CD254F82F
:1036E000043C4BB9A4F1080302E01A68043B1AB980
:1036F0009B4508F1FF38F8D3C0F81080044601F06C
:1037000017FB00282EDB09F101095D46002357F85D
:10371000041B28688AB29A1A090C12FA80F2C1EBCB
:10372000104303EB224391B241EA0341BA4545F805
:10373000041B4FEA2343EAD25BF828200BEB8803F3
:1037400082B91A1F93450BD253F8042C42B9083B97
:1037500002E01A68043B1AB99B4508F1FF38F8D318
:10376000C4F81080484603B0BDE8F08F00207047D1
:103770002DE9F04F016C97B08146239C92469B4601
:1037800049B1426C4A60012393408B6001F0EEF82E
:103790000023C9F84030BBF1000FD84633DB0023CB
:1037A0002360A54B1A4608EA0303934214D05046FF
:1037B000594600220023FDF753F9054648B3229AE3
:1037C00001231360249B002B00F0C5809B481860E8
:1037D000013817B0BDE8F08F229A42F20F731360E0
:1037E000BAF1000F00F0A2809548249B002BF0D086
:1037F000C378002B00F0B18000F10803249A136015
:1038000017B0BDE8F08F01232BF000482360C346BA
:10381000C7E714AA15AB0192009352465B4648468F
:1038200001F030FB5FEA1854089040F08880149D46
:10383000159C2C4404F23243202B40F39182C3F1B7
:10384000400304F2124008FA03F82AFA00F040EAB2
:103850000800FCF727FE0123013CA1F1F871109349
:103860000022784BFCF7E0FC6DA3D3E90023FCF7C2
:103870008FFE6DA3D3E90023FCF7D8FC0646204653
:103880000F46FCF71FFE6AA3D3E90023FCF780FE76
:1038900002460B4630463946FCF7C8FC06460F4642
:1038A000FDF726F900220490002330463946FDF743
:1038B000E1F8002840F03082049E162E00F22982A2
:1038C000614B03EBC603D3E9000152465B46FDF7AB
:1038D000EFF8002800F04982731E049300230C9334
:1038E0002C1B631E029300F1328200230593049B7C
:1038F000002BC0F22382029A0B9311461944002335
:1039000002910A93209B092B29D8052B40F3588656
:10391000043B20930025209B023B032B00F23586BD
:10392000DFE813F02C03280237035904444B474ABD
:10393000C8F31300002814BF1846104655E7CBF310
:10394000130343F07F5110955046A4F2FF3441F425
:103950004011149D84E73E483BE7C31C4EE700211D
:10396000C9F844104846209100F0DAFF4FF0FF33C9
:103970000693209A0D93012307902192C9F84000E5
:103980000993159B002BC0F2D180049A0E2A00F3F4
:10399000CD802D4B03EBC203D3E90034CDE90234D3
:1039A000219B002BC0F2008356465F465046594685
:1039B000DDE902AB52465B46FCF714FFFDF798F8D1
:1039C0000446FCF77FFD52465B46FCF7E1FD0B46E3
:1039D000024639463046FCF727FC079D04F13003C8
:1039E0002B70069B012B06460F4605F1010562D0A0
:1039F0000022184BFCF7CCFD0022002306460F46A0
:103A0000FDF72EF800287ED1CDF81490DDF818A02F
:103A1000DDF81CB0DDE9028929E000BFAFF30080CA
:103A200061436F63A787D23FB3C8608B288AC63FC4
:103A3000FB799F501344D33F0000F07F995B010056
:103A4000A47001000000F83FA87001009870010008
:103A5000985B010000002440FCF79AFD002200233F
:103A600006460F46FCF7FCFF002840F0B7834246AD
:103A70004B4630463946FCF7B5FEFDF739F80446AB
:103A8000FCF720FD42464B46FCF782FD02460B4602
:103A900030463946FCF7C8FB04F1300E05F801EB5F
:103AA000CBEB050ED64506460F464FF00002B04B55
:103AB000D2D1DDF8149032463B4630463946FCF709
:103AC000B5FB06460F4602460B46DDE90201FCF750
:103AD000D1FF40B932463B46DDE90201FCF7C0FFA9
:103AE00088B1E3070FD515F8014C079A6B1E04E067
:103AF0009A4200F02C8413F8014D392C03F1010592
:103B0000F6D001341C700899484600F02FFF0022BF
:103B1000049B2A70229A01331360249B002B00F02F
:103B2000A78307981D6017B0BDE8F08F099A002A97
:103B300000F01281209A012A40F35882069B0A9ACB
:103B40005F1EBA42C0F29783D71B069B002BC0F2C0
:103B50008A84059D069B059A1A440592029A0121C2
:103B60001A444846029200F099FF064665B1029950
:103B700000290B4608DDA942059AA8BF2B46D21A98
:103B8000ED1ACB1A059202930A9B002B40F3FC829C
:103B9000099A002A00F00182002F00F0FE813146D0
:103BA0003A46484601F01CF8DDF8208001464246BE
:103BB0000646484600F07CFF41460446484600F071
:103BC000D5FE0A9BDB1B0A9340F0E68101214846A3
:103BD00000F064FF0B9B8046002B00F01982014629
:103BE0001A46484600F0FCFF209B012B804640F31C
:103BF000F8820027D8F8103008EB8303186900F02A
:103C0000FFFEC0F12000029A104410F01F0000F0E7
:103C1000F681C0F12003042B40F3CA84059BC0F158
:103C20001C00034405931346034405440293059B7B
:103C3000002B05DD21461A46484601F021F80446CE
:103C4000029B002B05DD41461A46484601F018F854
:103C500080460C9B002B40F07C82069B002B40F39F
:103C60009582099B002B40F0F581DDF81CB0069F82
:103C70005D4602E000F084FE044641462046FFF720
:103C8000E3FC00F1300A05F801ABCBEB0503BB42C6
:103C90004FF00A024FF0000321464846EADB079B3B
:103CA000069A012AACBF9B1801331D464FF0000B4A
:103CB00021460122484600F0E3FF4146089001F00A
:103CC00037F8002840F30D8315F8012C07996B1E77
:103CD00004E08B4200F0788213F8012D392A03F1B9
:103CE0000105F6D001321A704146484600F03EFE0A
:103CF000002E3FF408AFBBF1000F05D0B34503D051
:103D00005946484600F032FE3146484600F02EFE45
:103D1000F9E601230C93E3E5DDF810804046FCF75B
:103D2000D1FB02460B4630463946FCF799FE002887
:103D30007FF4C2AD08F1FF330493BDE5059A049BFF
:103D4000D21A5B420A93002305920B93DAE55B4299
:103D5000059300230293CAE50A9F059D099E05E786
:103D6000C3F120080AFA08F073E50C90B8E500BF2B
:103D70000000244000230993049B219A13440D93CF
:103D80000133002B069340F38382069C26460021D4
:103D9000172EC9F844100BD9012204235B0003F14C
:103DA0001400B042114602F10102F7D9C9F84410DB
:103DB000484600F0B5FD0E2C0790C9F840003FF6CC
:103DC000E0AD002D3FF4DDAD04995746D8460029FB
:103DD000CDE90E7840F39282914B01F00F020E1163
:103DE00003EBC203F006D3E9004540F14C828D4B52
:103DF00050465946D3E90823FCF7F4FC06F00F06B9
:103E000082468B464FF0030886B1864FF10709D5ED
:103E100020462946D7E90023FCF7BAFB08F1010840
:103E200004460D46761007F10807EFD122462B46CF
:103E300050465946FCF7D6FC06460F460C9B43B14C
:103E40000022794B30463946FCF714FE002840F03A
:103E500020834046FCF736FB32463B46FCF798FB96
:103E6000724B0022FCF7E2F9069B0446A1F1507563
:103E7000002B00F0DF81049BDDF818801193099B73
:103E8000002B00F09782664B694903EBC80353E9A6
:103E900002230020FCF7A6FC22462B46FCF7C4F9BF
:103EA00082468B4630463946FCF722FE0446FCF734
:103EB00009FB02460B4630463946FCF7B5F930346B
:103EC000079DE4B206460F462C7002460B4650464C
:103ED00059460135FCF7ECFD00284CD132463B46F3
:103EE00000205149FCF7A0F902460B4650465946BE
:103EF000FCF7DEFD002840F00D83B8F1010F40F320
:103F0000B381079B98440DE000204749FCF78CF9EA
:103F100052465B46FCF7AEFD002840F0FB8245456B
:103F200000F0A281504659460022424BFCF730FB7C
:103F30000022404B82468B4630463946FCF728FB30
:103F40000F460646FCF7D4FD0446FCF7BBFA0246D2
:103F50000B4630463946FCF767F93034E4B2524636
:103F60005B4605F8014B06460F46FCF783FD3246DB
:103F70003B460028C8D0119B0493C4E50023099355
:103F8000219B002B40F389811E461C460D9306930E
:103F9000FDE601230993F3E708940A9A0899484635
:103FA00000F01EFE044611E6069B002B3FF7FCAC1A
:103FB00040F0DA820022204BDDE90201FCF7E8FA4A
:103FC00052465B46FCF76AFDDDF81880464600283D
:103FD00000F0F280219B079DDB4304934146484655
:103FE00000F0C4FC002E3FF48EAD8DE6109A002A3E
:103FF00000F0418203F233430A9F059DABE51C208C
:10400000059B03440593029B0344054402930EE67B
:10401000209B012B40F382820B9F0120F3E500BF20
:10402000A8700100807101000000F03F00001C40FA
:104030000000E03F0000244000001440314600230F
:104040000A22484600F09CFC0D9B002B064640F3DC
:1040500097820693002D05DD31462A46484600F03A
:104060000FFE0646002F40F07C810596069B079ABE
:10407000DDF814B0013BD31808930AF0010309934B
:104080001746C24651462046FFF7DEFA314605463E
:10409000204600F04DFE5A4602905146484600F038
:1040A00067FEC268804605F13003002A49D1014607
:1040B0002046069300F03CFE41460590484600F03D
:1040C00055FC059A069B2AB9209919B90999002926
:1040D00000F0368202990029C0F2E48005D12099CF
:1040E00019B90999002900F0DD80002A00F34D81FB
:1040F000089A3B7007F101089742454600F0548149
:10410000214600230A22484600F03AFC5E45044658
:1041100031464FF000034FF00A0248460BD000F042
:104120002FFC5946064600230A22484600F028FC88
:1041300047468346A6E700F023FC474606468346EB
:10414000A0E701464846059300F010FC0122059BBC
:10415000C0E74146204600F0EBFD0028BFF67DADEC
:104160002146049C0023013C0A224846049400F0A6
:1041700007FC099B0446002B7FF460AF0D9B002BCE
:1041800040F3F681069370E5089C1FE5209B022B07
:104190007FF767AD069B002B40F0798141460522F1
:1041A000484600F0EDFB01468046204600F0C0FD89
:1041B000002808947FF70EAF049A07993123013243
:1041C00004920B704D1C09E7049A01320492079A7D
:1041D0003123137088E501230993CDE5DDF81490B0
:1041E00091E4BAF1000F7FF404ADCBF31303002B7D
:1041F00040F03F812BF000473F0D3F0537B1059B55
:1042000001330593029B0133029301270B9B01208D
:10421000002B3FF4F8ACEDE44046FCF753F932468E
:104220003B46FCF7B5F90022BF4BFBF7FFFF044606
:10423000A1F15075304639460022BC4BFBF7F4FF24
:1042400022462B4606460F46FCF732FC80460028E5
:1042500040F00581224605F1004330463946FCF71F
:1042600009FC08B14646B5E6DDE90EABFFF789BBB0
:104270000798FFF7AEBA0A9B0B9A0A97FB1A1A44E3
:104280000B92002761E4DDE90EAB4FF00208BBE5BD
:104290001C460021C9F844108AE5012421940D949C
:1042A0000694F6E7002AD046CDF814B09A4611DD00
:1042B00021460122484600F0E3FC4146044600F056
:1042C00037FD002840F34981BAF1390F00F006812B
:1042D00005F1310AB34687F800A07D1C059E0894BD
:1042E00002E504D11AF0010F01D0EDE4154615F8EE
:1042F000013C302B05F1FF32F8D0F5E4049B5C4221
:10430000002C00F0BF808A4B04F00F0203EBC203C5
:10431000D3E90023DDE90E01FCF73AF92411064642
:104320000F4600F02A81834D4FF00208E20709D5BD
:1043300030463946D5E90023FCF72AF908F101088F
:1043400006460F46641005F10805EFD176E507999A
:1043500030220A70049A15F8014C01320492FFF7DA
:10436000D0BB7168484600F0DBFA33699A1C0546F9
:10437000920006F10C010C30FAF738FC29460122B4
:10438000484600F07DFC059070E6392BCDF814B05E
:10439000D04600F0A38003F1010AB34687F800A0DD
:1043A0007D1C059E08949FE45A46D046B3469A4623
:1043B00016467DE45E4908F1FF3A01EBCA01224648
:1043C0002B46D1E90001FCF7E3F8CDE912013946AB
:1043D0003046FCF78DFB0446FCF774F802460B46AA
:1043E00030463946FBF720FF079A3034B8F1010F09
:1043F00006460F46147002F101051ED0079B03EB21
:10440000080BA84600224C4B30463946FCF7C0F852
:104410000F460646FCF76CFB0446FCF753F83034B5
:1044200002460B4630463946FBF7FEFE08F8014BC4
:10443000C34506460F46E5D1554400223F4BDDE912
:104440001201FBF7F3FE32463B46FCF713FB002854
:104450004CD0119B049315F8014CFFF746BB4FF06D
:1044600000084646A8E6059B069A9D1A0023FFF71A
:1044700072BB0027CAE6149B0A9F059DC3F1360351
:10448000FFF769BBDDE90E674FF00208D6E4089438
:10449000A0E5069B002B3FF4BFAE0D9B002B7FF7E2
:1044A000E3AE0022244B30463946FCF771F806464D
:1044B0000F4608F10100FCF705F832463B46FCF7D1
:1044C00067F80022184BFBF7B1FE049ADDF8348040
:1044D000013A0446A1F150751192D0E43922B34655
:1044E0000894059E3A707D1CFFF7F0BBDDE91223AE
:1044F00000201249FBF798FE32463B46FCF7D8FAFB
:1045000008B9B1E6154615F8013C302B05F1FF322C
:10451000F8D030E5119B0493FFF7E7BABAF1000F2A
:104520007FF47AAD61E600BF00001C40000014403B
:10453000A870010080710100000024400000E03FED
:10454000392BCDF814B0D046DDF808B09A46C5D066
:10455000BBF1000F3FF7BCAEBCE67FF4BBAE1AF078
:10456000010F3FF4B7AEAFE64FF00008464631E525
:10457000209B022B21DC0D9B04E64FF002085DE43A
:10458000209B022B19DC0D9B63E50024C9F84440F5
:104590002146484600F0C4F94FF0FF3306930D93CF
:1045A000012307902194C9F840000993FFF7E9B966
:1045B0003FF43DABC0F13C0022E50D9B0693E9E5DD
:1045C0000125FFF7A8B900BF38B5074D074C2C1BD4
:1045D000A41005D0013C55F8043D9847002CF9D1B2
:1045E000BDE8384002F0EEBD000000000000000011
:1045F000F8B5234F0C460646FDF7F8F9BB685D6831
:1046000025F00305291B01F6EF7121F47F6121F0EC
:104610000F01A1F58054B4F5805F07DB002130461F
:10462000FDF7D8FBBB682B44984204D03046FDF719
:10463000DFF90020F8BD61423046FDF7CBFB0130C9
:104640000DD0104BBA6819682D1B45F00105304696
:10465000091B55601960FDF7CBF90120F8BD002159
:104660003046FDF7B7FBBA68831A0F2BDEDD064C28
:104670000449246843F00103001B53600860D5E738
:10468000588EFF1FD0BCFF1F6492FF1F002945D02A
:104690002DE9F0410D468046FDF7A8F955F8047C58
:1046A0006A4927F00103A5F10804E2188E685068F2
:1046B000B24220F0030062D0FE0750600BD455F8E0
:1046C000087CE41B01F1080EA56875453B446FD0DA
:1046D000E768EF60BD6015186D68ED0742D543F0DF
:1046E00001026260E350B3F5007F18D2DB085A1C68
:1046F0004D6851F83270A76001209B1000FA03F357
:1047000001EBC2001D430838E0604D6041F83240C3
:10471000FC604046BDE8F041FDF76AB970475A0AAF
:10472000042A53D89A0902F139077F0002F13805AB
:1047300001EB870051F827204449083890424DD0BA
:10474000516821F003018B4202D292689042F7D166
:10475000D068E060A2608460D4604046BDE8F0416B
:10476000FDF746B995683A4FBD4203443FD0D06843
:10477000E86043F0010285606260E350B3E7FF0741
:10478000034407D455F8082CA41A1344A068E2681F
:10479000C26090602F4A126843F00100934260604B
:1047A0008C60B6D32C4B40461968FFF721FFB0E769
:1047B00011184968C90744D49168D268CA60034493
:1047C00043F0010091606060E350A2E7142A17D81B
:1047D00002F15C077F0002F15B05A9E7AA104B68B4
:1047E000012505FA02F213434B600246B1E743F09C
:1047F00001024C610C61E560A5606260E35088E7EE
:10480000542A06D81A0B02F16F077F0002F16E05D9
:104810008EE7B2F5AA7F06D8DA0B02F178077F009F
:1048200002F1770584E740F25450824206D89A0C90
:1048300002F17D077F0002F17C0579E7FE277E25E6
:1048400076E743F001026260E35062E7588EFF1F93
:10485000608EFF1F6092FF1FCCBCFF1F044A054BF8
:104860001268506B002808BF1846F030704700BF30
:10487000E88CFF1FEC8CFF1FFFFFFFFFFFFFFFFF18
:1048800001F0FF01102A2BDB10F0070F08D010F801
:10489000013B013A8B422DD010F0070F42B3F6D105
:1048A000F0B441EA012141EA014122F007047FF01E
:1048B00000070023F0E80256083C85EA010586EA75
:1048C000010685FA47F5A3FA87F586FA47F6A5FAB1
:1048D00087F68EB9EED1F0BC01F0FF0102F00702BD
:1048E00032B110F8013B013A83EA010313B1F8D168
:1048F0000020704701387047002D06BF3546033849
:10490000073815F0010F07D1013015F4807F02BF81
:10491000013015F4C03F0130F0BC0138704700BFD2
:10492000C36C70B505460C464BB153F8240080B1FA
:10493000026843F8242000230361C36070BD212274
:10494000042100F0CDFBE86403460028EDD10020EF
:1049500070BD012101FA04F6721D2846920000F094
:10496000BFFB0028F3D044608660E4E731B1C36C3C
:104970004A6853F82200086043F82210704700BFCD
:10498000F0B50C6983B00D46064601F1140E002700
:10499000DEF8000081B202FB01310B0C000C02FBBF
:1049A000003389B2013701EB0341BC424EF8041BCE
:1049B0004FEA1343ECDC3BB1AA68944207DA05EBFB
:1049C0008402013453612C61284603B0F0BD69684C
:1049D000019301313046FFF7A3FF2A69023205F146
:1049E0000C01074692000C30FAF700F9F26C696886
:1049F000019B52F82100286042F821503D46DEE735
:104A0000030C1B04B3B90004102310F07F4F04BF44
:104A10000002083310F0704F04BF0001043310F09F
:104A2000404F04BF80000233002807DB420003D45C
:104A3000202070470023E8E7581C7047184670474D
:104A4000036813F0070207D0D90720D49A0720D4AF
:104A50009B0803600220704799B209B91B0C102211
:104A600013F0FF0F04BF1B0A0832190704BF1B090C
:104A70000432990704BF9B080232D90704D45B08AB
:104A800001D120207047013203601046704700209A
:104A900070475B0803600120704700BF10B50C46EB
:104AA0000121FFF73DFF01224461026110BD00BFFB
:104AB0002DE9F04F0D691769BD4283B00C461646CB
:104AC00004DA2A4634463D460E461746A368616816
:104AD00005EB07089845C8BF0131FFF721FF00F13A
:104AE000140C0CEB8809CC45009005D263460021DC
:104AF00043F8041B9945FBD806F1140202EB870A20
:104B000004F11403524503EB850E54D2CDF8049002
:104B1000994652F8043B1FFA83FBBBF1000F20D0EB
:104B200000204F466646054600E01E4657F8044BF7
:104B30003068A1B283B20BFB0131240C000C4B197D
:104B40000BFB040000EB134099B2334641EA0041ED
:104B5000BE454FEA104543F8041BE6D8756052F88D
:104B6000043C5FEA134B20D0DCF80030674618465F
:104B70004D46002100E037462C88000C0BFB04005A
:104B800001449CB23E4644EA014346F8043B78683F
:104B900055F8044B83B2240C0BFB043404EB114393
:104BA000AE454FEA1341E6D87B6092450CF1040C08
:104BB000AFD8DDF80490B8F1000F0BDD59F8043CD4
:104BC000A9F104091BB105E059F8043D13B9B8F186
:104BD0000108F9D10098C0F8108003B0BDE8F08F4B
:104BE00012F003032DE9F041144607462ED10E467C
:104BF000A4101CD0BD6C95B3E3074FF0000806D499
:104C0000641014D02868A8B10546E307F8D52A46F1
:104C100031463846FFF74CFFB6B17268FB6C641042
:104C200053F82210316043F822600646EAD130463C
:104C3000BDE8F0812A4629463846FFF739FF28604B
:104C4000C0F800800546E0E70646D9E75A1E0B4D3E
:104C5000002355F82220FFF793FE0646C8E70121FE
:104C60003846FFF75DFE40F27121012200234161C9
:104C700002610546B8640360BEE700BF70710100C1
:104C80002DE9F04791460A698B684FEA691404EBF5
:104C9000020808F101059D420E468246496804DD7E
:104CA0005B009D4201F10101FADC5046FFF738FE3E
:104CB000002C00F1140238DD02EB8403002142F8DD
:104CC000041B9342FBD1346906F1140119F01F094A
:104CD00001EB840E21D0C9F1200200240F6807FAED
:104CE00009FC4CEA04049C4643F8044B51F8044B7D
:104CF0008E4524FA02F4F1D8CCF804400CB108F146
:104D00000205DAF84C307268013D53F82210056153
:104D1000316043F82260BDE8F087043B51F8042B72
:104D200043F8042F8E45F9D8EBE71346CBE700BFD5
:104D300002690B69D21A12D19B0014301431194444
:104D400010B4034401E098420BD253F8044D51F8DB
:104D5000042D9442F7D007D3012010BC70471046B1
:104D60007047002010BC70474FF0FF30F5E700BFE0
:104D70002DE9F8430B690F4611695B1A002B904629
:104D800017D1890007F1140208F1140553182944BA
:104D900001E09A425ED253F8046D51F8044DA642E8
:104DA000F7D060D23B46144647464FF0010998467B
:104DB00006E05DDB07F1140502F114044FF0000971
:104DC0007968FFF7ADFDD8F810303E69C0F80C9057
:104DD00004EB830CA64605EB860700F114040023C0
:104DE0005EF8041B55F8048B8AB213FA88F3090C99
:104DF0009A1AC1EB184303EB224392B242EA0342F0
:104E0000F44544F8042B4FEA2343E9D8AF4217D9BD
:104E1000A446294651F804EB13FA8EF2131403EB5F
:104E20001E4392B242EA03428F424CF8042B4FEAEF
:104E30002343EFD8ED433D4425F0030504352C44CE
:104E4000043C22B954F8043D013E002BFAD006611F
:104E5000BDE8F8830021FFF763FD01220023026112
:104E60004361BDE8F8832C464FF000091546A7E7DB
:104E70003B4607F1140408F1140547464FF00109B9
:104E800098469DE72DE9F04182B001211C46C3F30D
:104E90000A571546089EFFF743FDC4F313048046E6
:104EA0000FB144F4801401941DB302A840F8085DCA
:104EB000FFF7C6FD002834D19DE80C00C8F8142087
:104EC000002B0CBF01210221C8F81830C8F81010BF
:104ED000DFB908EB8103A0F2324030601869FFF7B8
:104EE0008FFD099BC0EB41101860404602B0BDE841
:104EF000F08101A8FFF7A4FD019BC8F8143001213F
:104F00002030C8F81010002FE3D0099BA7F23347D8
:104F10000744C0F1350037601860404602B0BDE874
:104F2000F0819DE80C00C0F1200103FA01F10A4371
:104F3000C3400193C8F81420C2E700BF2DE9F04F29
:104F4000936883B09046002B72D083464FF00009DF
:104F5000166808688B680D464C46002C45D09C426C
:104F60001F469A4646D3AB8913F4906F2DD06F69D4
:104F7000296907EB4707C1EB000A07EBD777601CED
:104F80007F105044B8423A4684BF07463A465B0514
:104F900033D511465846FCF7A9F9002837D05246B8
:104FA00029690190F9F722FEAA89019B22F49062F7
:104FB00042F08002AA81CAEB070203EB0A006F618C
:104FC0002B612860AA602746A24652464946FCF754
:104FD0005BFCD8F80820AB682868DB1B5044141B26
:104FE000AB602860C8F8084014B3D6F80090746825
:104FF0000836B2E72746A246E7E75846FCF7FAFC30
:1050000003460028D7D129695846FFF73FFB0C23F8
:10501000CBF80030AB89002243F040034FF0FF3063
:10502000AB81C8F80820C8F8042003B0BDE8F08FB1
:105030000020C8F8040003B0BDE8F08F2DE9F04768
:10504000254C2568D5F8484106468846924699463B
:10505000C4B360681F2817DC431C76B104EB8005DD
:105060000122C5F888A0D4F8881182401143022E8D
:10507000C4F88811C5F808911ED00230636044F866
:1050800020800020BDE8F087144B03B34FF4C870B4
:10509000FCF724F90446D0B1D5F84831002780E860
:1050A0008800C5F8484138460123C4F88871C4F81F
:1050B0008C71002EE1D0D1E7D4F88C110A43C4F8EA
:1050C0008C21DAE705F5A674C5F84841C1E74FF031
:1050D000FF30BDE8F08700BF306F0100DD12010036
:1050E00010B502FB01F1FCF701F90446D8B150F804
:1050F000042C22F00302043A242A18D8132A14D9C3
:1051000000231B2A0360436016D9242A8360C360EE
:1051100011BF00F110020361436100F11802002386
:10512000136053609360204610BD0246F7E70021EC
:10513000FCF70EFC204610BD00F10802EFE700BFAF
:1051400053B94AB9002908BF00281CBF4FF0FF31EE
:105150004FF0FF3000F07EB9ADF1080C6DE904CEE0
:1051600000F006F8DDF804E0DDE9022304B0704742
:105170002DE9F0478C460E460446089D002B50D181
:105180008A4217466CD9B2FA82FEBEF1000F0BD0EC
:10519000CEF1200420FA04F401FA0EF644EA060CDB
:1051A00002FA0EF700FA0EF44FEA1749220CBCFB84
:1051B000F9F01FFA87F809FB10C642EA064600FB21
:1051C00008F3B34209D9F61900F1FF3280F02281C9
:1051D000B34240F21F8102383E44F61AA2B2B6FB37
:1051E000F9F309FB136642EA064403FB08F8A045FD
:1051F00009D9E41903F1FF3280F00A81A04540F299
:105200000781023B3C44C8EB040443EA0040002110
:10521000002D62D024FA0EF400232C606B60BDE8F0
:10522000F0878B4207D9002D55D0002185E8410039
:105230000846BDE8F087B3FA83F1002940F090807A
:10524000B34202D3824200F2F880841A66EB03066E
:105250000120B446002D40D085E81010BDE8F0874D
:1052600012B90127B7FBF2F7B7FA87FEBEF1000FBC
:1052700035D1F31B4FEA17481FFA87FC0121B3FB16
:10528000F8F0220C08FB103642EA06460CFB00F34D
:10529000B34207D9F61900F1FF3202D2B34200F24D
:1052A000CE801046F61AA2B2B6FBF8F308FB1366DE
:1052B00042EA06440CFB03FCA44507D9E41903F1B8
:1052C000FF3202D2A44500F2B5801346CCEB0404B1
:1052D00043EA00409CE729462846BDE8F087CEF126
:1052E000200106FA0EF307FA0EF720FA01F94FEA49
:1052F0001748CE4049EA0309B6FBF8FA4FEA1944C9
:1053000008FB1A661FFA87FC44EA06430AFB0CF204
:105310009A4200FA0EF40AD9DB190AF1FF3180F043
:1053200087809A4240F28480AAF1020A3B449B1A89
:105330001FFA89F9B3FBF8F108FB113349EA03437B
:1053400001FB0CF69E4207D9DB1901F1FF326BD24B
:105350009E4269D902393B449B1B41EA0A418EE7D0
:10536000C1F1200E22FA0EF48B40234320FA0EF7EF
:1053700006FA01F44FEA134C26FA0EF63C43B6FB4C
:10538000FCF9270C0CFB19661FFA83F847EA06465E
:1053900009FB08F7B74202FA01F200FA01FA08D94C
:1053A000F61809F1FF3041D2B7423FD9A9F10209FD
:1053B0001E44F61BA0B2B6FBFCF40CFB146640EADC
:1053C000064704FB08F8B84507D9FF1804F1FF3079
:1053D00028D2B84526D9023C1F4444EA0940C8EB0C
:1053E0000707A0FB02894F4544464E4614D329D0F7
:1053F00065B3BAEB040367EB060707FA0EFECB4072
:10540000CF404EEA030385E888000021BDE8F0871D
:105410001346F8E61046E0E6B8EB020469EB030633
:105420000138E5E70446D8E7114695E78146C0E72D
:105430008A467CE7023B3C4448E708460AE70238D4
:105440003E442FE7C245E7D33E46D1E72946BDE8B3
:10545000F08700BF704700BF53656E64696E673A9E
:10546000200000005265706C793A20004D6F647521
:105470006C65202569202020616C657274733D2560
:10548000582020206661756C74733D2558202020BB
:10549000434F563D25582020204355563D25580062
:1054A00053656E74204352433A20257820202020F3
:1054B0002043616C63756C61746564204352433AA8
:1054C00020257800476F7420766F6C7461676520C3
:1054D000616E642074656D706572617475726520AB
:1054E00072656164696E677300000000496E7661E1
:1054F0006C6964206D6F64756C6520726573706F84
:105500006E736520726563656976656420666F7287
:10551000206D6F64756C6520256920206C656E3A7E
:105520002025692020206372633A202569202020ED
:1055300063616C633A20256900FFFFFF202D200086
:10554000207C20002D000000303020666F756E64D6
:1055500000000000416464726573732061737369B5
:10556000676E6564000000004D6F64756C652025F2
:1055700069206578697374732E2052656164696E61
:105580006720766F6C7461676520616E6420746556
:105590006D70657261747572652076616C75657386
:1055A000000000004D6F64756C6520766F6C74614F
:1055B00067653A20256600004C6F77657374204359
:1055C000656C6C20563A20256620202020204869F2
:1055D00067686573742043656C6C20563A202566B5
:1055E0000000000054656D70313A202566202020AF
:1055F0002020202054656D70323A2025660000007E
:105600004F6E65206F72206D6F726520424D532082
:105610006D6F64756C6573206861766520656E7466
:105620006572656420746865206661756C742073AA
:105630007461746521000000416C6C206D6F6475AD
:105640006C6573206861766520657869746564208F
:1056500061206661756C74656420737461746500A3
:105660004D6F64756C65733A2025692020202056A3
:105670006F6C746167653A2025665620202041765C
:10568000672043656C6C20566F6C746167653A20C7
:1056900025665620202020204176672054656D70B5
:1056A0003A202566432000002020202020202020B2
:1056B00020202020202020202020202020202020EA
:1056C000202020202020204D6F64756C652023252C
:1056D000690000002020566F6C746167653A2025D0
:1056E0006656202020282566562D2566562920201E
:1056F00020202054656D7065726174757265733A0F
:1057000020282566432D25664329000020204D4F83
:1057100044554C45204953204641554C5445443A44
:1057200000000000202020204F766572766F6C7498
:105730006167652043656C6C204E756D62657273A0
:105740002028312D36293A2000000000202020207A
:10575000556E646572766F6C746167652043656C25
:105760006C204E756D626572732028312D36293A92
:105770002000000020202020435243206572726FD9
:105780007220696E20726563656976656420706158
:10579000636B65740000000020202020506F776547
:1057A00072206F6E20726573657420686173206F5C
:1057B00063637572726564002020202054657374E1
:1057C000206661756C742061637469766500000001
:1057D00020202020496E7465726E616C20726567AE
:1057E00069737465727320696E636F6E7369737425
:1057F000656E740020204D4F44554C452048415360
:1058000020414C455254533A0000000020202020F3
:105810004F7665722074656D70657261747572651E
:10582000206F6E2054533100202020204F76657267
:105830002074656D7065726174757265206F6E207D
:105840005453320020202020536C656570206D6F0A
:105850006465206163746976650000002020202063
:10586000546865726D616C2073687574646F776ECF
:10587000206163746976650020202020546573746C
:1058800020416C6572740000202020204F5450206D
:105890004550524F4D20556E636F7272656374614F
:1058A000626C65204572726F72000000202020201B
:1058B00047524F555033205265677320496E7661C9
:1058C0006C69640020202020416464726573732039
:1058D0006E6F742072656769737465726564000029
:1058E0004D6F64756C65733A2025692043656C6C57
:1058F000733A20256920537472696E67733A2025C4
:10590000692020566F6C746167653A2025665620C1
:1059100020204176672043656C6C20566F6C746163
:1059200067653A2025665620204C6F772043656CCA
:105930006C20566F6C746167653A2025665620208E
:1059400020486967682043656C6C20566F6C7461F1
:1059500067653A202566562044656C746120566F51
:105960006C746167653A20257A6D56202020417657
:10597000672054656D703A202566432000000000C2
:105980004D6F64756C65733A20000000207C2043E5
:10599000656C6C733A2000005600000056207C2095
:1059A0000000000056202D20000000006D56000071
:1059B0004176672054656D703A2000004300000076
:1059C0004D6F64756C652023000000002020436546
:1059D0006C6C000020204E6567205465726D205469
:1059E000656D703A20000000432020506F732054F2
:1059F00065726D2054656D703A2000002C00FFFF29
:105A000030780000306200005400000046000000C2
:105A1000545255450000000046414C5345000000DB
:105A20004445425547000000494E464F00000000E3
:105A30005741524E494E47004552524F5200FFFFC8
:105A40006D412000526573657474696E6720746FD0
:105A500020666163746F72792064656661756C7429
:105A600073000000534F43203A2000002020667549
:105A7000656C2070776D203A20000000424D532065
:105A8000537461747573203A20000000455353200D
:105A90004D6F6465200000003A20556E64657256B3
:105AA0006F6C7461676520003A204F766572566F9F
:105AB0006C746167652000003A2043656C6C204976
:105AC0006D62616C616E6365200000003A204F7664
:105AD00065722054656D7020000000003A20556EFC
:105AE0006465722054656D70200000003A204F7686
:105AF0006572566F6C746167652053746F7261676D
:105B0000652000003A20554E68617070793A0000B7
:105B10003A204861707079200000000020426F6FC9
:105B20007420000020526561647920002050726565
:105B300063686172676520002044726976652000A1
:105B40002043686172676520000000002045727282
:105B50006F7220007C2041432050726573656E7423
:105B6000207C00007C204B6579204F4E207C00007B
:105B70007C2042616C616E63696E67204163746969
:105B8000766500004F75743A0000000020436F6E88
:105B9000743A0000310000003000000020496E3AE5
:105BA00000000000204368617267652043757272CF
:105BB000656E74204C696D6974203A200000000005
:105BC0002041207C204469734368617267652043EB
:105BD000757272656E74204C696D6974203A20008C
:105BE00020410000207C2043686172676520437576
:105BF0007272656E74204C696D697420496E6163C0
:105C0000746976650000000043686172676520432F
:105C1000757272656E74204C696D697420496E618D
:105C20006374697665000000207C204368617267B8
:105C3000652043757272656E74204C696D697420BD
:105C4000416374697665000043686172676520434B
:105C5000757272656E74204C696D6974204163744D
:105C6000697665004C6F772052616E67653A200057
:105C700053696E676C6520496E3A200056616C75F9
:105C80006520414443303A2000000000206D41006F
:105C9000486967682052616E67653A20000000001D
:105CA0006D4100006D412020000000004C6F772006
:105CB00052616E6765200000486967682052616E16
:105CC00067650000416E616C6F6775652053696E92
:105CD000676C65200000000043414E627573200030
:105CE0002520534F432000006D41680070756C6C97
:105CF00020696E204F5554360000000070756C6CA2
:105D000020696E204F555437000000002043616C1D
:105D10006962726174696E672043757272656E7430
:105D2000204F6666736574203A3A3A3A3A2000008A
:105D30002063757272656E74206F66667365742079
:105D4000312063616C6962726174656420000000D7
:105D50002E0000002063757272656E74206F666697
:105D600073657420322063616C696272617465646A
:105D70002000000020436F646564205365747469DB
:105D80006E6773204C6F616465642000206D41680C
:105D90002052657365742000446F206E6F74207507
:105DA000736520756E6C65737320796F75206B6EEB
:105DB0006F77207768617420697420646F65732140
:105DC000212121210000000031202D2053656E6427
:105DD000696E67204578706572696D656E74616C77
:105DE0002056696374726F6E2043414E3A00000082
:105DF00032202D2053657269616C20506F727420BF
:105E000046756E6374696F6E3A000000536572697F
:105E1000616C20446973706C6179000043616E208D
:105E200042757320457870616E73696F6E00000073
:105E300071202D20476F206261636B20746F206D8D
:105E4000656E750031202D2054656D702053656E90
:105E5000736F722053657474696E673A00000000B6
:105E600032202D20566F6C7461676520556E646515
:105E70007220576869636820546F2049676E6F729B
:105E8000652043656C6C733A0000000031202D20C2
:105E900043656C6C2043686172676520566F6C7453
:105EA000616765204C696D697420536574706F6912
:105EB0006E743A200000000032202D204368617289
:105EC0006765204879737465727369733A200000BE
:105ED00033202D205061636B204D61782043686131
:105EE0007267652043757272656E743A2000000017
:105EF000342D205061636B20456E64206F66204313
:105F000068617267652043757272656E743A20002D
:105F1000352D204368617267657220547970653A47
:105F20002000000052656C617920436F6E74726FBF
:105F30006C0000004272757361204E4C47357878D2
:105F400000000000566F6C742043686172676572D0
:105F500000000000456C74656B20436861726765E2
:105F600072000000456C636F6E2043686172676564
:105F70007200000056696374726F6E2F534D4100BA
:105F8000436F646100000000362D20436861726732
:105F900065722043616E204D7367205370643A2010
:105FA000000000006D530000372D2043616E204239
:105FB000617564726174653A200000006B627073F1
:105FC0000000000038202D20436861726765722050
:105FD000485620436F6E6E656374696F6E3A200099
:105FE00020426568696E6420436F6E746163746FEC
:105FF0007273000044697265637420546F204261BB
:1060000074746572792048560000000039202D20F4
:106010004368617267652043757272656E742064AF
:106020006572617465204C6F773A20002043000050
:1060300061202D20416C7465726E61746520506121
:10604000636B204D617820436861726765204375FA
:106050007272656E743A2000416C61726D20616EDF
:1060600064205761726E696E672053657474696E3F
:106070006773204D656E750031202D20566F6C744E
:10608000616765205761726E696E67204F6666733F
:1060900065743A200000000032202D2043656C6CAE
:1060A00020566F6C74616765204469666665726529
:1060B0006E636520416C61726D3A200033202D20A3
:1060C00054656D70205761726E696E67204F666609
:1060D0007365743A2000000034202D2054656D70E3
:1060E000205761726E696E67204F66667365743AF9
:1060F00020000000206D5300436F6E746163746F65
:106100007220616E64204761756765205365747401
:10611000696E6773204D656E7500000031202D207B
:106120005072654368617267652054696D65723AA3
:106130002000000032202D20507265436861726794
:10614000652046696E6973682043757272656E7466
:106150003A20000033202D2050574D20636F6E747D
:106160006163746F7220486F6C6420302D32353556
:10617000203A000034202D2050574D20666F7220A9
:106180004761756765204C6F7720302D323535209B
:106190003A00000035202D2050574D20666F7220A8
:1061A0004761756765204869676820302D3235354D
:1061B000203A00004D454E550000000044656275D0
:1061C0006767696E67205061757365640000000041
:1061D0004669726D776172652056657273696F6E7C
:1061E000203A200062202D2042617474657279206B
:1061F00053657474696E67730000000061202D2080
:10620000416C61726D20616E64205761726E696EBF
:10621000672053657474696E6773000065202D20D4
:106220004368617267696E672053657474696E674D
:106230007300000063202D2043757272656E742018
:1062400053656E736F722043616C69627261746929
:106250006F6E00006B202D20436F6E746163746F4E
:106260007220616E642047617567652053657474A0
:10627000696E67730000000069202D2049676E6F0A
:1062800072652056616C75652053657474696E671C
:106290007300000064202D204465627567205365FB
:1062A0007474696E6773000078202D2045787065DE
:1062B00072696D656E74616C2053657474696E6784
:1062C0007300000052202D20526573746172742097
:1062D000424D530071202D2065786974206D656EE4
:1062E0007500000044656275672053657474696EBB
:1062F0006773204D656E7500546F67676C65206F1E
:106300006E2F6F666600000031202D2043616E20E5
:106310004465627567203A0032202D204375727201
:10632000656E74204465627567203A0033202D2025
:106330004F757470757420436865636B203A000074
:1063400034202D20496E70757420436865636B207E
:106350003A00000035202D20455353206D6F6465B1
:10636000203A000036202D2043656C6C732050725B
:106370006573656E74205265736574203A00000081
:1063800037202D2047617567652044656275672059
:106390003A00000038202D20435356204F7574706A
:1063A0007574203A0000000039202D20446563698F
:1063B0006D616C20506C6163657320746F2053684D
:1063C0006F77203A0000000043757272656E74208A
:1063D00053656E736F722043616C69627261746998
:1063E0006F6E204D656E750063202D20546F206305
:1063F000616C6962726174652073656E736F72207F
:106400006F6666736574000073202D204375727289
:10641000656E742053656E736F72205479706520B9
:106420003A20000020416E616C6F677565204475ED
:10643000616C2043757272656E742053656E736F64
:106440007220000020416E616C6F67756520536992
:106450006E676C652043757272656E742053656E4D
:10646000736F7220000000002043616E627573201C
:1064700043757272656E742053656E736F7220007F
:10648000556E646566696E656400000031202D20DC
:10649000696E766572742063757272656E74203AE7
:1064A0000000000032202D205075726520566F6C60
:1064B0007461676520626173656420534F43203ABD
:1064C0000000000033202D2043757272656E742029
:1064D0004D756C7469706C69636174696F6E203A94
:1064E0000000000034202D20416E616C6F677565DF
:1064F000204C6F772052616E676520436F6E763A4D
:1065000000000000206D562F4100000035202D2096
:10651000416E616C6F6775652048696768205261DC
:106520006E676520436F6E763A00000036202D209E
:1065300043757272656E742053656E736F7220447A
:1065400065616462616E643A00000000206D56006F
:1065500038202D2043757272656E74204368616E19
:106560006E656C204368616E67654F7665723A00B0
:1065700037202D43616E2043757272656E7420530F
:10658000656E736F72203A00204C454D20434142A6
:1065900020736572696573200000000020497361F3
:1065A0005363616C65204956542D53200000000050
:1065B0002056696374726F6E204C796E7820564550
:1065C0002E43414E205368756E740000426174740E
:1065D0006572792053657474696E6773204D656EBA
:1065E0007500000072202D205265736574204148AB
:1065F00020636F756E7465720000000066202D20A8
:10660000526573657420746F20436F646564205312
:10661000657474696E67730031202D2043656C6C5E
:10662000204F76657220566F6C74616765205365E4
:1066300074706F696E743A200000000032202D20C3
:1066400043656C6C20556E64657220566F6C746186
:10665000676520536574706F696E743A200000009E
:1066600033202D204F7665722054656D7065726100
:106670007475726520536574706F696E743A20008A
:1066800034202D20556E6465722054656D706572DE
:10669000617475726520536574706F696E743A2009
:1066A0000000000035202D2043656C6C2042616C99
:1066B000616E636520566F6C746167652053657405
:1066C000706F696E743A200036202D2042616C6133
:1066D0006E636520566F6C746167652048797374CA
:1066E00065727369733A200037202D20416820427B
:1066F0006174746572792043617061636974793A79
:10670000200000004168000038202D205061636B9C
:10671000204D6178204469736368617267653A202F
:106720000000000039202D2043656C6C2044697303
:1067300063686172676520566F6C74616765204C91
:10674000696D697420536574706F696E743A2000C6
:1067500030202D20536C61766520737472696E67EA
:106760007320696E20706172616C6C656C3A2000F8
:1067700061202D2043656C6C7320696E2053657217
:106780006965732070657220537472696E673A2070
:106790000000000062202D20736574706F696E74B4
:1067A00020313A200000000063202D20534F432069
:1067B000736574706F696E7420313A0025000000B3
:1067C00064202D20736574706F696E7420323A20D6
:1067D0000000000065202D20534F43207365747026
:1067E0006F696E7420323A200000000067202D206F
:1067F00053746F7261676520536574706F696E744E
:106800003A20000068202D20446973636861726734
:10681000652043757272656E7420546170657220D4
:106820004F66667365743A20000000006A202D20D0
:106830004469736368617267652043757272656E3F
:10684000742054656D70657261747572652044655D
:1068500072617465203A20006B202D2043656C6CBA
:106860002044697363686172676520566F6C746158
:10687000676520487973746572657369733A20009F
:10688000457874656E6465642049443A2030782503
:106890002E386C582020444C433A20253164202067
:1068A000446174613A0000002C3078252E336C5816
:1068B0002C66616C73652C25316400002052454DB7
:1068C0004F54452052455155455354204652414D51
:1068D000450000002C203078252E325800000000A2
:1068E000496E7075743A200031204F4E2020000010
:1068F00031204F464620000032204F4E202000001D
:1069000032204F464620000033204F4E202000000A
:1069100033204F464620000034204F4E20200000F8
:1069200034204F4646200000737461742E747874CE
:106930003D0000002041637469766520000000007E
:10694000736F632E76616C3D00000000736F6331DE
:106950002E76616C3D00000063757272656E742E58
:1069600076616C3D0000000074656D702E76616C80
:106970003D00000074656D706C6F772E76616C3D24
:106980000000000074656D70686967682E76616C40
:106990003D000000766F6C742E76616C3D00000047
:1069A0006C6F7763656C6C2E76616C3D0000000047
:1069B0006869676863656C6C2E76616C3D000000E9
:1069C0006669726D2E76616C3D00000063656C6CCB
:1069D00064656C74612E76616C3D000063656C6C5F
:1069E00062616C2E76616C3D0000000047455420CA
:1069F000444154412046524F4D2049443A20000022
:106A00002020202121212053657269657320436570
:106A10006C6C73204661756C74202121210000008C
:106A20005374617274696E672075702100000000F4
:106A300053696D70424D53205632205465736C611A
:106A400000000000526561736F6E20666F72206CEB
:106A50006173742052657365743A200053746F70CB
:106A6000204D6F64652041636B6E6F776C65646762
:106A700065204572726F7220526573657400000064
:106A80004D444D2D41502052657365740000000047
:106A9000536F667477617265205265736574000088
:106AA000436F7265204C6F636B7570204576656E21
:106AB0007420526573657400506F7765722D6F6E28
:106AC000205265736574000045787465726E616C60
:106AD0002050696E205265736574000057617463BD
:106AE00068646F6728434F502920526573657400AE
:106AF0004C6F7373206F662045787465726E616C9D
:106B000020436C6F636B2052657365740000000056
:106B10004C6F7373206F66204C6F636B20696E201F
:106B2000504C4C2052657365740000004C6F772DFB
:106B3000766F6C7461676520446574656374205278
:106B4000657365740000000053746172746564209D
:106B500073657269616C20696E74657266616365E4
:106B600020746F20424D532E00FFFFFF220324802C
:106B7000050E08090D0C06070F040013031F050E70
:106B800008090D0C06070F041F1F1F1F1F1F1F1FC3
:106B90001F1F4053435F1A16171B1D1E1F1F080996
:106BA0001F1F1F1F1F1F031F00131F1F08091F1F69
:106BB0001F1F1F1F1F1F8505040607841F1F435F1C
:106BC00040531A121F1B1D1E2280240341626F7244
:106BD0007420696E2043414E20626567696E2E20E5
:106BE000436F756C646E27742066696E6420612043
:106BF0007375697461626C65206261756420636F8E
:106C00006E6669672100FFFF6FF07F0303700378F2
:106C100013F0800FFBD070474008FE4340A00440B3
:106C20004408FE4344A004400018FE4300C0044052
:106C30003000FE43309004403400FE433490044062
:106C40001C18FE431CC004401018FE4310C0044032
:106C50000818FE4308C004400C18FE430CC0044052
:106C60000C10FE430CB004401010FE4310B0044062
:106C70001810FE4318B004401C10FE431CB0044022
:106C80001410FE4314B004400418FE4304C0044032
:106C90000010FE4300B004400008FE4300A0044082
:106CA0000408FE4304A004400C08FE430CA004406A
:106CB0000808FE4308A004401418FE4314C0044012
:106CC0001818FE4318C004400410FE4304B00440EA
:106CD0000810FE4308B004401400FE431490044022
:106CE0004C08FE434CA004400420FE4304D0044062
:106CF0002410FE4324B004402010FE4320B0044082
:106D00002810FE4328B004402C10FE432CB0044051
:106D10000020FE4300D004404808FE4348A0044041
:106D20001000FE431090044000000000000000002E
:106D30001DE4000041E40000C1E40000BDE40000E7
:106D4000B9E40000B5E40000B1E40000E5E30000B0
:106D500091E400008DE4000085E400007DE4000083
:106D600075E4000065E4000055E4000051E4000013
:106D7000C5E30000CDE30000D5E30000DDE3000043
:106D800029E4000011E40000000000000000000001
:106D9000FDE4000021E50000A1E500009DE5000004
:106DA00099E5000095E5000091E50000C5E40000CC
:106DB00071E500006DE5000065E500005DE500009F
:106DC00055E5000045E5000035E5000031E500002F
:106DD000C5E50000E5E5000005E60000A5E50000CA
:106DE00009E50000F1E400000000000000000000E0
:106DF0005DE6000081E6000001E70000FDE600001E
:106E0000F9E60000F5E60000F1E6000025E60000E6
:106E1000D1E60000CDE60000C5E60000BDE60000BA
:106E2000B5E60000A5E6000095E6000091E600004A
:106E300025E7000045E7000065E7000005E70000E2
:106E400069E6000051E600000D0AFFFF6E616E006A
:106E50006F766600696E66000000000000000000AA
:106E6000F9EA0000F1EA0000EDEA0000E9EA0000BA
:106E7000E5EA0000E1EA0000DDEA0000D9EA0000EE
:106E800000151915000100001C88FF1F12000000EA
:106E9000000200004888FF1F4300000000030000BC
:106EA000A488FF1F00000000010309043088FF1FB1
:106EB00000000000020309048C88FF1F000000008E
:106EC00003030904A888FF1F000000000000000061
:106ED0000000000000000000657870006C6F6766BD
:106EE00000FFFFFF706F776600FFFFFFFFFFFFFFF0
:106EF000000000000000E03F000000000000E0BFD4
:106F0000763C7935EF39EA3D763C7935EF39EABDA3
:106F10000000E0FE422EE63F0000E0FE422EE6BF0B
:106F2000000000000000304300000000000030C3FB
:106F3000C088FF1F504F53495800FFFF303030309A
:106F4000303030303030303030303030494E460024
:106F50004E414E00303132333435363738394142C4
:106F60004344454600000000303132333435363773
:106F7000383961626364656600000000286E756CD4
:106F80006C2900FF202020202020202020202020ED
:106F90002020202000202020202020202020282801
:106FA00028282820202020202020202020202020C9
:106FB0002020202020881010101010101010101009
:106FC0001010101010040404040404040404041039
:106FD00010101010101041414141414101010101C7
:106FE0000101010101010101010101010101010191
:106FF000101010101010424242424242020202029D
:107000000202020202020202020202020202020260
:107010001010101020000000000000000000000010
:107020000000000000000000000000000000000060
:107030000000000000000000000000000000000050
:107040000000000000000000000000000000000040
:107050000000000000000000000000000000000030
:107060000000000000000000000000000000000020
:107070000000000000000000000000000000000010
:107080000000000000000000000000000000000000
:107090000000000000FFFFFF496E66696E697479A9
:1070A000000000004E614E00000000000000F03FB4
:1070B00000000000000024400000000000005940D3
:1070C0000000000000408F40000000000088C34026
:1070D00000000000006AF8400000000080842E419B
:1070E00000000000D01263410000000084D79741E7
:1070F0000000000065CDCD41000000205FA00242ED
:10710000000000E876483742000000A2941A6D4261
:10711000000040E59C30A2420000901EC4BCD64254
:1071200000003426F56B0C430080E03779C34143FF
:1071300000A0D8855734764300C84E676DC1AB4375
:10714000003D9160E458E143408CB5781DAF154493
:1071500050EFE2D6E41A4B4492D54D06CFF080446E
:10716000F64AE1C7022DB544B49DD9794378EA4483
:1071700005000000190000007D000000FFFFFFFF78
:107180000080E03779C34143176E05B5B5B8934623
:10719000F5F93FE9034F384D321D30F94877825AEF
:1071A0003CBF737FDD4F1575F8B500BFF8BC08BC58
:1071B0009E4670472936010035040000399E0000C4
:0471C000C9B300004F
:0471C400F8B500BF5B
:0871C800A8DFFF7F01000000B9
:1071D00001000000090E03005046000053494D50C5
:1071E00020424D533806000032000000180600000F
:1071F0006400000064000000010000000000A040E6
:10720000100000000A000000010000000100000062
:1072100053494D502045434F32000000020000000A
:1072200064000000000001010001010101020101F0
:107230000202010203010203020204020205020229
:1072400005030206030207030207040307040307FA
:1072500005040705040706050706060706060707CF
:107260000707070A0400000010BDFF1F0801090AF4
:1072700008000000FFFFFFFF306D0100000000006C
:10728000E803000000000000CDEA0000906D01005E
:1072900000000000E803000000000000D1EA000048
:1072A000F06D010000000000E80300000000000095
:1072B000D5EA000001010100606E0100000000003D
:1072C000E8030000000000000100000012011001AE
:1072D00002000040C0168304750201020301000091
:1072E00018035400650065006E00730079006400A7
:1072F000750069006E006F0009024300020100C0C2
:1073000032090400000102020100052400100105F9
:107310002401010104240206052406000107058258
:107320000310004009040100020A000000070503E1
:1073300002400000070584024000000016035500CB
:107340005300420020005300650072006900610094
:107350006C000000040309040C030000000000009E
:10736000000000000000000000000000000001011B
:1073700000000000AC8BFF1F148CFF1F7C8CFF1FD4
:1073800000000000000000000000000000000000FD
:1073900000000000000000000000000000000000ED
:1073A00000000000000000000000000000000000DD
:1073B00000000000000000000000000000000000CD
:1073C00000000000000000000000000000000000BD
:1073D00000000000000000000000000000000000AD
:1073E000000000000000000000000000000000009D
:1073F000000000000000000000000000000000008D
:10740000000000000000000000000000000000007C
:10741000000000000000000001000000000000006B
:107420000E33CDAB34126DE6ECDE05000B00000030
:10743000000000000000000000000000000000004C
:10744000000000000000000000000000000000003C
:10745000000000000000000000000000000000002C
:10746000000000000000000000000000000000001C
:10747000000000000000000000000000000000000C
:1074800000000000000000000000000000000000FC
:1074900000000000000000000000000000000000EC
:1074A00000000000000000000000000000000000DC
:1074B00000000000000000000000000000000000CC
:1074C00000000000000000000000000000000000BC
:1074D00000000000000000000000000000000000AC
:1074E000000000000000000000000000000000009C
:1074F000000000000000000000000000000000008C
:10750000000000000000000000000000000000007B
:10751000000000000000000000000000000000006B
:10752000000000000000000000000000000000005B
:10753000000000000000000000000000000000004B
:10754000000000000000000000000000000000003B
:10755000000000000000000000000000000000002B
:10756000000000000000000000000000000000001B
:10757000000000000000000000000000000000000B
:1075800000000000000000000000000000000000FB
:1075900000000000000000000000000000000000EB
:1075A00000000000000000000000000000000000DB
:1075B00000000000000000000000000000000000CB
:1075C00000000000000000000000000000000000BB
:1075D00000000000000000000000000000000000AB
:1075E000000000000000000000000000000000009B
:1075F000000000000000000000000000000000008B
:10760000000000000000000000000000000000007A
:10761000000000000000000000000000000000006A
:10762000000000000000000000000000000000005A
:10763000000000000000000000000000000000004A
:10764000000000000000000000000000000000003A
:10765000000000000000000000000000000000002A
:10766000000000000000000000000000000000001A
:10767000000000000000000000000000000000000A
:1076800000000000000000000000000000000000FA
:1076900000000000000000000000000000000000EA
:1076A00000000000000000000000000000000000DA
:1076B00000000000000000000000000000000000CA
:1076C00000000000000000000000000000000000BA
:1076D00000000000000000000000000000000000AA
:1076E000000000000000000000000000000000009A
:1076F000000000000000000000000000000000008A
:107700000000000000000000000000000000000079
:107710000000000000000000000000000000000069
:107720000000000000000000000000000000000059
:107730000000000000000000000000000000000049
:107740000000000000000000000000000000000039
:107750000000000000000000000000000000000029
:107760000000000000000000000000000000000019
:107770000000000000000000000000000000000009
:1077800000000000000000000000000000000000F9
:107790000000000000000000C088FF1F4300000040
:1077A00000000000000000000000000000000000D9
:1077B0000000000000000000000000004300000086
:1077C00000000000000000000000000000000000B9
:1077D0000000000000000000000000004300000066
:1077E0000000000000000000000000000000000099
:1077F0000000000000000000000000004300000046
:107800000000000000000000000000000000000078
:107810000000000000000000000000004300000025
:107820000000000000000000000000000000000058
:107830000000000000000000000000004300000005
:107840000000000000000000000000000000000038
:1078500000000000000000000000000043000000E5
:107860000000000000000000000000000000000018
:107870000000000000000000000000000D360100C4
:107880005D18010000000000946F0100505D0100D0
:10789000A85C0100A85C0100A85C0100A85C0100D4
:1078A000A85C0100A85C0100A85C0100A85C0100C4
:1078B000A85C0100FFFFFFFFFFFFFFFFFFFFFFFFCF
:1078C000FFFF000001004153434949000000000050
:1078D00000000000000000000000000000000000A8
:1078E000000000000000415343494900000000002F
:1078F0000000000000000000000000000000000088
:107900000000000000000000000000000000000077
:10791000588EFF1F588EFF1F608EFF1F608EFF1F47
:10792000688EFF1F688EFF1F708EFF1F708EFF1FF7
:10793000788EFF1F788EFF1F808EFF1F808EFF1FA7
:10794000888EFF1F888EFF1F908EFF1F908EFF1F57
:10795000988EFF1F988EFF1FA08EFF1FA08EFF1F07
:10796000A88EFF1FA88EFF1FB08EFF1FB08EFF1FB7
:10797000B88EFF1FB88EFF1FC08EFF1FC08EFF1F67
:10798000C88EFF1FC88EFF1FD08EFF1FD08EFF1F17
:10799000D88EFF1FD88EFF1FE08EFF1FE08EFF1FC7
:1079A000E88EFF1FE88EFF1FF08EFF1FF08EFF1F77
:1079B000F88EFF1FF88EFF1F008FFF1F008FFF1F25
:1079C000088FFF1F088FFF1F108FFF1F108FFF1FD3
:1079D000188FFF1F188FFF1F208FFF1F208FFF1F83
:1079E000288FFF1F288FFF1F308FFF1F308FFF1F33
:1079F000388FFF1F388FFF1F408FFF1F408FFF1FE3
:107A0000488FFF1F488FFF1F508FFF1F508FFF1F92
:107A1000588FFF1F588FFF1F608FFF1F608FFF1F42
:107A2000688FFF1F688FFF1F708FFF1F708FFF1FF2
:107A3000788FFF1F788FFF1F808FFF1F808FFF1FA2
:107A4000888FFF1F888FFF1F908FFF1F908FFF1F52
:107A5000988FFF1F988FFF1FA08FFF1FA08FFF1F02
:107A6000A88FFF1FA88FFF1FB08FFF1FB08FFF1FB2
:107A7000B88FFF1FB88FFF1FC08FFF1FC08FFF1F62
:107A8000C88FFF1FC88FFF1FD08FFF1FD08FFF1F12
:107A9000D88FFF1FD88FFF1FE08FFF1FE08FFF1FC2
:107AA000E88FFF1FE88FFF1FF08FFF1FF08FFF1F72
:107AB000F88FFF1FF88FFF1F0090FF1F0090FF1F20
:107AC0000890FF1F0890FF1F1090FF1F1090FF1FCE
:107AD0001890FF1F1890FF1F2090FF1F2090FF1F7E
:107AE0002890FF1F2890FF1F3090FF1F3090FF1F2E
:107AF0003890FF1F3890FF1F4090FF1F4090FF1FDE
:107B00004890FF1F4890FF1F5090FF1F5090FF1F8D
:107B10005890FF1F5890FF1F6090FF1F6090FF1F3D
:107B20006890FF1F6890FF1F7090FF1F7090FF1FED
:107B30007890FF1F7890FF1F8090FF1F8090FF1F9D
:107B40008890FF1F8890FF1F9090FF1F9090FF1F4D
:107B50009890FF1F9890FF1FA090FF1FA090FF1FFD
:107B6000A890FF1FA890FF1FB090FF1FB090FF1FAD
:107B7000B890FF1FB890FF1FC090FF1FC090FF1F5D
:107B8000C890FF1FC890FF1FD090FF1FD090FF1F0D
:107B9000D890FF1FD890FF1FE090FF1FE090FF1FBD
:107BA000E890FF1FE890FF1FF090FF1FF090FF1F6D
:107BB000F890FF1FF890FF1F0091FF1F0091FF1F1B
:107BC0000891FF1F0891FF1F1091FF1F1091FF1FC9
:107BD0001891FF1F1891FF1F2091FF1F2091FF1F79
:107BE0002891FF1F2891FF1F3091FF1F3091FF1F29
:107BF0003891FF1F3891FF1F4091FF1F4091FF1FD9
:107C00004891FF1F4891FF1F5091FF1F5091FF1F88
:107C10005891FF1F5891FF1F6091FF1F6091FF1F38
:107C20006891FF1F6891FF1F7091FF1F7091FF1FE8
:107C30007891FF1F7891FF1F8091FF1F8091FF1F98
:107C40008891FF1F8891FF1F9091FF1F9091FF1F48
:107C50009891FF1F9891FF1FA091FF1FA091FF1FF8
:107C6000A891FF1FA891FF1FB091FF1FB091FF1FA8
:107C7000B891FF1FB891FF1FC091FF1FC091FF1F58
:107C8000C891FF1FC891FF1FD091FF1FD091FF1F08
:107C9000D891FF1FD891FF1FE091FF1FE091FF1FB8
:107CA000E891FF1FE891FF1FF091FF1FF091FF1F68
:107CB000F891FF1FF891FF1F0092FF1F0092FF1F16
:107CC0000892FF1F0892FF1F1092FF1F1092FF1FC4
:107CD0001892FF1F1892FF1F2092FF1F2092FF1F74
:107CE0002892FF1F2892FF1F3092FF1F3092FF1F24
:107CF0003892FF1F3892FF1F4092FF1F4092FF1FD4
:107D00004892FF1F4892FF1F5092FF1F5092FF1F83
:087D100000000200FFFFFFFF6D
:00000001FF
